dataset,sampling_method,k,sample_fraction,sample_size,mean_mape,std_mape
Apache,diversity,,0.1,19,0.14331675893444815,0.0
Apache,kmeans_default,5,0.1,19,0.19390354433098803,0.02543310807950951
Apache,kmeans_default,6,0.1,19,0.1916553870921153,0.031849939166706455
Apache,kmeans_default,7,0.1,19,0.19636057166847776,0.04828834260110839
Apache,kmeans_default,8,0.1,19,0.2205846388037765,0.06856743892753679
Apache,kmeans_default,9,0.1,19,0.21724624589230646,0.05681301230243037
Apache,kmeans_default,10,0.1,19,0.20276149921772257,0.04777865311855065
Apache,kmeans_default,11,0.1,19,0.20884956214811165,0.054540012764007884
Apache,kmeans_default,12,0.1,19,0.21774796590092474,0.04409373328297537
Apache,kmeans_default,13,0.1,19,0.20662506247428217,0.058489555864385916
Apache,kmeans_default,14,0.1,19,0.198330184182208,0.05343871603465986
Apache,kmeans_default,15,0.1,19,0.19525341502364718,0.03387659780852247
Apache,kmeans_default,16,0.1,19,0.22739431105067548,0.06471397803495718
Apache,kmeans_default,17,0.1,19,0.1992281095580806,0.03193457602405035
Apache,kmeans_default,18,0.1,19,0.18828551959884307,0.03211567411117706
Apache,kmeans_default,19,0.1,19,0.2161397060409114,0.05577048110814962
Apache,kmeans_hamming,5,0.1,19,0.1840240428134444,0.022512877920061968
Apache,kmeans_hamming,6,0.1,19,0.1854319837643842,0.02615901115649298
Apache,kmeans_hamming,7,0.1,19,0.18966272750521238,0.02356744999818054
Apache,kmeans_hamming,8,0.1,19,0.18181801339210396,0.027743647277309456
Apache,kmeans_hamming,9,0.1,19,0.18643975129028276,0.025208093284979735
Apache,kmeans_hamming,10,0.1,19,0.18257870812070606,0.01879502667812233
Apache,kmeans_hamming,11,0.1,19,0.1948486853551259,0.019791760863277916
Apache,kmeans_hamming,12,0.1,19,0.19626130634745162,0.026531637645545114
Apache,kmeans_hamming,13,0.1,19,0.20309518360808648,0.04016966780061537
Apache,kmeans_hamming,14,0.1,19,0.20100109835744745,0.027898978936883548
Apache,kmeans_hamming,15,0.1,19,0.1953527822025909,0.016460592919524373
Apache,kmeans_hamming,16,0.1,19,0.1954789306701462,0.019166266706176358
Apache,kmeans_hamming,17,0.1,19,0.1968277973245685,0.02410216067786538
Apache,kmeans_hamming,18,0.1,19,0.2076976112524241,0.025891379399375893
Apache,kmeans_hamming,19,0.1,19,0.21446351187771756,0.02792779553906306
Apache,kmeans_random,5,0.1,19,0.18337943099919832,0.021812004545373083
Apache,kmeans_random,6,0.1,19,0.18450950628064733,0.03365706826806452
Apache,kmeans_random,7,0.1,19,0.18346371482684326,0.026838027898957045
Apache,kmeans_random,8,0.1,19,0.19523513973429457,0.034037558814970406
Apache,kmeans_random,9,0.1,19,0.18456295206528658,0.028343971629348715
Apache,kmeans_random,10,0.1,19,0.18264199724301422,0.022549014504657877
Apache,kmeans_random,11,0.1,19,0.18194185041606623,0.022456852992128382
Apache,kmeans_random,12,0.1,19,0.1820846053697511,0.026337774160864417
Apache,kmeans_random,13,0.1,19,0.1782324882162725,0.017669617054410967
Apache,kmeans_random,14,0.1,19,0.18314340061576911,0.018921878391948067
Apache,kmeans_random,15,0.1,19,0.1798314673684209,0.022069760604378538
Apache,kmeans_random,16,0.1,19,0.18331962269058108,0.023499529240037755
Apache,kmeans_random,17,0.1,19,0.1772086418745471,0.021008311097189872
Apache,kmeans_random,18,0.1,19,0.17745034418815367,0.020962611931369595
Apache,kmeans_random,19,0.1,19,0.17974714837253114,0.018854456817786414
Apache,random,,0.1,19,0.17877063721502304,0.019254492440610144
Apache,diversity,,0.2,38,0.15775170444474074,0.0
Apache,kmeans_default,5,0.2,38,0.19404368818432166,0.04816417589214372
Apache,kmeans_default,6,0.2,38,0.1914767700609433,0.031233844028702714
Apache,kmeans_default,7,0.2,38,0.18309459179463017,0.02939975278464197
Apache,kmeans_default,8,0.2,38,0.18304170191332056,0.0350936930518162
Apache,kmeans_default,9,0.2,38,0.17688672224681345,0.03505900998861013
Apache,kmeans_default,10,0.2,38,0.17570147049353346,0.021069698065373475
Apache,kmeans_default,11,0.2,38,0.1810401322631039,0.03411334645391938
Apache,kmeans_default,12,0.2,38,0.17287400436485978,0.03260290168189912
Apache,kmeans_default,13,0.2,38,0.1673299003635605,0.020584447048249986
Apache,kmeans_default,14,0.2,38,0.1654715304819516,0.01674958283544598
Apache,kmeans_default,15,0.2,38,0.16746286135725771,0.0206784975986813
Apache,kmeans_default,16,0.2,38,0.168636063638536,0.028240397233424922
Apache,kmeans_default,17,0.2,38,0.16540728775752359,0.01470575854395208
Apache,kmeans_default,18,0.2,38,0.16746539630060076,0.021343688153050135
Apache,kmeans_default,19,0.2,38,0.1656028759695253,0.017606868274776914
Apache,kmeans_default,20,0.2,38,0.1602462349667041,0.013111119853357146
Apache,kmeans_hamming,5,0.2,38,0.15486345596271478,0.0083169879125949
Apache,kmeans_hamming,6,0.2,38,0.15947940613443748,0.009269831721418164
Apache,kmeans_hamming,7,0.2,38,0.15690088249682263,0.007177525647892671
Apache,kmeans_hamming,8,0.2,38,0.15893757894147598,0.007018949403219488
Apache,kmeans_hamming,9,0.2,38,0.1604335832542786,0.008056532161797192
Apache,kmeans_hamming,10,0.2,38,0.15819915896460043,0.007229547357916525
Apache,kmeans_hamming,11,0.2,38,0.15888493903556272,0.0074356127635583
Apache,kmeans_hamming,12,0.2,38,0.15868582864280603,0.008418036877894577
Apache,kmeans_hamming,13,0.2,38,0.16502878492038062,0.009628363299908948
Apache,kmeans_hamming,14,0.2,38,0.16054601551002368,0.008629022850579414
Apache,kmeans_hamming,15,0.2,38,0.16126061010148998,0.009684973315699612
Apache,kmeans_hamming,16,0.2,38,0.1638827186210322,0.011963641774045778
Apache,kmeans_hamming,17,0.2,38,0.1620593585897779,0.00881567320023283
Apache,kmeans_hamming,18,0.2,38,0.1632496045818161,0.009658335940531108
Apache,kmeans_hamming,19,0.2,38,0.16561586357252242,0.011661483823781035
Apache,kmeans_hamming,20,0.2,38,0.1648613926977827,0.011426382470305498
Apache,kmeans_random,5,0.2,38,0.1621294531334859,0.010540740731582282
Apache,kmeans_random,6,0.2,38,0.16297570743635917,0.011869572209773164
Apache,kmeans_random,7,0.2,38,0.15920316794120035,0.008889686647968268
Apache,kmeans_random,8,0.2,38,0.16568027309835318,0.01368507575743425
Apache,kmeans_random,9,0.2,38,0.15883014418648397,0.008424575056334135
Apache,kmeans_random,10,0.2,38,0.16112489108039532,0.009452166098314408
Apache,kmeans_random,11,0.2,38,0.1608645427903651,0.010175877257545296
Apache,kmeans_random,12,0.2,38,0.15761642516091415,0.006359798476636604
Apache,kmeans_random,13,0.2,38,0.1617121822390715,0.011350580363286566
Apache,kmeans_random,14,0.2,38,0.1621125683269943,0.009531366874549769
Apache,kmeans_random,15,0.2,38,0.16016975350810705,0.007562318047279501
Apache,kmeans_random,16,0.2,38,0.15938243777003613,0.010682408607210174
Apache,kmeans_random,17,0.2,38,0.1620609801404637,0.0077339246863677045
Apache,kmeans_random,18,0.2,38,0.16040432287149728,0.00970088720660917
Apache,kmeans_random,19,0.2,38,0.1621482715505142,0.0064875438329581436
Apache,kmeans_random,20,0.2,38,0.1629173202159475,0.011999989983926092
Apache,random,,0.2,38,0.16151562625427357,0.01026526184454264
Apache,diversity,,0.3,58,0.14727765089946945,0.0
Apache,kmeans_default,5,0.3,58,0.17633477266380954,0.02623627511909728
Apache,kmeans_default,6,0.3,58,0.16164064459124367,0.012679672978334219
Apache,kmeans_default,7,0.3,58,0.16398494052086682,0.01725538676714223
Apache,kmeans_default,8,0.3,58,0.16056743324453537,0.017046348755582686
Apache,kmeans_default,9,0.3,58,0.15745867480843598,0.012161243944517388
Apache,kmeans_default,10,0.3,58,0.15550302242217892,0.00828651456562088
Apache,kmeans_default,11,0.3,58,0.15670260922287893,0.012343564087685758
Apache,kmeans_default,12,0.3,58,0.15586500692040817,0.011771275701902216
Apache,kmeans_default,13,0.3,58,0.15368256297301794,0.008445697798932802
Apache,kmeans_default,14,0.3,58,0.157347241442951,0.01206277156222946
Apache,kmeans_default,15,0.3,58,0.15757418368365092,0.013386911645596002
Apache,kmeans_default,16,0.3,58,0.15495591633994318,0.008067147224562376
Apache,kmeans_default,17,0.3,58,0.1532041210427767,0.006726513350539544
Apache,kmeans_default,18,0.3,58,0.15584976968484524,0.009686852631653324
Apache,kmeans_default,19,0.3,58,0.15452338553927522,0.007113044232124806
Apache,kmeans_default,20,0.3,58,0.1514406663062826,0.006786349093801127
Apache,kmeans_hamming,5,0.3,58,0.15203236193432276,0.004892663316855019
Apache,kmeans_hamming,6,0.3,58,0.1517729044653988,0.004757890671865874
Apache,kmeans_hamming,7,0.3,58,0.15391224309363902,0.005152192576156717
Apache,kmeans_hamming,8,0.3,58,0.1543302086964669,0.006604182660703392
Apache,kmeans_hamming,9,0.3,58,0.15517162169456308,0.005327755571239755
Apache,kmeans_hamming,10,0.3,58,0.15506137145278132,0.006203669158494961
Apache,kmeans_hamming,11,0.3,58,0.15427867904501577,0.005669362028232073
Apache,kmeans_hamming,12,0.3,58,0.15519015487847954,0.00624726524023476
Apache,kmeans_hamming,13,0.3,58,0.15795395365767628,0.007210559006708388
Apache,kmeans_hamming,14,0.3,58,0.15441328278476713,0.005026734882511037
Apache,kmeans_hamming,15,0.3,58,0.1543930510439054,0.006081660538833432
Apache,kmeans_hamming,16,0.3,58,0.15621714116223231,0.005063900042158638
Apache,kmeans_hamming,17,0.3,58,0.15615195888641695,0.005894348577371985
Apache,kmeans_hamming,18,0.3,58,0.15919589475642565,0.007277057891795612
Apache,kmeans_hamming,19,0.3,58,0.15766901582368734,0.005995679501231059
Apache,kmeans_hamming,20,0.3,58,0.1571337929636998,0.005746259313838388
Apache,kmeans_random,5,0.3,58,0.16086558678471607,0.008452905477199771
Apache,kmeans_random,6,0.3,58,0.15746684337859193,0.008237774354880696
Apache,kmeans_random,7,0.3,58,0.15595294380485794,0.007715489178771059
Apache,kmeans_random,8,0.3,58,0.1603806233371596,0.008931689929870448
Apache,kmeans_random,9,0.3,58,0.15586952106711705,0.009021743855685336
Apache,kmeans_random,10,0.3,58,0.15674988071504461,0.008060273056935203
Apache,kmeans_random,11,0.3,58,0.15712824906882175,0.007076250651433362
Apache,kmeans_random,12,0.3,58,0.15774201388353123,0.006335691875958414
Apache,kmeans_random,13,0.3,58,0.15685379501907376,0.007513183563581644
Apache,kmeans_random,14,0.3,58,0.1579370393349463,0.007600540825671487
Apache,kmeans_random,15,0.3,58,0.15773553791842668,0.007517077591153568
Apache,kmeans_random,16,0.3,58,0.15669413083600292,0.008175569092131851
Apache,kmeans_random,17,0.3,58,0.15687264454343214,0.005947783540624777
Apache,kmeans_random,18,0.3,58,0.15692194623253786,0.0063952628548287855
Apache,kmeans_random,19,0.3,58,0.15704837067262184,0.005642270822524395
Apache,kmeans_random,20,0.3,58,0.1577015895969945,0.006503822691161933
Apache,random,,0.3,58,0.15777057619924664,0.006787622295207505
Apache,diversity,,0.4,77,0.14912695029175904,0.0
Apache,kmeans_default,5,0.4,77,0.1729914409864016,0.02596371368234736
Apache,kmeans_default,6,0.4,77,0.1544060312528081,0.01180812285148425
Apache,kmeans_default,7,0.4,77,0.1523999688878303,0.0046367066516882615
Apache,kmeans_default,8,0.4,77,0.15146233725054506,0.006818370212410673
Apache,kmeans_default,9,0.4,77,0.1514105310880291,0.006635834964376565
Apache,kmeans_default,10,0.4,77,0.150789315627225,0.0072699944394447715
Apache,kmeans_default,11,0.4,77,0.15137648257523512,0.008696855248351664
Apache,kmeans_default,12,0.4,77,0.1514357992084353,0.004784978707828654
Apache,kmeans_default,13,0.4,77,0.15160300615187527,0.006673232753411616
Apache,kmeans_default,14,0.4,77,0.15350432296722047,0.0068579180820616
Apache,kmeans_default,15,0.4,77,0.1511530617692898,0.006744917941836715
Apache,kmeans_default,16,0.4,77,0.15189405291477368,0.007048316636039896
Apache,kmeans_default,17,0.4,77,0.1527468811725205,0.005043863021917087
Apache,kmeans_default,18,0.4,77,0.15188515349409445,0.005011795011188391
Apache,kmeans_default,19,0.4,77,0.15114063750708276,0.006553253923437307
Apache,kmeans_default,20,0.4,77,0.15074062086417603,0.0060243294071505495
Apache,kmeans_hamming,5,0.4,77,0.15254335072421962,0.007060033791464989
Apache,kmeans_hamming,6,0.4,77,0.15077126703139207,0.005215006045714313
Apache,kmeans_hamming,7,0.4,77,0.15390183577994238,0.004364259457248308
Apache,kmeans_hamming,8,0.4,77,0.1532368413984598,0.006196730113745039
Apache,kmeans_hamming,9,0.4,77,0.15400600892383148,0.006562319505263084
Apache,kmeans_hamming,10,0.4,77,0.1532342052264702,0.004807460707255005
Apache,kmeans_hamming,11,0.4,77,0.152668737362133,0.00515547140601275
Apache,kmeans_hamming,12,0.4,77,0.15280652774910736,0.004538810797338746
Apache,kmeans_hamming,13,0.4,77,0.15514582536098864,0.005997757464396155
Apache,kmeans_hamming,14,0.4,77,0.15480758356873223,0.006143574089849765
Apache,kmeans_hamming,15,0.4,77,0.15415226452840716,0.006071641148266131
Apache,kmeans_hamming,16,0.4,77,0.15552803572662385,0.005422723548720197
Apache,kmeans_hamming,17,0.4,77,0.15529053741980697,0.004562465111069725
Apache,kmeans_hamming,18,0.4,77,0.15790795071284724,0.005654530741234881
Apache,kmeans_hamming,19,0.4,77,0.15526735821474782,0.005983448914591644
Apache,kmeans_hamming,20,0.4,77,0.15795977568931782,0.006283942226730803
Apache,kmeans_random,5,0.4,77,0.16074392183473835,0.010032250999018211
Apache,kmeans_random,6,0.4,77,0.15677669867138913,0.008037877397327926
Apache,kmeans_random,7,0.4,77,0.15703007488642132,0.0075288354582419255
Apache,kmeans_random,8,0.4,77,0.15691883295575612,0.007454952542260528
Apache,kmeans_random,9,0.4,77,0.15691064498938787,0.009571911672602363
Apache,kmeans_random,10,0.4,77,0.15498430530610238,0.0068577810173087676
Apache,kmeans_random,11,0.4,77,0.157339787742764,0.006372829483843788
Apache,kmeans_random,12,0.4,77,0.15757931874314146,0.006607528294462709
Apache,kmeans_random,13,0.4,77,0.1565781906098193,0.007344878160225595
Apache,kmeans_random,14,0.4,77,0.15822284618328805,0.007501835558985182
Apache,kmeans_random,15,0.4,77,0.156069907643153,0.00721441910677708
Apache,kmeans_random,16,0.4,77,0.15600834714944736,0.006760793594063701
Apache,kmeans_random,17,0.4,77,0.1590229216105454,0.007778181560833186
Apache,kmeans_random,18,0.4,77,0.15661372442540403,0.006755582940567989
Apache,kmeans_random,19,0.4,77,0.15436335966420614,0.006917237234970856
Apache,kmeans_random,20,0.4,77,0.1566202191033249,0.006746408503895632
Apache,random,,0.4,77,0.1559803548285986,0.008352650395181111
Apache,diversity,,0.5,96,0.1375130183282609,0.0
Apache,kmeans_default,5,0.5,96,0.16499674363751443,0.023795740798181537
Apache,kmeans_default,6,0.5,96,0.15197010153151264,0.007608736970915726
Apache,kmeans_default,7,0.5,96,0.14966750798098477,0.005763181452823395
Apache,kmeans_default,8,0.5,96,0.15052328859236902,0.006958937521618458
Apache,kmeans_default,9,0.5,96,0.14956395126431146,0.006031698694620952
Apache,kmeans_default,10,0.5,96,0.14827647805572328,0.005480737702927181
Apache,kmeans_default,11,0.5,96,0.14930846030466235,0.008232846421559152
Apache,kmeans_default,12,0.5,96,0.15144780686148027,0.007309067587023289
Apache,kmeans_default,13,0.5,96,0.14921969106384028,0.007000445438229006
Apache,kmeans_default,14,0.5,96,0.15169730389548663,0.0074215364076778935
Apache,kmeans_default,15,0.5,96,0.14876986707512946,0.005319770460031346
Apache,kmeans_default,16,0.5,96,0.14961977447050084,0.0060684060825598
Apache,kmeans_default,17,0.5,96,0.15254726828088216,0.0061546427980134245
Apache,kmeans_default,18,0.5,96,0.1498310044709503,0.005738145331109059
Apache,kmeans_default,19,0.5,96,0.14940476022487276,0.005973914844299844
Apache,kmeans_default,20,0.5,96,0.15172917487207055,0.006623632562503478
Apache,kmeans_hamming,5,0.5,96,0.15350522941063305,0.008769798754916439
Apache,kmeans_hamming,6,0.5,96,0.15129472472197553,0.006436149654381853
Apache,kmeans_hamming,7,0.5,96,0.15536896395936511,0.006256804107195289
Apache,kmeans_hamming,8,0.5,96,0.15392446739025215,0.007217624701514827
Apache,kmeans_hamming,9,0.5,96,0.15448615116275524,0.005145050340222691
Apache,kmeans_hamming,10,0.5,96,0.15392748426224886,0.006054686406709792
Apache,kmeans_hamming,11,0.5,96,0.15282291035251766,0.005641229214329098
Apache,kmeans_hamming,12,0.5,96,0.15444323986089875,0.006564588699287541
Apache,kmeans_hamming,13,0.5,96,0.15754446560021673,0.00688352703651416
Apache,kmeans_hamming,14,0.5,96,0.15684456695545715,0.0067696731093132715
Apache,kmeans_hamming,15,0.5,96,0.15524492361281847,0.006609772549399647
Apache,kmeans_hamming,16,0.5,96,0.1570492698349544,0.006987603546213893
Apache,kmeans_hamming,17,0.5,96,0.15864988389700949,0.004421453352514503
Apache,kmeans_hamming,18,0.5,96,0.1572194226600268,0.005914809348495489
Apache,kmeans_hamming,19,0.5,96,0.15475398394503173,0.006287828099004375
Apache,kmeans_hamming,20,0.5,96,0.15935913344161656,0.006275815604209138
Apache,kmeans_random,5,0.5,96,0.16025818550156787,0.012645955763929425
Apache,kmeans_random,6,0.5,96,0.15698552676916006,0.007153256808803701
Apache,kmeans_random,7,0.5,96,0.15742789599411536,0.0093333516839746
Apache,kmeans_random,8,0.5,96,0.15792114574704422,0.00820632650861852
Apache,kmeans_random,9,0.5,96,0.1547915314808244,0.009027878711948741
Apache,kmeans_random,10,0.5,96,0.1528926083457545,0.007570634709527314
Apache,kmeans_random,11,0.5,96,0.15565826576302985,0.0071979278325165
Apache,kmeans_random,12,0.5,96,0.15787213137662362,0.0060419602374277535
Apache,kmeans_random,13,0.5,96,0.15695818919340493,0.007117554720450526
Apache,kmeans_random,14,0.5,96,0.15848869834614784,0.00836132131319609
Apache,kmeans_random,15,0.5,96,0.15603651110747932,0.0075200782673223365
Apache,kmeans_random,16,0.5,96,0.15567000004627973,0.008706814166936798
Apache,kmeans_random,17,0.5,96,0.15838141582516638,0.009167478392416339
Apache,kmeans_random,18,0.5,96,0.15650846011329309,0.00912754375587872
Apache,kmeans_random,19,0.5,96,0.15512068565075623,0.008902599736845125
Apache,kmeans_random,20,0.5,96,0.15863236183277193,0.007843779216934535
Apache,random,,0.5,96,0.15800557858856493,0.008084053730295315
Apache,diversity,,0.6,115,0.1420863093329334,0.0
Apache,kmeans_default,5,0.6,115,0.1579724033050205,0.02176311927913342
Apache,kmeans_default,6,0.6,115,0.148989271441114,0.009492111930785025
Apache,kmeans_default,7,0.6,115,0.147811425145115,0.008550226297399289
Apache,kmeans_default,8,0.6,115,0.14894386756282504,0.009344107732858231
Apache,kmeans_default,9,0.6,115,0.14825066277135096,0.008838169310157764
Apache,kmeans_default,10,0.6,115,0.1460364830687745,0.006084335492203139
Apache,kmeans_default,11,0.6,115,0.1471269274187145,0.007684295711794463
Apache,kmeans_default,12,0.6,115,0.15039860539840844,0.007265418339392389
Apache,kmeans_default,13,0.6,115,0.14931522354376703,0.008402456574703624
Apache,kmeans_default,14,0.6,115,0.15047453530472416,0.00839462057751655
Apache,kmeans_default,15,0.6,115,0.147937657758857,0.005702479459281666
Apache,kmeans_default,16,0.6,115,0.14842048749482872,0.009327336645785018
Apache,kmeans_default,17,0.6,115,0.15236892865761173,0.00807587686082025
Apache,kmeans_default,18,0.6,115,0.14715149123611454,0.007426571515121257
Apache,kmeans_default,19,0.6,115,0.14682610226488593,0.008102829452495188
Apache,kmeans_default,20,0.6,115,0.15184893325215973,0.006684847494758313
Apache,kmeans_hamming,5,0.6,115,0.1591413771860206,0.014107571275342108
Apache,kmeans_hamming,6,0.6,115,0.1535411309879822,0.006739466729679605
Apache,kmeans_hamming,7,0.6,115,0.15700136339350804,0.008744254684950886
Apache,kmeans_hamming,8,0.6,115,0.15513919232917817,0.009828885354089122
Apache,kmeans_hamming,9,0.6,115,0.1561634582225926,0.006238088964478535
Apache,kmeans_hamming,10,0.6,115,0.1561556362887747,0.008286117394597956
Apache,kmeans_hamming,11,0.6,115,0.15399028845779877,0.0076502041687147495
Apache,kmeans_hamming,12,0.6,115,0.15691977687001907,0.008947813397989496
Apache,kmeans_hamming,13,0.6,115,0.15888804303663281,0.009559046009652215
Apache,kmeans_hamming,14,0.6,115,0.15844018274684685,0.007795531888495971
Apache,kmeans_hamming,15,0.6,115,0.15706595900334183,0.008525502601778374
Apache,kmeans_hamming,16,0.6,115,0.15676253627310643,0.009362905116509241
Apache,kmeans_hamming,17,0.6,115,0.16202380933633856,0.006651889181467717
Apache,kmeans_hamming,18,0.6,115,0.1570313857333368,0.007372476500702517
Apache,kmeans_hamming,19,0.6,115,0.15635578778823658,0.00845490820856458
Apache,kmeans_hamming,20,0.6,115,0.16092575746648047,0.006087737382750285
Apache,kmeans_random,5,0.6,115,0.1620452060091523,0.016941416553194037
Apache,kmeans_random,6,0.6,115,0.15457625297913327,0.008649601318456272
Apache,kmeans_random,7,0.6,115,0.1577038810011452,0.010724650801665606
Apache,kmeans_random,8,0.6,115,0.15847017517163747,0.011455579912591227
Apache,kmeans_random,9,0.6,115,0.15534811038185875,0.010528707592033438
Apache,kmeans_random,10,0.6,115,0.15190602936780553,0.008336315524423788
Apache,kmeans_random,11,0.6,115,0.1559602469479296,0.008206788435889652
Apache,kmeans_random,12,0.6,115,0.158016638400775,0.008782328177430986
Apache,kmeans_random,13,0.6,115,0.15875871715075687,0.008731148764007445
Apache,kmeans_random,14,0.6,115,0.16000748833012057,0.01013352143268951
Apache,kmeans_random,15,0.6,115,0.15717940184093773,0.007220817421805435
Apache,kmeans_random,16,0.6,115,0.1569599173801426,0.010108810984644721
Apache,kmeans_random,17,0.6,115,0.15891238811375966,0.009323491976811104
Apache,kmeans_random,18,0.6,115,0.15480487406160082,0.010016400906385848
Apache,kmeans_random,19,0.6,115,0.1559210154885957,0.009360135029556299
Apache,kmeans_random,20,0.6,115,0.1574649911193444,0.009902192719810717
Apache,random,,0.6,115,0.15497203311437674,0.01065708049630747
Apache,diversity,,0.7,134,0.1372563266529891,0.0
Apache,kmeans_default,5,0.7,134,0.15430708382577027,0.03179419193874596
Apache,kmeans_default,6,0.7,134,0.14576512163312358,0.012961097804949051
Apache,kmeans_default,7,0.7,134,0.14726139761556617,0.013776877597117617
Apache,kmeans_default,8,0.7,134,0.14716745853145408,0.012796391031665674
Apache,kmeans_default,9,0.7,134,0.14618086938816716,0.013280522471305416
Apache,kmeans_default,10,0.7,134,0.14287320788171626,0.006893418230573527
Apache,kmeans_default,11,0.7,134,0.1468233399550061,0.00896709229009488
Apache,kmeans_default,12,0.7,134,0.14618613976627667,0.009852265883111002
Apache,kmeans_default,13,0.7,134,0.14824222507635085,0.009584889447749963
Apache,kmeans_default,14,0.7,134,0.1469299723468561,0.010873820164321108
Apache,kmeans_default,15,0.7,134,0.14533604347770165,0.008097538606316016
Apache,kmeans_default,16,0.7,134,0.14912452076978272,0.011609214939557242
Apache,kmeans_default,17,0.7,134,0.15056654958392696,0.013781348600711356
Apache,kmeans_default,18,0.7,134,0.14495283932150446,0.009802671387966722
Apache,kmeans_default,19,0.7,134,0.1436760445275159,0.010638645688663927
Apache,kmeans_default,20,0.7,134,0.14954951260099364,0.010215259093277128
Apache,kmeans_hamming,5,0.7,134,0.16462265276824678,0.023482456312515932
Apache,kmeans_hamming,6,0.7,134,0.1526513151584355,0.009616038245799529
Apache,kmeans_hamming,7,0.7,134,0.15731819164458571,0.010996208959801908
Apache,kmeans_hamming,8,0.7,134,0.15569097622257805,0.012182844447534685
Apache,kmeans_hamming,9,0.7,134,0.15847437760252653,0.008855036764232585
Apache,kmeans_hamming,10,0.7,134,0.1562997948814613,0.01200118506824243
Apache,kmeans_hamming,11,0.7,134,0.15502104574263822,0.01129999654623121
Apache,kmeans_hamming,12,0.7,134,0.1591862935233942,0.012503397248951715
Apache,kmeans_hamming,13,0.7,134,0.16128800692747708,0.013496890204397111
Apache,kmeans_hamming,14,0.7,134,0.16134074196629763,0.011130982274297384
Apache,kmeans_hamming,15,0.7,134,0.16153060609870967,0.012456364249739631
Apache,kmeans_hamming,16,0.7,134,0.15927723785822953,0.011646589882706844
Apache,kmeans_hamming,17,0.7,134,0.1638044974590646,0.012449760103800752
Apache,kmeans_hamming,18,0.7,134,0.16038928365590088,0.011154885426069646
Apache,kmeans_hamming,19,0.7,134,0.1580996900717972,0.01250595046325066
Apache,kmeans_hamming,20,0.7,134,0.16341381351904094,0.009160377263598208
Apache,kmeans_random,5,0.7,134,0.16575130124344645,0.026493189336732233
Apache,kmeans_random,6,0.7,134,0.1543497293308465,0.009024987194642092
Apache,kmeans_random,7,0.7,134,0.15816208990483277,0.012984666933562077
Apache,kmeans_random,8,0.7,134,0.16006339903169262,0.013250714263403626
Apache,kmeans_random,9,0.7,134,0.1568032308394693,0.013392261864150072
Apache,kmeans_random,10,0.7,134,0.15290356224725124,0.009165128746707519
Apache,kmeans_random,11,0.7,134,0.15644798774648552,0.01086340742139744
Apache,kmeans_random,12,0.7,134,0.15972772947092825,0.011470259351717546
Apache,kmeans_random,13,0.7,134,0.15962873480659753,0.01105027800152724
Apache,kmeans_random,14,0.7,134,0.16248575607520957,0.013887204068277498
Apache,kmeans_random,15,0.7,134,0.15737107109373324,0.011448095803562042
Apache,kmeans_random,16,0.7,134,0.15951350551001905,0.01429285209380843
Apache,kmeans_random,17,0.7,134,0.1614485152447974,0.012726699310784274
Apache,kmeans_random,18,0.7,134,0.15498783087767412,0.012855284288886095
Apache,kmeans_random,19,0.7,134,0.1554159087367375,0.010806467143127019
Apache,kmeans_random,20,0.7,134,0.15814077161634418,0.011471583228649832
Apache,random,,0.7,134,0.15747895550520438,0.012003355084154382
Apache,diversity,,0.8,154,0.11869895324369244,0.0
Apache,kmeans_default,5,0.8,154,0.15907559879514813,0.049811377119765694
Apache,kmeans_default,6,0.8,154,0.1416330048649068,0.01872983727066289
Apache,kmeans_default,7,0.8,154,0.14273821264868713,0.01889363494069123
Apache,kmeans_default,8,0.8,154,0.1439642255779137,0.023501814969611207
Apache,kmeans_default,9,0.8,154,0.14596702147486143,0.02242831591247032
Apache,kmeans_default,10,0.8,154,0.13907703298632748,0.011092476623446507
Apache,kmeans_default,11,0.8,154,0.14414197195777842,0.012265895174384533
Apache,kmeans_default,12,0.8,154,0.14193489021161562,0.011371196358544024
Apache,kmeans_default,13,0.8,154,0.14540284036546872,0.014201832409318898
Apache,kmeans_default,14,0.8,154,0.14429993687576478,0.01904579816886916
Apache,kmeans_default,15,0.8,154,0.1423438743529775,0.011793187319289111
Apache,kmeans_default,16,0.8,154,0.14602662229838734,0.01353233694567859
Apache,kmeans_default,17,0.8,154,0.14591621226000606,0.019525108161609708
Apache,kmeans_default,18,0.8,154,0.1447873837394703,0.014963928190583878
Apache,kmeans_default,19,0.8,154,0.13806860161873954,0.015045401776534415
Apache,kmeans_default,20,0.8,154,0.14823479662268343,0.01644339613323622
Apache,kmeans_hamming,5,0.8,154,0.17398177931236025,0.04550614333969767
Apache,kmeans_hamming,6,0.8,154,0.15515089288868145,0.012578781533181505
Apache,kmeans_hamming,7,0.8,154,0.16139417804682388,0.018151504218544334
Apache,kmeans_hamming,8,0.8,154,0.1597046844355971,0.015963866551896376
Apache,kmeans_hamming,9,0.8,154,0.16314555238299147,0.015887308143447035
Apache,kmeans_hamming,10,0.8,154,0.16297800471337207,0.017277427325313073
Apache,kmeans_hamming,11,0.8,154,0.16006521402878096,0.015509885092404726
Apache,kmeans_hamming,12,0.8,154,0.16086834062029826,0.018392544784336846
Apache,kmeans_hamming,13,0.8,154,0.16636900502676363,0.020549744441186377
Apache,kmeans_hamming,14,0.8,154,0.16825925294597774,0.018102476881709524
Apache,kmeans_hamming,15,0.8,154,0.16445345937463618,0.01571958351180477
Apache,kmeans_hamming,16,0.8,154,0.16462586323849743,0.015736603967753712
Apache,kmeans_hamming,17,0.8,154,0.16814394480311326,0.018491470930711275
Apache,kmeans_hamming,18,0.8,154,0.16394959990798166,0.01684951541596761
Apache,kmeans_hamming,19,0.8,154,0.1591598456714289,0.017581548760032692
Apache,kmeans_hamming,20,0.8,154,0.1697767481515891,0.018498133498918528
Apache,kmeans_random,5,0.8,154,0.17415601894289703,0.048520668849568904
Apache,kmeans_random,6,0.8,154,0.15692389450574082,0.01430407521346061
Apache,kmeans_random,7,0.8,154,0.1630095565161259,0.0200502387869815
Apache,kmeans_random,8,0.8,154,0.1657041085019628,0.01692265326904774
Apache,kmeans_random,9,0.8,154,0.15958236195750794,0.017951687399077116
Apache,kmeans_random,10,0.8,154,0.15469479789553395,0.014740708744877064
Apache,kmeans_random,11,0.8,154,0.16052961111934042,0.017029059571894475
Apache,kmeans_random,12,0.8,154,0.16587387399883477,0.019534630945914067
Apache,kmeans_random,13,0.8,154,0.16244981480379161,0.015391013469901677
Apache,kmeans_random,14,0.8,154,0.17047475543186047,0.02103248660278719
Apache,kmeans_random,15,0.8,154,0.1611727620726739,0.01966179192238228
Apache,kmeans_random,16,0.8,154,0.16281018351543058,0.021982198103277475
Apache,kmeans_random,17,0.8,154,0.17089605229411753,0.02175451333961887
Apache,kmeans_random,18,0.8,154,0.15616870568717772,0.02012513944788724
Apache,kmeans_random,19,0.8,154,0.1511268445008803,0.014884303614388533
Apache,kmeans_random,20,0.8,154,0.16153741886346756,0.01694516122787643
Apache,random,,0.8,154,0.15008633281856917,0.017244371808007225
Apache,diversity,,0.9,173,0.13297767758207307,0.0
Apache,kmeans_default,5,0.9,173,0.1617657730401982,0.05721797638514317
Apache,kmeans_default,6,0.9,173,0.13694986525515004,0.035671592677371355
Apache,kmeans_default,7,0.9,173,0.13480684409246485,0.03298258570381265
Apache,kmeans_default,8,0.9,173,0.13748147871621844,0.03627578152512023
Apache,kmeans_default,9,0.9,173,0.14132862881127392,0.03290374587858151
Apache,kmeans_default,10,0.9,173,0.1323695754186959,0.0206228633660709
Apache,kmeans_default,11,0.9,173,0.13803403184386812,0.026468630871953197
Apache,kmeans_default,12,0.9,173,0.129589516857064,0.02073922419513902
Apache,kmeans_default,13,0.9,173,0.14148806246781828,0.026248028561983924
Apache,kmeans_default,14,0.9,173,0.13765273359699082,0.02447708645539406
Apache,kmeans_default,15,0.9,173,0.13277804632822143,0.017747327363498697
Apache,kmeans_default,16,0.9,173,0.13629095713087785,0.02494726642902902
Apache,kmeans_default,17,0.9,173,0.14325286218413383,0.030538392698259833
Apache,kmeans_default,18,0.9,173,0.13377408307340083,0.022483478773665282
Apache,kmeans_default,19,0.9,173,0.13244592804638497,0.023474062194783256
Apache,kmeans_default,20,0.9,173,0.14366370691368308,0.02470477027823131
Apache,kmeans_hamming,5,0.9,173,0.17437535470184024,0.0607279991914366
Apache,kmeans_hamming,6,0.9,173,0.16177811958145324,0.02673457918095096
Apache,kmeans_hamming,7,0.9,173,0.1655956165474176,0.030811290133645076
Apache,kmeans_hamming,8,0.9,173,0.16101405137032954,0.03178719308054175
Apache,kmeans_hamming,9,0.9,173,0.17218703549339037,0.03501786934913542
Apache,kmeans_hamming,10,0.9,173,0.1683006259601238,0.029919883818823708
Apache,kmeans_hamming,11,0.9,173,0.16469762561012344,0.03171498745040613
Apache,kmeans_hamming,12,0.9,173,0.17232984548541244,0.0307783295281837
Apache,kmeans_hamming,13,0.9,173,0.17668446917713496,0.032351814016057884
Apache,kmeans_hamming,14,0.9,173,0.1681527023478195,0.024403133466866598
Apache,kmeans_hamming,15,0.9,173,0.16939648953612116,0.024090203391301395
Apache,kmeans_hamming,16,0.9,173,0.17015719725296588,0.031160037762089962
Apache,kmeans_hamming,17,0.9,173,0.1754501339931311,0.03055499445613685
Apache,kmeans_hamming,18,0.9,173,0.16654700904373929,0.02709357341635964
Apache,kmeans_hamming,19,0.9,173,0.1598962985848173,0.029097148371184278
Apache,kmeans_hamming,20,0.9,173,0.1728198490080405,0.02844918719151656
Apache,kmeans_random,5,0.9,173,0.1742652023015385,0.06492929186019264
Apache,kmeans_random,6,0.9,173,0.15825896465170983,0.023025205636960467
Apache,kmeans_random,7,0.9,173,0.16830923379694307,0.03208175909633014
Apache,kmeans_random,8,0.9,173,0.1707356448472755,0.029383309571167658
Apache,kmeans_random,9,0.9,173,0.16639455257410596,0.03420907682334024
Apache,kmeans_random,10,0.9,173,0.159423929051942,0.022968826102591263
Apache,kmeans_random,11,0.9,173,0.16839433728548797,0.029796225316711847
Apache,kmeans_random,12,0.9,173,0.17212093387343821,0.0304876291960551
Apache,kmeans_random,13,0.9,173,0.16520646089790467,0.027691602651952214
Apache,kmeans_random,14,0.9,173,0.1732024236053597,0.028432600626814044
Apache,kmeans_random,15,0.9,173,0.16498287329940942,0.02480512703945108
Apache,kmeans_random,16,0.9,173,0.1647094659397155,0.035101983407376046
Apache,kmeans_random,17,0.9,173,0.17424049542237163,0.03638913592335589
Apache,kmeans_random,18,0.9,173,0.15924149324645628,0.03130336904772416
Apache,kmeans_random,19,0.9,173,0.15623934623959712,0.026121073786895828
Apache,kmeans_random,20,0.9,173,0.1738985121666435,0.03452197033867032
Apache,random,,0.9,173,0.14831886214195125,0.022721243906021742
Apache,diversity,,1.0,191,0.10556383507203146,0.0
Apache,kmeans_default,5,1.0,191,0.21414788832465298,0.1956286543466827
Apache,kmeans_default,6,1.0,191,0.16383723306608175,0.1674736311619364
Apache,kmeans_default,7,1.0,191,0.11420275877231231,0.12112416355047206
Apache,kmeans_default,8,1.0,191,0.13593502699617457,0.13782053018576107
Apache,kmeans_default,9,1.0,191,0.12362115740420676,0.09338415306082347
Apache,kmeans_default,10,1.0,191,0.10274736347685454,0.04879152926934328
Apache,kmeans_default,11,1.0,191,0.12857630318166544,0.12443812644573268
Apache,kmeans_default,12,1.0,191,0.091056459185152,0.03283025349668486
Apache,kmeans_default,13,1.0,191,0.09032835884835168,0.049764622608825276
Apache,kmeans_default,14,1.0,191,0.11076084466355506,0.047798004734244455
Apache,kmeans_default,15,1.0,191,0.10524848204627898,0.08604417469023616
Apache,kmeans_default,16,1.0,191,0.0959957200791882,0.045696885893031516
Apache,kmeans_default,17,1.0,191,0.08133303496460428,0.05404213016095547
Apache,kmeans_default,18,1.0,191,0.11332766940817275,0.05521761622127419
Apache,kmeans_default,19,1.0,191,0.11175879156159137,0.04871161830790574
Apache,kmeans_default,20,1.0,191,0.08740574959882434,0.053746958412745946
Apache,kmeans_hamming,5,1.0,191,0.15720796138495308,0.10491534781993928
Apache,kmeans_hamming,6,1.0,191,0.19072051341750898,0.10632331541980297
Apache,kmeans_hamming,7,1.0,191,0.16922343184022964,0.10294361124574909
Apache,kmeans_hamming,8,1.0,191,0.15957920766460437,0.09202564926244643
Apache,kmeans_hamming,9,1.0,191,0.18472462516428853,0.11233834915503282
Apache,kmeans_hamming,10,1.0,191,0.1609662588045848,0.11049490795414285
Apache,kmeans_hamming,11,1.0,191,0.18245923585897997,0.12346676003045608
Apache,kmeans_hamming,12,1.0,191,0.15912438355915526,0.11162989759868298
Apache,kmeans_hamming,13,1.0,191,0.20023202252994804,0.09741033494590075
Apache,kmeans_hamming,14,1.0,191,0.1844443287439584,0.12049403624726908
Apache,kmeans_hamming,15,1.0,191,0.17688731027153046,0.08509039107874693
Apache,kmeans_hamming,16,1.0,191,0.17326221437870098,0.11902956919951485
Apache,kmeans_hamming,17,1.0,191,0.18007728240936344,0.1293639813150471
Apache,kmeans_hamming,18,1.0,191,0.18039235627257044,0.10352082842537522
Apache,kmeans_hamming,19,1.0,191,0.1572767097265535,0.1168508687420451
Apache,kmeans_hamming,20,1.0,191,0.18263616555411813,0.09994473582545296
Apache,kmeans_random,5,1.0,191,0.18203995338453358,0.14259026116288676
Apache,kmeans_random,6,1.0,191,0.15314526138362425,0.11193531083728027
Apache,kmeans_random,7,1.0,191,0.1527112669019026,0.09356950493577648
Apache,kmeans_random,8,1.0,191,0.17931328856601464,0.12158254234749065
Apache,kmeans_random,9,1.0,191,0.15355473185380408,0.08530617185991282
Apache,kmeans_random,10,1.0,191,0.15581052763614955,0.11714149084888192
Apache,kmeans_random,11,1.0,191,0.166040330754193,0.11310845284397501
Apache,kmeans_random,12,1.0,191,0.17625004147486228,0.11871128486997806
Apache,kmeans_random,13,1.0,191,0.18099369696100664,0.12433424416347222
Apache,kmeans_random,14,1.0,191,0.20021066238634289,0.13389042249993902
Apache,kmeans_random,15,1.0,191,0.18165312336605044,0.09567978873384926
Apache,kmeans_random,16,1.0,191,0.15410790099050273,0.09820023545770386
Apache,kmeans_random,17,1.0,191,0.19532681345233124,0.11426526939675548
Apache,kmeans_random,18,1.0,191,0.17107411378210616,0.13081323030717382
Apache,kmeans_random,19,1.0,191,0.14987950892718965,0.10135329419055497
Apache,kmeans_random,20,1.0,191,0.17443882135305502,0.09030387268600112
Apache,random,,1.0,191,0.1899054241689673,0.12300943932782077
BDBC,diversity,,0.1,256,3.9293475129153896,0.0
BDBC,kmeans_default,5,0.1,256,2.2169242711055746,0.8059099520112103
BDBC,kmeans_default,6,0.1,256,2.189321025525281,0.8385023805199794
BDBC,kmeans_default,7,0.1,256,2.178901791644404,1.0516611133787528
BDBC,kmeans_default,8,0.1,256,1.9407600859187164,1.0322607240351735
BDBC,kmeans_default,9,0.1,256,1.857006126837662,0.9203720628387392
BDBC,kmeans_default,10,0.1,256,2.289845851580082,1.070517127593478
BDBC,kmeans_default,11,0.1,256,2.0630637345601333,0.9797954084738216
BDBC,kmeans_default,12,0.1,256,1.8968053776786655,0.7667301408002752
BDBC,kmeans_default,13,0.1,256,2.190712837047625,0.6593697327695361
BDBC,kmeans_default,14,0.1,256,2.2180977533665653,0.6012563969266165
BDBC,kmeans_default,15,0.1,256,1.8866682471844298,0.7284097113963844
BDBC,kmeans_default,16,0.1,256,1.9955733664483366,0.6989844770384644
BDBC,kmeans_default,17,0.1,256,1.7755746646505925,0.5193939789013043
BDBC,kmeans_default,18,0.1,256,1.7860005404995105,0.5350218448486251
BDBC,kmeans_default,19,0.1,256,1.666185107393571,0.3096480407756931
BDBC,kmeans_default,20,0.1,256,1.6426219954090509,0.12176105917313158
BDBC,kmeans_hamming,5,0.1,256,4.36080426733781,0.24054134255832987
BDBC,kmeans_hamming,6,0.1,256,4.313879802354953,0.2759878799485149
BDBC,kmeans_hamming,7,0.1,256,4.275564470750448,0.39589566123403025
BDBC,kmeans_hamming,8,0.1,256,4.352329790939917,0.37127166903073644
BDBC,kmeans_hamming,9,0.1,256,4.2530315909672085,0.31056101591098745
BDBC,kmeans_hamming,10,0.1,256,4.321247080075165,0.31602000914400774
BDBC,kmeans_hamming,11,0.1,256,4.312330983637533,0.3066331409480456
BDBC,kmeans_hamming,12,0.1,256,4.261776757085435,0.36539875916886777
BDBC,kmeans_hamming,13,0.1,256,4.327272711710438,0.23444683097011718
BDBC,kmeans_hamming,14,0.1,256,4.342129076199127,0.26408979435404956
BDBC,kmeans_hamming,15,0.1,256,4.310328359132868,0.22871221873483427
BDBC,kmeans_hamming,16,0.1,256,4.315993865549386,0.1680220182249263
BDBC,kmeans_hamming,17,0.1,256,4.280457564035845,0.18921755560119832
BDBC,kmeans_hamming,18,0.1,256,4.2712535343012075,0.1826398197236242
BDBC,kmeans_hamming,19,0.1,256,4.268342189783628,0.171241190432133
BDBC,kmeans_hamming,20,0.1,256,4.257600047350527,0.07169505156571285
BDBC,kmeans_random,5,0.1,256,4.333057357914162,0.3179338088923781
BDBC,kmeans_random,6,0.1,256,4.412707304797247,0.3677836956404038
BDBC,kmeans_random,7,0.1,256,4.495376821676109,0.49639044527005816
BDBC,kmeans_random,8,0.1,256,4.346366655877636,0.4708283638402654
BDBC,kmeans_random,9,0.1,256,4.33315768813417,0.44213884705594947
BDBC,kmeans_random,10,0.1,256,4.271841620824408,0.44039055907943697
BDBC,kmeans_random,11,0.1,256,4.40127913179478,0.386563343323629
BDBC,kmeans_random,12,0.1,256,4.274131179275376,0.39826190318179205
BDBC,kmeans_random,13,0.1,256,4.330710559007849,0.3657879401345648
BDBC,kmeans_random,14,0.1,256,4.372299301283927,0.4455449947084546
BDBC,kmeans_random,15,0.1,256,4.339585008833344,0.26124750356339804
BDBC,kmeans_random,16,0.1,256,4.284253181330524,0.2674228458866332
BDBC,kmeans_random,17,0.1,256,4.301712029689322,0.3202934309101675
BDBC,kmeans_random,18,0.1,256,4.300034867226413,0.2737756822164348
BDBC,kmeans_random,19,0.1,256,4.286275165149969,0.289824400323919
BDBC,kmeans_random,20,0.1,256,4.243799395362952,0.2485352516295359
BDBC,random,,0.1,256,4.2302939363259195,0.2829456584369068
BDBC,diversity,,0.2,512,5.141232165636564,0.0
BDBC,kmeans_default,5,0.2,512,2.8566132830530173,0.8100481871393228
BDBC,kmeans_default,6,0.2,512,2.8446616154120377,0.9314547523008609
BDBC,kmeans_default,7,0.2,512,2.8547059657418354,0.8977404725208856
BDBC,kmeans_default,8,0.2,512,2.9430230772749675,0.9866273767057723
BDBC,kmeans_default,9,0.2,512,2.901791007328275,1.0343413889493702
BDBC,kmeans_default,10,0.2,512,3.2149520822258846,1.0049442477194122
BDBC,kmeans_default,11,0.2,512,2.9596157984956752,0.6236265697985727
BDBC,kmeans_default,12,0.2,512,2.639992468022112,0.7466045068212092
BDBC,kmeans_default,13,0.2,512,2.8188836110545292,0.534160866666746
BDBC,kmeans_default,14,0.2,512,2.9047000144102766,0.609475093096118
BDBC,kmeans_default,15,0.2,512,2.6314418709282847,0.6048024994100724
BDBC,kmeans_default,16,0.2,512,2.591262943443096,0.601965706885779
BDBC,kmeans_default,17,0.2,512,2.505109524622055,0.421129529451493
BDBC,kmeans_default,18,0.2,512,2.582231009636284,0.4275864502868551
BDBC,kmeans_default,19,0.2,512,2.568597364893887,0.3012352700529124
BDBC,kmeans_default,20,0.2,512,2.4958895945469317,0.04368582262979096
BDBC,kmeans_hamming,5,0.2,512,4.421523436331473,0.3137383619392487
BDBC,kmeans_hamming,6,0.2,512,4.345720955300519,0.3311465051045857
BDBC,kmeans_hamming,7,0.2,512,4.33973703857642,0.3676879701308095
BDBC,kmeans_hamming,8,0.2,512,4.337119827987418,0.3279641108095595
BDBC,kmeans_hamming,9,0.2,512,4.299757124819352,0.3222334534487342
BDBC,kmeans_hamming,10,0.2,512,4.359249365872855,0.4298246675178132
BDBC,kmeans_hamming,11,0.2,512,4.304612068709927,0.27167082882005084
BDBC,kmeans_hamming,12,0.2,512,4.289505514967571,0.37366525728350375
BDBC,kmeans_hamming,13,0.2,512,4.343778138112442,0.27223257918908644
BDBC,kmeans_hamming,14,0.2,512,4.338402487029061,0.29065861913326646
BDBC,kmeans_hamming,15,0.2,512,4.2829599762041815,0.20874495827258524
BDBC,kmeans_hamming,16,0.2,512,4.286478920810717,0.23494433826263297
BDBC,kmeans_hamming,17,0.2,512,4.295934764180442,0.17569309709593964
BDBC,kmeans_hamming,18,0.2,512,4.307835268487795,0.20352702002444184
BDBC,kmeans_hamming,19,0.2,512,4.282352244466538,0.14444734244624022
BDBC,kmeans_hamming,20,0.2,512,4.303347999001267,0.10015354950757868
BDBC,kmeans_random,5,0.2,512,4.387115452272536,0.3378473195959929
BDBC,kmeans_random,6,0.2,512,4.336620469900541,0.3531253645655392
BDBC,kmeans_random,7,0.2,512,4.460444114114023,0.4148437001458069
BDBC,kmeans_random,8,0.2,512,4.368853569609603,0.44067920819069506
BDBC,kmeans_random,9,0.2,512,4.316180524209469,0.3422926756682832
BDBC,kmeans_random,10,0.2,512,4.308801391866852,0.40429326306363017
BDBC,kmeans_random,11,0.2,512,4.318214685433557,0.3448778261660844
BDBC,kmeans_random,12,0.2,512,4.302992152527222,0.4321882264019485
BDBC,kmeans_random,13,0.2,512,4.357604604961341,0.2709386477778683
BDBC,kmeans_random,14,0.2,512,4.411935230855614,0.42191179168828224
BDBC,kmeans_random,15,0.2,512,4.3337601072348635,0.24605267873794578
BDBC,kmeans_random,16,0.2,512,4.2897194896581,0.25674143912090186
BDBC,kmeans_random,17,0.2,512,4.279107209641371,0.24766687776089813
BDBC,kmeans_random,18,0.2,512,4.282955959761421,0.20986717928592985
BDBC,kmeans_random,19,0.2,512,4.293697500097584,0.2230601771703072
BDBC,kmeans_random,20,0.2,512,4.345085583220798,0.2103260292733823
BDBC,random,,0.2,512,4.24586447153686,0.2024823065527693
BDBC,diversity,,0.3,768,4.250084340888054,0.0
BDBC,kmeans_default,5,0.3,768,3.5457647218174864,0.9744336601416872
BDBC,kmeans_default,6,0.3,768,3.7471464376638033,1.0981159148551882
BDBC,kmeans_default,7,0.3,768,3.6316177958229305,0.9890157529511256
BDBC,kmeans_default,8,0.3,768,3.8007866201817406,0.8587708629088759
BDBC,kmeans_default,9,0.3,768,3.446525556236679,0.6352070857708928
BDBC,kmeans_default,10,0.3,768,3.561727414826881,0.9495312039256646
BDBC,kmeans_default,11,0.3,768,3.456073733050634,0.582309216784841
BDBC,kmeans_default,12,0.3,768,3.3332573066922646,0.895066634887538
BDBC,kmeans_default,13,0.3,768,3.4089693243953096,0.5564875328940724
BDBC,kmeans_default,14,0.3,768,3.5610391922652225,0.6264974035161912
BDBC,kmeans_default,15,0.3,768,3.2188800016053087,0.531810853531744
BDBC,kmeans_default,16,0.3,768,3.1404120227058576,0.4187183315643548
BDBC,kmeans_default,17,0.3,768,2.8896157740900508,0.4101470765043183
BDBC,kmeans_default,18,0.3,768,2.903284077687753,0.37136624167262067
BDBC,kmeans_default,19,0.3,768,2.7527784203268815,0.2669137075379633
BDBC,kmeans_default,20,0.3,768,2.6101267974261044,0.051819110414109616
BDBC,kmeans_hamming,5,0.3,768,4.41787500790103,0.2611114990471756
BDBC,kmeans_hamming,6,0.3,768,4.371290662259089,0.32402082825612777
BDBC,kmeans_hamming,7,0.3,768,4.397949764326289,0.39015185988852535
BDBC,kmeans_hamming,8,0.3,768,4.398808414867726,0.3857408483225498
BDBC,kmeans_hamming,9,0.3,768,4.3271084328056055,0.3306501482576543
BDBC,kmeans_hamming,10,0.3,768,4.3642314003476885,0.40130976734749796
BDBC,kmeans_hamming,11,0.3,768,4.357760328554767,0.25601361915051163
BDBC,kmeans_hamming,12,0.3,768,4.2877013621535705,0.35788615980015837
BDBC,kmeans_hamming,13,0.3,768,4.342726728806958,0.2891753964367931
BDBC,kmeans_hamming,14,0.3,768,4.371326612122447,0.3259293013537926
BDBC,kmeans_hamming,15,0.3,768,4.309668673354856,0.2042386041819558
BDBC,kmeans_hamming,16,0.3,768,4.322098357221944,0.2414820489222076
BDBC,kmeans_hamming,17,0.3,768,4.307746202469698,0.19557991028592758
BDBC,kmeans_hamming,18,0.3,768,4.312428530733054,0.2088241181946037
BDBC,kmeans_hamming,19,0.3,768,4.303660502348645,0.17145209142398832
BDBC,kmeans_hamming,20,0.3,768,4.273991319403955,0.13285220252307783
BDBC,kmeans_random,5,0.3,768,4.37665205940023,0.3138554213830491
BDBC,kmeans_random,6,0.3,768,4.334864859835029,0.34385540855980845
BDBC,kmeans_random,7,0.3,768,4.450061214873332,0.4123581912179561
BDBC,kmeans_random,8,0.3,768,4.399348805634792,0.4684392916981074
BDBC,kmeans_random,9,0.3,768,4.321158595309622,0.31113520731698124
BDBC,kmeans_random,10,0.3,768,4.34322852743363,0.40270213400456456
BDBC,kmeans_random,11,0.3,768,4.36546067691612,0.3051223686190818
BDBC,kmeans_random,12,0.3,768,4.3054784791654725,0.3890550421010388
BDBC,kmeans_random,13,0.3,768,4.364362514306566,0.27967817549883156
BDBC,kmeans_random,14,0.3,768,4.405047456310556,0.4171964691415767
BDBC,kmeans_random,15,0.3,768,4.297217642999437,0.20145033311110683
BDBC,kmeans_random,16,0.3,768,4.261396921766794,0.26402034055657886
BDBC,kmeans_random,17,0.3,768,4.281293372426347,0.20679441975683183
BDBC,kmeans_random,18,0.3,768,4.316217781403652,0.20771090324591296
BDBC,kmeans_random,19,0.3,768,4.296496175847567,0.23556384587896328
BDBC,kmeans_random,20,0.3,768,4.374885451514112,0.1793494759688355
BDBC,random,,0.3,768,4.337179597470467,0.1729472553405658
BDBC,diversity,,0.4,1024,4.32745589954424,0.0
BDBC,kmeans_default,5,0.4,1024,4.441936533692073,1.1103927461935714
BDBC,kmeans_default,6,0.4,1024,4.6980402978317075,0.9623669501840071
BDBC,kmeans_default,7,0.4,1024,4.402517684429223,1.1117349738249802
BDBC,kmeans_default,8,0.4,1024,4.5764253559339725,0.8882909686851471
BDBC,kmeans_default,9,0.4,1024,4.127915944592223,0.7241673543802817
BDBC,kmeans_default,10,0.4,1024,4.124575391798799,1.0216241896421683
BDBC,kmeans_default,11,0.4,1024,3.9824800552590123,0.559259820292018
BDBC,kmeans_default,12,0.4,1024,3.6453344444729368,0.5384747406067796
BDBC,kmeans_default,13,0.4,1024,3.7121051309492157,0.626022787930684
BDBC,kmeans_default,14,0.4,1024,3.7588634079228114,0.5926280831846807
BDBC,kmeans_default,15,0.4,1024,3.5147323083182167,0.5341597295594565
BDBC,kmeans_default,16,0.4,1024,3.598178957536745,0.45097929101359546
BDBC,kmeans_default,17,0.4,1024,3.310467329946012,0.43500175662927937
BDBC,kmeans_default,18,0.4,1024,3.31243984182864,0.414921062640787
BDBC,kmeans_default,19,0.4,1024,3.121867659493721,0.27238973518982673
BDBC,kmeans_default,20,0.4,1024,2.968283894001032,0.07574547269733962
BDBC,kmeans_hamming,5,0.4,1024,4.3963327911137355,0.24151214987835998
BDBC,kmeans_hamming,6,0.4,1024,4.330940691760224,0.22184452807470498
BDBC,kmeans_hamming,7,0.4,1024,4.338286851275528,0.38292608897853714
BDBC,kmeans_hamming,8,0.4,1024,4.414519227746173,0.4811900744663081
BDBC,kmeans_hamming,9,0.4,1024,4.347286894135182,0.3356913200642579
BDBC,kmeans_hamming,10,0.4,1024,4.371294078390881,0.454576875700687
BDBC,kmeans_hamming,11,0.4,1024,4.368877283932727,0.32443203463383885
BDBC,kmeans_hamming,12,0.4,1024,4.267578593409291,0.3453330847312571
BDBC,kmeans_hamming,13,0.4,1024,4.316096274529715,0.2999404728202204
BDBC,kmeans_hamming,14,0.4,1024,4.397832081885488,0.3611442090092677
BDBC,kmeans_hamming,15,0.4,1024,4.271561283841779,0.2395231572925936
BDBC,kmeans_hamming,16,0.4,1024,4.352301729410972,0.26654844557958374
BDBC,kmeans_hamming,17,0.4,1024,4.284668458999433,0.23270256123164335
BDBC,kmeans_hamming,18,0.4,1024,4.308976719216146,0.22687594147587728
BDBC,kmeans_hamming,19,0.4,1024,4.299763801631888,0.18658454533604843
BDBC,kmeans_hamming,20,0.4,1024,4.3040170955670485,0.12266354698230031
BDBC,kmeans_random,5,0.4,1024,4.3777705387876615,0.28114036384673824
BDBC,kmeans_random,6,0.4,1024,4.3236623111280945,0.2257503069934464
BDBC,kmeans_random,7,0.4,1024,4.4264147000540754,0.43768026783178415
BDBC,kmeans_random,8,0.4,1024,4.4485587046600745,0.5317652465044778
BDBC,kmeans_random,9,0.4,1024,4.296663004159064,0.331426369948036
BDBC,kmeans_random,10,0.4,1024,4.37153240053119,0.46913368344969103
BDBC,kmeans_random,11,0.4,1024,4.415585799649082,0.32808772479550585
BDBC,kmeans_random,12,0.4,1024,4.325608131059105,0.38144149015618073
BDBC,kmeans_random,13,0.4,1024,4.382076753048053,0.32307043943435
BDBC,kmeans_random,14,0.4,1024,4.461746370102434,0.43962327928230555
BDBC,kmeans_random,15,0.4,1024,4.316345285248717,0.22133854774429093
BDBC,kmeans_random,16,0.4,1024,4.302241837466123,0.3133804212611544
BDBC,kmeans_random,17,0.4,1024,4.264938878557566,0.23568693342884733
BDBC,kmeans_random,18,0.4,1024,4.294747673593286,0.2216923987213671
BDBC,kmeans_random,19,0.4,1024,4.293776800313084,0.25456220465991986
BDBC,kmeans_random,20,0.4,1024,4.356287933891352,0.14755815715490253
BDBC,random,,0.4,1024,4.242521984894582,0.1704978135558165
BDBC,diversity,,0.5,1280,4.795385492629803,0.0
BDBC,kmeans_default,5,0.5,1280,5.765865815740428,1.2139328161097696
BDBC,kmeans_default,6,0.5,1280,5.289005069788583,1.0091899662968828
BDBC,kmeans_default,7,0.5,1280,5.36580943348102,1.1909079825859739
BDBC,kmeans_default,8,0.5,1280,4.873125984143528,0.9431112553083495
BDBC,kmeans_default,9,0.5,1280,4.4559992057827404,0.9294225825344001
BDBC,kmeans_default,10,0.5,1280,4.967471135083423,1.054721409345246
BDBC,kmeans_default,11,0.5,1280,4.505810997376126,0.5522750923305044
BDBC,kmeans_default,12,0.5,1280,4.079119959136132,0.5686871340332739
BDBC,kmeans_default,13,0.5,1280,4.2364612719912715,0.7174107565019863
BDBC,kmeans_default,14,0.5,1280,4.127980206504862,0.5324567762844848
BDBC,kmeans_default,15,0.5,1280,3.6914209228220622,0.5579982473797729
BDBC,kmeans_default,16,0.5,1280,3.547895402950306,0.4294768255700894
BDBC,kmeans_default,17,0.5,1280,3.3107127731582873,0.39427407040720036
BDBC,kmeans_default,18,0.5,1280,3.3682631395065816,0.4518208003154333
BDBC,kmeans_default,19,0.5,1280,3.2534708379233788,0.2712042057251783
BDBC,kmeans_default,20,0.5,1280,3.2606316047504906,0.1095555351648427
BDBC,kmeans_hamming,5,0.5,1280,4.410939608903042,0.24482795297339796
BDBC,kmeans_hamming,6,0.5,1280,4.31840896905049,0.18075453046575418
BDBC,kmeans_hamming,7,0.5,1280,4.311669930339795,0.39219146307080416
BDBC,kmeans_hamming,8,0.5,1280,4.4096469386804795,0.48769316420310865
BDBC,kmeans_hamming,9,0.5,1280,4.357334541703933,0.35383162469822177
BDBC,kmeans_hamming,10,0.5,1280,4.413631392737119,0.5110569505729535
BDBC,kmeans_hamming,11,0.5,1280,4.40955642783207,0.3907279926365115
BDBC,kmeans_hamming,12,0.5,1280,4.258738435209931,0.42505124576411574
BDBC,kmeans_hamming,13,0.5,1280,4.358058825110395,0.31330466537505147
BDBC,kmeans_hamming,14,0.5,1280,4.430064169990554,0.4075764107774559
BDBC,kmeans_hamming,15,0.5,1280,4.2439665974994805,0.3071916237182147
BDBC,kmeans_hamming,16,0.5,1280,4.378986389189791,0.2977050342583509
BDBC,kmeans_hamming,17,0.5,1280,4.300066461866289,0.24133907940710012
BDBC,kmeans_hamming,18,0.5,1280,4.314129412240637,0.2261619179633231
BDBC,kmeans_hamming,19,0.5,1280,4.311690890967446,0.22381979369745822
BDBC,kmeans_hamming,20,0.5,1280,4.297921915041888,0.13432860617151862
BDBC,kmeans_random,5,0.5,1280,4.388344235474202,0.2949728563244
BDBC,kmeans_random,6,0.5,1280,4.3154452639872725,0.2128320574519824
BDBC,kmeans_random,7,0.5,1280,4.409896842006535,0.4024813721737629
BDBC,kmeans_random,8,0.5,1280,4.426821949235743,0.5116459469028012
BDBC,kmeans_random,9,0.5,1280,4.311111329825719,0.3730498551420471
BDBC,kmeans_random,10,0.5,1280,4.376307202277579,0.5262303779337483
BDBC,kmeans_random,11,0.5,1280,4.416633454838884,0.3721837886722036
BDBC,kmeans_random,12,0.5,1280,4.317592260673793,0.4474105468085673
BDBC,kmeans_random,13,0.5,1280,4.387684250350589,0.3985261528825997
BDBC,kmeans_random,14,0.5,1280,4.447526531566859,0.4759183385565161
BDBC,kmeans_random,15,0.5,1280,4.29800474924429,0.2525743142952677
BDBC,kmeans_random,16,0.5,1280,4.320434021516149,0.3523285602105008
BDBC,kmeans_random,17,0.5,1280,4.296905381955937,0.28531007558965693
BDBC,kmeans_random,18,0.5,1280,4.3181520506900055,0.2683108078742764
BDBC,kmeans_random,19,0.5,1280,4.296310568955121,0.2313525065572894
BDBC,kmeans_random,20,0.5,1280,4.32033309780966,0.1735692737909696
BDBC,random,,0.5,1280,4.317038357292607,0.1911719336281081
BDBC,diversity,,0.6,1536,5.657911034235232,0.0
BDBC,kmeans_default,5,0.6,1536,6.34612690025736,1.0711664224724486
BDBC,kmeans_default,6,0.6,1536,5.824941284272979,0.7552532113853908
BDBC,kmeans_default,7,0.6,1536,5.748672705184999,1.2097689569763788
BDBC,kmeans_default,8,0.6,1536,5.401592759673411,1.2261062283007036
BDBC,kmeans_default,9,0.6,1536,4.810305770298518,1.142499659989691
BDBC,kmeans_default,10,0.6,1536,4.7609834627420335,0.9436746950444124
BDBC,kmeans_default,11,0.6,1536,4.596246247654935,0.7745058860339747
BDBC,kmeans_default,12,0.6,1536,4.70481774704242,0.6970897640078004
BDBC,kmeans_default,13,0.6,1536,4.847178196703149,0.8963230378582552
BDBC,kmeans_default,14,0.6,1536,4.495499993472717,0.6622919917881862
BDBC,kmeans_default,15,0.6,1536,3.9744200864446113,0.6347655556714492
BDBC,kmeans_default,16,0.6,1536,4.033101853493077,0.4799632311697282
BDBC,kmeans_default,17,0.6,1536,3.6906226394050847,0.4412811053984658
BDBC,kmeans_default,18,0.6,1536,3.5492410824540945,0.4771090604736507
BDBC,kmeans_default,19,0.6,1536,3.2282272001674075,0.3290554057752353
BDBC,kmeans_default,20,0.6,1536,2.9865902703979006,0.08975927461474371
BDBC,kmeans_hamming,5,0.6,1536,4.438367607190842,0.25129919814297547
BDBC,kmeans_hamming,6,0.6,1536,4.319198368264298,0.18429424925291824
BDBC,kmeans_hamming,7,0.6,1536,4.277329931888789,0.4089233812499743
BDBC,kmeans_hamming,8,0.6,1536,4.404532081326607,0.5182385627973763
BDBC,kmeans_hamming,9,0.6,1536,4.381489833266257,0.38139129525038235
BDBC,kmeans_hamming,10,0.6,1536,4.422831521215312,0.49063733991321007
BDBC,kmeans_hamming,11,0.6,1536,4.40428365022077,0.4501742430066879
BDBC,kmeans_hamming,12,0.6,1536,4.252626040499594,0.5136603916826346
BDBC,kmeans_hamming,13,0.6,1536,4.383657349520996,0.4168640151746297
BDBC,kmeans_hamming,14,0.6,1536,4.488639802510959,0.48596806926461517
BDBC,kmeans_hamming,15,0.6,1536,4.210502663182056,0.33285955779718995
BDBC,kmeans_hamming,16,0.6,1536,4.3774460648492015,0.3910927370177559
BDBC,kmeans_hamming,17,0.6,1536,4.321966580127074,0.3374224111475753
BDBC,kmeans_hamming,18,0.6,1536,4.310576505632623,0.286902051704077
BDBC,kmeans_hamming,19,0.6,1536,4.294666724013495,0.283369074712371
BDBC,kmeans_hamming,20,0.6,1536,4.322164206534612,0.1325386643434329
BDBC,kmeans_random,5,0.6,1536,4.373096125170108,0.26001100312597614
BDBC,kmeans_random,6,0.6,1536,4.297888820178756,0.23017919440573678
BDBC,kmeans_random,7,0.6,1536,4.349317423945278,0.40885329459791653
BDBC,kmeans_random,8,0.6,1536,4.398618203009929,0.5515962032716469
BDBC,kmeans_random,9,0.6,1536,4.329264473263265,0.40920783851521586
BDBC,kmeans_random,10,0.6,1536,4.392435881881757,0.4690324724353267
BDBC,kmeans_random,11,0.6,1536,4.4040914269687885,0.4013854362642434
BDBC,kmeans_random,12,0.6,1536,4.26756667322495,0.5233607495351664
BDBC,kmeans_random,13,0.6,1536,4.4004969579250135,0.46298493564852267
BDBC,kmeans_random,14,0.6,1536,4.455809071045544,0.5325552091442463
BDBC,kmeans_random,15,0.6,1536,4.316170164400922,0.31841249710092
BDBC,kmeans_random,16,0.6,1536,4.330960001996478,0.4391124789368826
BDBC,kmeans_random,17,0.6,1536,4.317453850604096,0.3341886221876864
BDBC,kmeans_random,18,0.6,1536,4.324873674634274,0.34001439891755897
BDBC,kmeans_random,19,0.6,1536,4.293528868083794,0.24038560781291016
BDBC,kmeans_random,20,0.6,1536,4.3107199508818805,0.16326488244452678
BDBC,random,,0.6,1536,4.28768969296779,0.18506064637759492
BDBC,diversity,,0.7,1792,7.005714680416283,0.0
BDBC,kmeans_default,5,0.7,1792,6.902300738869479,0.9600803451965885
BDBC,kmeans_default,6,0.7,1792,5.67850161943245,0.8482246188934619
BDBC,kmeans_default,7,0.7,1792,5.856177047191357,1.072441696423839
BDBC,kmeans_default,8,0.7,1792,5.761342914247114,1.3784395458478096
BDBC,kmeans_default,9,0.7,1792,5.2653250117315915,1.46993335108538
BDBC,kmeans_default,10,0.7,1792,5.009621208367855,1.044786230849989
BDBC,kmeans_default,11,0.7,1792,4.721941989147003,1.1966161552671304
BDBC,kmeans_default,12,0.7,1792,4.532646405105638,0.685110227886063
BDBC,kmeans_default,13,0.7,1792,4.9378141012245145,0.9128181918217734
BDBC,kmeans_default,14,0.7,1792,5.205822013856294,0.9169370696084969
BDBC,kmeans_default,15,0.7,1792,4.587555737311216,0.8005030382682833
BDBC,kmeans_default,16,0.7,1792,4.402669351641409,0.6427517296290948
BDBC,kmeans_default,17,0.7,1792,3.8942869673392346,0.5359054296848779
BDBC,kmeans_default,18,0.7,1792,3.819477796277745,0.547663050266492
BDBC,kmeans_default,19,0.7,1792,3.488217258079112,0.3824961540240474
BDBC,kmeans_default,20,0.7,1792,3.251415327409246,0.09407613850114113
BDBC,kmeans_hamming,5,0.7,1792,4.398521969106683,0.29196931690205724
BDBC,kmeans_hamming,6,0.7,1792,4.284717058580987,0.2140938114869169
BDBC,kmeans_hamming,7,0.7,1792,4.26398037046906,0.4763536451138139
BDBC,kmeans_hamming,8,0.7,1792,4.454407487164436,0.6212301638503934
BDBC,kmeans_hamming,9,0.7,1792,4.396885739804566,0.4810747643435424
BDBC,kmeans_hamming,10,0.7,1792,4.434163518389396,0.5329338120335461
BDBC,kmeans_hamming,11,0.7,1792,4.390178353618561,0.501981386592422
BDBC,kmeans_hamming,12,0.7,1792,4.239432646903505,0.4441062306609218
BDBC,kmeans_hamming,13,0.7,1792,4.41182497834967,0.512671202940784
BDBC,kmeans_hamming,14,0.7,1792,4.497240101207116,0.6367795456066104
BDBC,kmeans_hamming,15,0.7,1792,4.206630327047376,0.47271316511811323
BDBC,kmeans_hamming,16,0.7,1792,4.410734058635794,0.48229888412822647
BDBC,kmeans_hamming,17,0.7,1792,4.349940336380816,0.44613333876038513
BDBC,kmeans_hamming,18,0.7,1792,4.367311508331969,0.40007446213633446
BDBC,kmeans_hamming,19,0.7,1792,4.302083014773792,0.31666375721286394
BDBC,kmeans_hamming,20,0.7,1792,4.3185773749011025,0.1252997185131548
BDBC,kmeans_random,5,0.7,1792,4.39245047000627,0.26887345685185615
BDBC,kmeans_random,6,0.7,1792,4.28004904703466,0.26363198146697836
BDBC,kmeans_random,7,0.7,1792,4.328626886693313,0.4687242444178838
BDBC,kmeans_random,8,0.7,1792,4.40252198990299,0.6313860767790967
BDBC,kmeans_random,9,0.7,1792,4.345198979607239,0.5078776583206039
BDBC,kmeans_random,10,0.7,1792,4.393550801876204,0.4965504850466371
BDBC,kmeans_random,11,0.7,1792,4.369878520211793,0.4555157544454438
BDBC,kmeans_random,12,0.7,1792,4.222164418309405,0.446226063941834
BDBC,kmeans_random,13,0.7,1792,4.413795936587155,0.5057222344040655
BDBC,kmeans_random,14,0.7,1792,4.493638641908095,0.6950874798778862
BDBC,kmeans_random,15,0.7,1792,4.291642447652688,0.39986549312847963
BDBC,kmeans_random,16,0.7,1792,4.378406748812338,0.5576912445694198
BDBC,kmeans_random,17,0.7,1792,4.319482682834414,0.45823043209080977
BDBC,kmeans_random,18,0.7,1792,4.319453580703369,0.43538669475247865
BDBC,kmeans_random,19,0.7,1792,4.262814580806213,0.3225336125378309
BDBC,kmeans_random,20,0.7,1792,4.332813054334847,0.1723071524715011
BDBC,random,,0.7,1792,4.319184961887785,0.15779025274544542
BDBC,diversity,,0.8,2048,7.975902761771723,0.0
BDBC,kmeans_default,5,0.8,2048,6.786976095777819,0.816749839634832
BDBC,kmeans_default,6,0.8,2048,5.995599900608559,1.1590737840308425
BDBC,kmeans_default,7,0.8,2048,5.794324252334679,1.165580748303995
BDBC,kmeans_default,8,0.8,2048,5.392122461498043,1.112288683533063
BDBC,kmeans_default,9,0.8,2048,5.33274922170138,1.514816929599984
BDBC,kmeans_default,10,0.8,2048,5.339120007593098,1.0866615872174712
BDBC,kmeans_default,11,0.8,2048,5.180880256262784,1.3022707904967068
BDBC,kmeans_default,12,0.8,2048,4.743666020188169,0.9031269389801375
BDBC,kmeans_default,13,0.8,2048,4.864164022112165,0.9248273608481801
BDBC,kmeans_default,14,0.8,2048,4.813297694032792,1.1943150085289982
BDBC,kmeans_default,15,0.8,2048,4.503387716057149,0.9287722489544348
BDBC,kmeans_default,16,0.8,2048,5.15270541828919,0.9605622327204393
BDBC,kmeans_default,17,0.8,2048,4.669097623342452,0.8204985110757904
BDBC,kmeans_default,18,0.8,2048,4.259667280100731,0.733645992205133
BDBC,kmeans_default,19,0.8,2048,3.5087957039690383,0.515859077669762
BDBC,kmeans_default,20,0.8,2048,3.018324724084591,0.0840532784598934
BDBC,kmeans_hamming,5,0.8,2048,4.40873317882646,0.3501937998261272
BDBC,kmeans_hamming,6,0.8,2048,4.268554004123315,0.31852657934353
BDBC,kmeans_hamming,7,0.8,2048,4.282242027298453,0.5550423996880223
BDBC,kmeans_hamming,8,0.8,2048,4.453182860403838,0.76303006457567
BDBC,kmeans_hamming,9,0.8,2048,4.406069283913387,0.6166299498692805
BDBC,kmeans_hamming,10,0.8,2048,4.438911159981231,0.719577100902554
BDBC,kmeans_hamming,11,0.8,2048,4.389967419707818,0.66478562597117
BDBC,kmeans_hamming,12,0.8,2048,4.262114673037648,0.4666134072186044
BDBC,kmeans_hamming,13,0.8,2048,4.38229843755539,0.6049137688546178
BDBC,kmeans_hamming,14,0.8,2048,4.472642325300696,0.702248418857514
BDBC,kmeans_hamming,15,0.8,2048,4.172575455591251,0.5476954630110902
BDBC,kmeans_hamming,16,0.8,2048,4.522730703453378,0.7547425807595105
BDBC,kmeans_hamming,17,0.8,2048,4.39101615528945,0.7193497371168642
BDBC,kmeans_hamming,18,0.8,2048,4.397565723869685,0.5569753876643841
BDBC,kmeans_hamming,19,0.8,2048,4.300799497366,0.45672368776385214
BDBC,kmeans_hamming,20,0.8,2048,4.32570385602318,0.1926938225381371
BDBC,kmeans_random,5,0.8,2048,4.352327179484802,0.28871072232750067
BDBC,kmeans_random,6,0.8,2048,4.242097732449295,0.4021077421323535
BDBC,kmeans_random,7,0.8,2048,4.292065553045071,0.48834846871592263
BDBC,kmeans_random,8,0.8,2048,4.405269441684217,0.7666369323207638
BDBC,kmeans_random,9,0.8,2048,4.367219559985212,0.6796589337512648
BDBC,kmeans_random,10,0.8,2048,4.410297389407987,0.6905789481471089
BDBC,kmeans_random,11,0.8,2048,4.366084471984272,0.656563528733846
BDBC,kmeans_random,12,0.8,2048,4.221409751563291,0.45453379700833985
BDBC,kmeans_random,13,0.8,2048,4.390501819289625,0.5506131369468032
BDBC,kmeans_random,14,0.8,2048,4.455796667750074,0.6898302219612276
BDBC,kmeans_random,15,0.8,2048,4.249643018186976,0.5271337741526897
BDBC,kmeans_random,16,0.8,2048,4.4648558071124045,0.7994669554856368
BDBC,kmeans_random,17,0.8,2048,4.373601066662847,0.7182132458750382
BDBC,kmeans_random,18,0.8,2048,4.3944823861069215,0.6452336486037414
BDBC,kmeans_random,19,0.8,2048,4.261409921703517,0.45377227868722886
BDBC,kmeans_random,20,0.8,2048,4.304799688729961,0.21690285093598247
BDBC,random,,0.8,2048,4.302508500832669,0.2277208391832245
BDBC,diversity,,0.9,2304,6.601434624886777,0.0
BDBC,kmeans_default,5,0.9,2304,5.452120857356551,0.8380129710648322
BDBC,kmeans_default,6,0.9,2304,5.717174610842789,1.2190785942922617
BDBC,kmeans_default,7,0.9,2304,5.498302049310431,1.3123895453370371
BDBC,kmeans_default,8,0.9,2304,5.231389065879128,1.27495263318441
BDBC,kmeans_default,9,0.9,2304,5.03409492694463,1.6132637433025723
BDBC,kmeans_default,10,0.9,2304,5.298474189648961,1.2365065231348642
BDBC,kmeans_default,11,0.9,2304,5.283944444524978,1.4700207768365186
BDBC,kmeans_default,12,0.9,2304,5.022008185555248,1.2644236412948824
BDBC,kmeans_default,13,0.9,2304,4.926266608799302,1.234563352657479
BDBC,kmeans_default,14,0.9,2304,4.686863993846434,1.2608258775564025
BDBC,kmeans_default,15,0.9,2304,4.52723871682134,1.242729462268287
BDBC,kmeans_default,16,0.9,2304,4.389254712785566,1.1782565624434331
BDBC,kmeans_default,17,0.9,2304,4.787999954826518,1.390393184381099
BDBC,kmeans_default,18,0.9,2304,5.508290859448283,1.4242739765925196
BDBC,kmeans_default,19,0.9,2304,4.290169611047345,1.0242556724565852
BDBC,kmeans_default,20,0.9,2304,3.1821376299098847,0.1041282530868892
BDBC,kmeans_hamming,5,0.9,2304,4.431152030203263,0.2921030154478671
BDBC,kmeans_hamming,6,0.9,2304,4.17175242351782,0.5457840217158979
BDBC,kmeans_hamming,7,0.9,2304,4.2238739596133925,0.7686506709941664
BDBC,kmeans_hamming,8,0.9,2304,4.475190478942375,1.0765777064169477
BDBC,kmeans_hamming,9,0.9,2304,4.480022427855608,0.6791129493454829
BDBC,kmeans_hamming,10,0.9,2304,4.351750357855884,0.8169832100755956
BDBC,kmeans_hamming,11,0.9,2304,4.4320398391479126,1.1120775728240164
BDBC,kmeans_hamming,12,0.9,2304,4.287102647210319,0.8102810704707335
BDBC,kmeans_hamming,13,0.9,2304,4.316396488688435,0.9404398680250348
BDBC,kmeans_hamming,14,0.9,2304,4.425166844430209,1.0352991914505427
BDBC,kmeans_hamming,15,0.9,2304,4.188837425359419,0.6618944582007029
BDBC,kmeans_hamming,16,0.9,2304,4.341113997728617,0.7244824712841796
BDBC,kmeans_hamming,17,0.9,2304,4.422720815436294,0.9449774644914969
BDBC,kmeans_hamming,18,0.9,2304,4.476173136866522,1.2056077468934774
BDBC,kmeans_hamming,19,0.9,2304,4.324040941161882,0.8402453901190805
BDBC,kmeans_hamming,20,0.9,2304,4.327693403091652,0.2760735163122433
BDBC,kmeans_random,5,0.9,2304,4.276182517804862,0.2791313321187304
BDBC,kmeans_random,6,0.9,2304,4.171339941742286,0.668609790065821
BDBC,kmeans_random,7,0.9,2304,4.17609764357181,0.7477154542425276
BDBC,kmeans_random,8,0.9,2304,4.424302447645053,0.9523146053583921
BDBC,kmeans_random,9,0.9,2304,4.3537086326055165,0.8117651278437982
BDBC,kmeans_random,10,0.9,2304,4.38733130233194,0.8867522331147601
BDBC,kmeans_random,11,0.9,2304,4.436706093077273,1.081124125546368
BDBC,kmeans_random,12,0.9,2304,4.2200517983791626,0.7631030103830997
BDBC,kmeans_random,13,0.9,2304,4.426100124801135,0.9551038478381969
BDBC,kmeans_random,14,0.9,2304,4.439109944929821,0.9657019624705181
BDBC,kmeans_random,15,0.9,2304,4.301882712607207,0.7569092471613119
BDBC,kmeans_random,16,0.9,2304,4.316239610986946,0.7406501972339242
BDBC,kmeans_random,17,0.9,2304,4.341259594443851,0.9357834815243572
BDBC,kmeans_random,18,0.9,2304,4.538996461237951,1.2846169258798477
BDBC,kmeans_random,19,0.9,2304,4.300954739430952,0.8509609425082777
BDBC,kmeans_random,20,0.9,2304,4.3010390310829925,0.25765436362266886
BDBC,random,,0.9,2304,4.28879690857058,0.2787712936169515
BDBC,diversity,,1.0,2559,8.397920997334722,0.0
BDBC,kmeans_default,5,1.0,2559,3.3858301888399263,3.6111648307396678
BDBC,kmeans_default,6,1.0,2559,2.813272928219352,3.4388012105764956
BDBC,kmeans_default,7,1.0,2559,1.8670339356372379,2.6253460414361944
BDBC,kmeans_default,8,1.0,2559,2.972016994369622,3.5142054077056564
BDBC,kmeans_default,9,1.0,2559,2.393294161959957,2.9021362640526953
BDBC,kmeans_default,10,1.0,2559,2.1697668238628642,2.6648251549329527
BDBC,kmeans_default,11,1.0,2559,2.8884499617783166,3.1503380357419624
BDBC,kmeans_default,12,1.0,2559,2.3905818992494714,3.0293108344170725
BDBC,kmeans_default,13,1.0,2559,2.472558531118232,3.2784309908775566
BDBC,kmeans_default,14,1.0,2559,2.101025395340494,2.724511752032928
BDBC,kmeans_default,15,1.0,2559,1.9694990084490944,2.614426415169484
BDBC,kmeans_default,16,1.0,2559,2.2388941997247316,2.9577696596269787
BDBC,kmeans_default,17,1.0,2559,2.7139130150657134,3.3520684323948426
BDBC,kmeans_default,18,1.0,2559,2.0538706922904293,2.1288742323012966
BDBC,kmeans_default,19,1.0,2559,1.9477494037393703,2.336298339797195
BDBC,kmeans_default,20,1.0,2559,1.9953437789646478,2.809330975993895
BDBC,kmeans_hamming,5,1.0,2559,2.2597535661861814,2.9080511355557674
BDBC,kmeans_hamming,6,1.0,2559,3.480228866541654,4.079116177026798
BDBC,kmeans_hamming,7,1.0,2559,3.3266842007388746,4.812763969420067
BDBC,kmeans_hamming,8,1.0,2559,3.9832328588855543,3.838425280908509
BDBC,kmeans_hamming,9,1.0,2559,4.250674354206603,4.836047055035122
BDBC,kmeans_hamming,10,1.0,2559,3.482792005719724,4.289852507592485
BDBC,kmeans_hamming,11,1.0,2559,3.150775550115026,4.3005618218488095
BDBC,kmeans_hamming,12,1.0,2559,5.083950672445287,5.753836530157132
BDBC,kmeans_hamming,13,1.0,2559,1.9612879782431631,2.5395181899192756
BDBC,kmeans_hamming,14,1.0,2559,3.2220352918672446,4.710015531942081
BDBC,kmeans_hamming,15,1.0,2559,3.9388951828482948,4.596550104199791
BDBC,kmeans_hamming,16,1.0,2559,4.255942466616437,5.245472574801118
BDBC,kmeans_hamming,17,1.0,2559,4.038222307688044,4.320814190245559
BDBC,kmeans_hamming,18,1.0,2559,3.874887718433082,4.955600616897772
BDBC,kmeans_hamming,19,1.0,2559,4.673366528267949,5.356335559562568
BDBC,kmeans_hamming,20,1.0,2559,4.7812272283678805,4.623591183888441
BDBC,kmeans_random,5,1.0,2559,6.499212501554599,5.804829535976183
BDBC,kmeans_random,6,1.0,2559,5.964747275723256,5.5273143713224036
BDBC,kmeans_random,7,1.0,2559,2.8127392665155955,3.4948257851928184
BDBC,kmeans_random,8,1.0,2559,5.042021554978151,5.423777513528913
BDBC,kmeans_random,9,1.0,2559,6.068040002761872,5.6128965648643705
BDBC,kmeans_random,10,1.0,2559,4.355054202394152,4.56464349188949
BDBC,kmeans_random,11,1.0,2559,4.095313330089439,5.539027229799215
BDBC,kmeans_random,12,1.0,2559,3.0016598893399253,4.480015857282058
BDBC,kmeans_random,13,1.0,2559,4.523667261581526,5.111536954542577
BDBC,kmeans_random,14,1.0,2559,4.519435177981679,5.55181614171191
BDBC,kmeans_random,15,1.0,2559,4.030003157868297,4.178273515714639
BDBC,kmeans_random,16,1.0,2559,4.025798129376758,4.964362221588179
BDBC,kmeans_random,17,1.0,2559,3.5790671637587885,4.960744339436331
BDBC,kmeans_random,18,1.0,2559,4.354429984942187,5.3357036037235615
BDBC,kmeans_random,19,1.0,2559,3.7130939701119927,4.875879204935472
BDBC,kmeans_random,20,1.0,2559,4.055737253328416,4.873328606248385
BDBC,random,,1.0,2559,3.788255816328032,4.862346106087135
BDBJ,diversity,,0.1,18,0.47172671949466705,0.0
BDBJ,kmeans_default,5,0.1,18,0.3228931644006177,0.13715741150076216
BDBJ,kmeans_default,6,0.1,18,0.3292670162562954,0.14189713227408515
BDBJ,kmeans_default,7,0.1,18,0.35526132645939407,0.1076890750772961
BDBJ,kmeans_default,8,0.1,18,0.40490394981009104,0.2013880468860445
BDBJ,kmeans_default,9,0.1,18,0.387261152934183,0.14339332886611394
BDBJ,kmeans_default,10,0.1,18,0.37626456045114637,0.08391086110762457
BDBJ,kmeans_default,11,0.1,18,0.38593337428043106,0.07442340007324294
BDBJ,kmeans_default,12,0.1,18,0.4130481121414264,0.07355625718461371
BDBJ,kmeans_default,13,0.1,18,0.4133482889211256,0.06010444454661565
BDBJ,kmeans_default,14,0.1,18,0.4463840621528644,0.15023317209494225
BDBJ,kmeans_default,15,0.1,18,0.41833841626380014,0.10891929160039306
BDBJ,kmeans_default,16,0.1,18,0.390525443911674,0.09065770053111341
BDBJ,kmeans_default,17,0.1,18,0.43058097645976046,0.1036308048827068
BDBJ,kmeans_default,18,0.1,18,0.39340274078884796,0.0865003729576481
BDBJ,kmeans_hamming,5,0.1,18,0.5339921993534406,0.14729133634535968
BDBJ,kmeans_hamming,6,0.1,18,0.4938495722716851,0.10612986073588766
BDBJ,kmeans_hamming,7,0.1,18,0.5184122032811972,0.1197691583483013
BDBJ,kmeans_hamming,8,0.1,18,0.525201299290289,0.1918024647534556
BDBJ,kmeans_hamming,9,0.1,18,0.39812485545746407,0.06062747521929953
BDBJ,kmeans_hamming,10,0.1,18,0.410789432807552,0.1024146271031777
BDBJ,kmeans_hamming,11,0.1,18,0.4350228990742042,0.08809220559955198
BDBJ,kmeans_hamming,12,0.1,18,0.455057039556579,0.10148697558191916
BDBJ,kmeans_hamming,13,0.1,18,0.49367180830126806,0.11799357446388893
BDBJ,kmeans_hamming,14,0.1,18,0.48753470921982617,0.12393348376692237
BDBJ,kmeans_hamming,15,0.1,18,0.4768889725851209,0.16358112773301256
BDBJ,kmeans_hamming,16,0.1,18,0.4592515886784158,0.1119755017794421
BDBJ,kmeans_hamming,17,0.1,18,0.42579512814287696,0.057338558402082546
BDBJ,kmeans_hamming,18,0.1,18,0.4332764842172212,0.08272253826699964
BDBJ,kmeans_random,5,0.1,18,0.5015757850395942,0.12964470318666457
BDBJ,kmeans_random,6,0.1,18,0.495134344318719,0.09736133349905268
BDBJ,kmeans_random,7,0.1,18,0.47052324453967953,0.12653907956450713
BDBJ,kmeans_random,8,0.1,18,0.43560511130371704,0.11571073449124866
BDBJ,kmeans_random,9,0.1,18,0.4616897402063522,0.1188397602230339
BDBJ,kmeans_random,10,0.1,18,0.4509958352527338,0.1007553715879883
BDBJ,kmeans_random,11,0.1,18,0.47999147119639685,0.10421574013609008
BDBJ,kmeans_random,12,0.1,18,0.4621064521261602,0.11048370323126372
BDBJ,kmeans_random,13,0.1,18,0.4874312643586602,0.09740451670999771
BDBJ,kmeans_random,14,0.1,18,0.4793051374421171,0.09249126881949513
BDBJ,kmeans_random,15,0.1,18,0.47142647565720713,0.12416791908035447
BDBJ,kmeans_random,16,0.1,18,0.48456956227297476,0.09793137951337982
BDBJ,kmeans_random,17,0.1,18,0.4662138754714134,0.07770572215439196
BDBJ,kmeans_random,18,0.1,18,0.4624373576734825,0.07791121251299342
BDBJ,random,,0.1,18,0.45071254329330873,0.11113781603803732
BDBJ,diversity,,0.2,36,0.32074734384648906,0.0
BDBJ,kmeans_default,5,0.2,36,0.36705046898763205,0.19415390234116087
BDBJ,kmeans_default,6,0.2,36,0.36748673919998326,0.1597144995849508
BDBJ,kmeans_default,7,0.2,36,0.3889313923162857,0.12881872375716377
BDBJ,kmeans_default,8,0.2,36,0.4474349666999779,0.23266651504768115
BDBJ,kmeans_default,9,0.2,36,0.4010143692652008,0.11163674941046857
BDBJ,kmeans_default,10,0.2,36,0.3905259291739323,0.07375122158142525
BDBJ,kmeans_default,11,0.2,36,0.37820483035009944,0.06183221244269178
BDBJ,kmeans_default,12,0.2,36,0.3871289240322996,0.048397792722091104
BDBJ,kmeans_default,13,0.2,36,0.38075782723123025,0.04797500460944641
BDBJ,kmeans_default,14,0.2,36,0.40768562636959893,0.10100351002733654
BDBJ,kmeans_default,15,0.2,36,0.38582741317671565,0.060311200319021145
BDBJ,kmeans_default,16,0.2,36,0.39335233965875055,0.10595193820208966
BDBJ,kmeans_default,17,0.2,36,0.3938113282535092,0.0703416784315583
BDBJ,kmeans_default,18,0.2,36,0.4311999427561901,0.11136543454515918
BDBJ,kmeans_default,19,0.2,36,0.4308955054208772,0.07258313043668913
BDBJ,kmeans_default,20,0.2,36,0.4311048243907773,0.07665037476990987
BDBJ,kmeans_hamming,5,0.2,36,0.362525473208032,0.03502415228604129
BDBJ,kmeans_hamming,6,0.2,36,0.37300946599848717,0.06412525239261904
BDBJ,kmeans_hamming,7,0.2,36,0.3667458367506024,0.033370121440777105
BDBJ,kmeans_hamming,8,0.2,36,0.3775708912033067,0.048071657279656003
BDBJ,kmeans_hamming,9,0.2,36,0.37020552236714,0.03761787947916677
BDBJ,kmeans_hamming,10,0.2,36,0.3713264002758017,0.04505731005368843
BDBJ,kmeans_hamming,11,0.2,36,0.383109164056633,0.0408414389171595
BDBJ,kmeans_hamming,12,0.2,36,0.38580088272299,0.060502887703561166
BDBJ,kmeans_hamming,13,0.2,36,0.3957813309505434,0.0723039574285323
BDBJ,kmeans_hamming,14,0.2,36,0.4196644774765348,0.08059728521694345
BDBJ,kmeans_hamming,15,0.2,36,0.4235412933466043,0.06641348762497112
BDBJ,kmeans_hamming,16,0.2,36,0.4325146364490726,0.09593356000618358
BDBJ,kmeans_hamming,17,0.2,36,0.4224808146637752,0.08352208539524973
BDBJ,kmeans_hamming,18,0.2,36,0.4500626166988736,0.11338312139059481
BDBJ,kmeans_hamming,19,0.2,36,0.42219584931547177,0.06839121264775484
BDBJ,kmeans_hamming,20,0.2,36,0.43023953352336647,0.09388443010084443
BDBJ,kmeans_random,5,0.2,36,0.4026763392400066,0.054689620613655864
BDBJ,kmeans_random,6,0.2,36,0.39632223910269526,0.053530296017021646
BDBJ,kmeans_random,7,0.2,36,0.3867030288034235,0.05098637122671793
BDBJ,kmeans_random,8,0.2,36,0.3792378989855649,0.04072624470638114
BDBJ,kmeans_random,9,0.2,36,0.37775489031557924,0.04720700618517497
BDBJ,kmeans_random,10,0.2,36,0.38055928560672797,0.06610262601509873
BDBJ,kmeans_random,11,0.2,36,0.38498252322327536,0.05347437740191757
BDBJ,kmeans_random,12,0.2,36,0.3819862387553667,0.05333944928833941
BDBJ,kmeans_random,13,0.2,36,0.37985259785432884,0.038649264759231056
BDBJ,kmeans_random,14,0.2,36,0.3866810944889403,0.056480348156256466
BDBJ,kmeans_random,15,0.2,36,0.3684482008144174,0.03541264691188381
BDBJ,kmeans_random,16,0.2,36,0.38170143470203793,0.04239839202812008
BDBJ,kmeans_random,17,0.2,36,0.3809509343511432,0.032330501746334034
BDBJ,kmeans_random,18,0.2,36,0.3805768453943586,0.039957738800137886
BDBJ,kmeans_random,19,0.2,36,0.37324123220612065,0.03192368541726101
BDBJ,kmeans_random,20,0.2,36,0.37518869275993805,0.032072639646883665
BDBJ,random,,0.2,36,0.4047651989628003,0.05765192510407711
BDBJ,diversity,,0.3,54,0.3193697445926414,0.0
BDBJ,kmeans_default,5,0.3,54,0.41646460326097146,0.22328557404398514
BDBJ,kmeans_default,6,0.3,54,0.4208510894820813,0.18668752488880716
BDBJ,kmeans_default,7,0.3,54,0.44624331115343174,0.14709328309019004
BDBJ,kmeans_default,8,0.3,54,0.4901308532879846,0.23246586514996673
BDBJ,kmeans_default,9,0.3,54,0.42126559800295527,0.09311173252183005
BDBJ,kmeans_default,10,0.3,54,0.4149827030407775,0.0721881536846695
BDBJ,kmeans_default,11,0.3,54,0.40433772435230236,0.06628260206720053
BDBJ,kmeans_default,12,0.3,54,0.42563162018225326,0.054072907095698446
BDBJ,kmeans_default,13,0.3,54,0.40928555712629905,0.04771799241905334
BDBJ,kmeans_default,14,0.3,54,0.4291891346366513,0.1317717678437103
BDBJ,kmeans_default,15,0.3,54,0.3975405737201605,0.06562582308651876
BDBJ,kmeans_default,16,0.3,54,0.3695860812201263,0.04554712913296627
BDBJ,kmeans_default,17,0.3,54,0.37979351057467725,0.04153964722771831
BDBJ,kmeans_default,18,0.3,54,0.38398449913741683,0.05110698398318559
BDBJ,kmeans_default,19,0.3,54,0.39265097593173426,0.05700449755538513
BDBJ,kmeans_default,20,0.3,54,0.38335142487266255,0.045310563435602844
BDBJ,kmeans_hamming,5,0.3,54,0.3522667967360131,0.03861452644526749
BDBJ,kmeans_hamming,6,0.3,54,0.35119526864560957,0.03292995646571842
BDBJ,kmeans_hamming,7,0.3,54,0.3496639647398679,0.024356599943585452
BDBJ,kmeans_hamming,8,0.3,54,0.3481208565632336,0.013931515595796296
BDBJ,kmeans_hamming,9,0.3,54,0.35599681372156083,0.026248713402322668
BDBJ,kmeans_hamming,10,0.3,54,0.35083641578335295,0.024707025111227365
BDBJ,kmeans_hamming,11,0.3,54,0.35596367568713905,0.02525353708457976
BDBJ,kmeans_hamming,12,0.3,54,0.36204806331824846,0.028159813298209553
BDBJ,kmeans_hamming,13,0.3,54,0.3636607445516999,0.027043487729401884
BDBJ,kmeans_hamming,14,0.3,54,0.36691177213051984,0.0325791217946194
BDBJ,kmeans_hamming,15,0.3,54,0.35910215123029215,0.016420418025148178
BDBJ,kmeans_hamming,16,0.3,54,0.3580356135240824,0.021525351240521597
BDBJ,kmeans_hamming,17,0.3,54,0.3660522374498024,0.03047030833674088
BDBJ,kmeans_hamming,18,0.3,54,0.36167060140443363,0.029059939701618784
BDBJ,kmeans_hamming,19,0.3,54,0.3613343930731875,0.024018298511677645
BDBJ,kmeans_hamming,20,0.3,54,0.36356841698165115,0.019870608680931497
BDBJ,kmeans_random,5,0.3,54,0.3790064402377608,0.05671604088752282
BDBJ,kmeans_random,6,0.3,54,0.3873658002121706,0.043040190243443424
BDBJ,kmeans_random,7,0.3,54,0.3704115448297162,0.04699676880951843
BDBJ,kmeans_random,8,0.3,54,0.3681811261326015,0.034290974330982174
BDBJ,kmeans_random,9,0.3,54,0.36969073362280547,0.03868114967728616
BDBJ,kmeans_random,10,0.3,54,0.36597248586267966,0.05178262175461787
BDBJ,kmeans_random,11,0.3,54,0.372126342602657,0.039400350691370066
BDBJ,kmeans_random,12,0.3,54,0.37265696345776794,0.044171507732803796
BDBJ,kmeans_random,13,0.3,54,0.3788551114433287,0.029274904332574295
BDBJ,kmeans_random,14,0.3,54,0.37262496305149234,0.03841475766865463
BDBJ,kmeans_random,15,0.3,54,0.3711102329118731,0.028225141060377455
BDBJ,kmeans_random,16,0.3,54,0.3762770588822068,0.023463381979498474
BDBJ,kmeans_random,17,0.3,54,0.3721075171465676,0.029506299430667415
BDBJ,kmeans_random,18,0.3,54,0.3711288212838098,0.027830590367570983
BDBJ,kmeans_random,19,0.3,54,0.36476640974178737,0.030584274222001027
BDBJ,kmeans_random,20,0.3,54,0.36526346672248383,0.02228370321164213
BDBJ,random,,0.3,54,0.3865631830824875,0.05055926685979076
BDBJ,diversity,,0.4,72,0.33830147696885327,0.0
BDBJ,kmeans_default,5,0.4,72,0.4770747028544772,0.11834071107514162
BDBJ,kmeans_default,6,0.4,72,0.45847161294375144,0.18764173279432492
BDBJ,kmeans_default,7,0.4,72,0.5133890399580585,0.17002036068033388
BDBJ,kmeans_default,8,0.4,72,0.5559892918974071,0.27936095844756637
BDBJ,kmeans_default,9,0.4,72,0.46304158708948406,0.10516552316226749
BDBJ,kmeans_default,10,0.4,72,0.44876558126588784,0.0849234756234998
BDBJ,kmeans_default,11,0.4,72,0.42939888682824084,0.06677904188963331
BDBJ,kmeans_default,12,0.4,72,0.44565489412859743,0.06666650270599413
BDBJ,kmeans_default,13,0.4,72,0.4175670513699527,0.05081094477973523
BDBJ,kmeans_default,14,0.4,72,0.4156327741467643,0.0712206385523103
BDBJ,kmeans_default,15,0.4,72,0.3973943703193477,0.05521356755723902
BDBJ,kmeans_default,16,0.4,72,0.3741983106889794,0.03327831196451386
BDBJ,kmeans_default,17,0.4,72,0.3927595032963788,0.04601528593108653
BDBJ,kmeans_default,18,0.4,72,0.3948278733509618,0.04836456807060846
BDBJ,kmeans_default,19,0.4,72,0.3981155429352784,0.048607107295487666
BDBJ,kmeans_default,20,0.4,72,0.38644698711849107,0.04385496990212952
BDBJ,kmeans_hamming,5,0.4,72,0.3589910262579089,0.03817596857534126
BDBJ,kmeans_hamming,6,0.4,72,0.3545488026146214,0.036815347578110356
BDBJ,kmeans_hamming,7,0.4,72,0.353628363167179,0.03139172925440258
BDBJ,kmeans_hamming,8,0.4,72,0.3477921656229682,0.009578898877553995
BDBJ,kmeans_hamming,9,0.4,72,0.3535194623745118,0.021474593984772663
BDBJ,kmeans_hamming,10,0.4,72,0.34819204875892606,0.027806908907706603
BDBJ,kmeans_hamming,11,0.4,72,0.36225954574517977,0.022925341330291817
BDBJ,kmeans_hamming,12,0.4,72,0.36117505702473934,0.03376785927271077
BDBJ,kmeans_hamming,13,0.4,72,0.361311296899539,0.025127809414813566
BDBJ,kmeans_hamming,14,0.4,72,0.35925495384517386,0.02622612308880091
BDBJ,kmeans_hamming,15,0.4,72,0.355784769072977,0.017215730056235584
BDBJ,kmeans_hamming,16,0.4,72,0.35635949846741727,0.017905340302554685
BDBJ,kmeans_hamming,17,0.4,72,0.3615773485087894,0.023610811284449123
BDBJ,kmeans_hamming,18,0.4,72,0.3605566317446713,0.021893731851887352
BDBJ,kmeans_hamming,19,0.4,72,0.362696583850596,0.020376646947600725
BDBJ,kmeans_hamming,20,0.4,72,0.3573383622837814,0.017384106224975847
BDBJ,kmeans_random,5,0.4,72,0.3713528307281095,0.055576332928923014
BDBJ,kmeans_random,6,0.4,72,0.38005743098723177,0.04010086266865231
BDBJ,kmeans_random,7,0.4,72,0.36921694484130446,0.04501581043754288
BDBJ,kmeans_random,8,0.4,72,0.3639076695129771,0.02474910293819656
BDBJ,kmeans_random,9,0.4,72,0.3689620313082139,0.03368997156478757
BDBJ,kmeans_random,10,0.4,72,0.36028371396678466,0.041668072347889794
BDBJ,kmeans_random,11,0.4,72,0.37159864872324727,0.040329970909016445
BDBJ,kmeans_random,12,0.4,72,0.3741825046029007,0.040640045056570887
BDBJ,kmeans_random,13,0.4,72,0.37506428372400175,0.030025377546486754
BDBJ,kmeans_random,14,0.4,72,0.37202612187602785,0.036162407906471565
BDBJ,kmeans_random,15,0.4,72,0.36999532885839764,0.027191125281858693
BDBJ,kmeans_random,16,0.4,72,0.3714005367806452,0.024325898797519105
BDBJ,kmeans_random,17,0.4,72,0.3706685409913571,0.027802776149725157
BDBJ,kmeans_random,18,0.4,72,0.3696872141016929,0.02208071038861097
BDBJ,kmeans_random,19,0.4,72,0.3696073383596538,0.03014731858459844
BDBJ,kmeans_random,20,0.4,72,0.3657156753939814,0.025929687724053234
BDBJ,random,,0.4,72,0.38648709296318784,0.03227234598141055
BDBJ,diversity,,0.5,90,0.3375356112079941,0.0
BDBJ,kmeans_default,5,0.5,90,0.4961745358099377,0.11593307155443379
BDBJ,kmeans_default,6,0.5,90,0.48247683421004905,0.11360372531969658
BDBJ,kmeans_default,7,0.5,90,0.5134441227074862,0.08940251048650524
BDBJ,kmeans_default,8,0.5,90,0.649596562074876,0.33896883625887864
BDBJ,kmeans_default,9,0.5,90,0.5059623876357653,0.13092865190217182
BDBJ,kmeans_default,10,0.5,90,0.48440204896209593,0.10919580195731808
BDBJ,kmeans_default,11,0.5,90,0.45711212749478697,0.09028029630873038
BDBJ,kmeans_default,12,0.5,90,0.46284892257942284,0.08331037276421346
BDBJ,kmeans_default,13,0.5,90,0.41827814846763106,0.05057731932960329
BDBJ,kmeans_default,14,0.5,90,0.4239535022990632,0.0627957268396031
BDBJ,kmeans_default,15,0.5,90,0.4097857186738383,0.05467706589278143
BDBJ,kmeans_default,16,0.5,90,0.3718868721090755,0.03169987666971341
BDBJ,kmeans_default,17,0.5,90,0.3775289577971183,0.030954591609844373
BDBJ,kmeans_default,18,0.5,90,0.3682663158919136,0.031680370460332
BDBJ,kmeans_default,19,0.5,90,0.3741415955063113,0.028267114042280876
BDBJ,kmeans_default,20,0.5,90,0.37563963629655767,0.03022666876797149
BDBJ,kmeans_hamming,5,0.5,90,0.36554649093389185,0.034981563740148464
BDBJ,kmeans_hamming,6,0.5,90,0.36209453540746406,0.036668703775230384
BDBJ,kmeans_hamming,7,0.5,90,0.3550414437942597,0.02948937223663865
BDBJ,kmeans_hamming,8,0.5,90,0.35189813049672664,0.013235687448460374
BDBJ,kmeans_hamming,9,0.5,90,0.3563590181390624,0.025423651777611772
BDBJ,kmeans_hamming,10,0.5,90,0.35544981074857446,0.02969263640946848
BDBJ,kmeans_hamming,11,0.5,90,0.3628648297362103,0.028230877590886213
BDBJ,kmeans_hamming,12,0.5,90,0.3641973994956906,0.03285235261037236
BDBJ,kmeans_hamming,13,0.5,90,0.36633520712562373,0.02609435814349612
BDBJ,kmeans_hamming,14,0.5,90,0.3596107881398322,0.023131556428689533
BDBJ,kmeans_hamming,15,0.5,90,0.35783507940600057,0.016788260441084914
BDBJ,kmeans_hamming,16,0.5,90,0.3561383368994058,0.014523570112284107
BDBJ,kmeans_hamming,17,0.5,90,0.3622077741190251,0.023076632642002114
BDBJ,kmeans_hamming,18,0.5,90,0.3592678318230857,0.023489064139372674
BDBJ,kmeans_hamming,19,0.5,90,0.36371785964486497,0.02234327497750589
BDBJ,kmeans_hamming,20,0.5,90,0.3618801173579603,0.020480419427208955
BDBJ,kmeans_random,5,0.5,90,0.37465751274821196,0.054543700557566
BDBJ,kmeans_random,6,0.5,90,0.3767672573284682,0.03714766739488482
BDBJ,kmeans_random,7,0.5,90,0.37260923877836255,0.033104433870229405
BDBJ,kmeans_random,8,0.5,90,0.3645557928695836,0.020196802066452572
BDBJ,kmeans_random,9,0.5,90,0.3687943443510148,0.025859359566890932
BDBJ,kmeans_random,10,0.5,90,0.3647179984185567,0.04536023450592032
BDBJ,kmeans_random,11,0.5,90,0.37882709642187645,0.04355388300939719
BDBJ,kmeans_random,12,0.5,90,0.3758847408416784,0.03854623591053226
BDBJ,kmeans_random,13,0.5,90,0.374919781955647,0.03387003322038691
BDBJ,kmeans_random,14,0.5,90,0.37109274177456036,0.035460334571840904
BDBJ,kmeans_random,15,0.5,90,0.36721008738113703,0.017783233674733386
BDBJ,kmeans_random,16,0.5,90,0.365973749895484,0.022358187760232868
BDBJ,kmeans_random,17,0.5,90,0.3681654807637211,0.026500560495896164
BDBJ,kmeans_random,18,0.5,90,0.36936647394246974,0.027117869774965313
BDBJ,kmeans_random,19,0.5,90,0.36953912286059454,0.028619253291966653
BDBJ,kmeans_random,20,0.5,90,0.3672773232898838,0.024906147134389066
BDBJ,random,,0.5,90,0.3717463934727218,0.03387540452954798
BDBJ,diversity,,0.6,108,0.3315310722929088,0.0
BDBJ,kmeans_default,5,0.6,108,0.521439683050988,0.18644571896530027
BDBJ,kmeans_default,6,0.6,108,0.49832908355029437,0.14729985215091954
BDBJ,kmeans_default,7,0.6,108,0.5107989812087731,0.10384120610469981
BDBJ,kmeans_default,8,0.6,108,0.5484898371875865,0.09819070216751202
BDBJ,kmeans_default,9,0.6,108,0.558704666505324,0.15914735443192402
BDBJ,kmeans_default,10,0.6,108,0.545860305508493,0.15235731448947737
BDBJ,kmeans_default,11,0.6,108,0.4792740442241505,0.12924934644853472
BDBJ,kmeans_default,12,0.6,108,0.47458370403895506,0.09678462572852944
BDBJ,kmeans_default,13,0.6,108,0.4358961481518796,0.059371975707307616
BDBJ,kmeans_default,14,0.6,108,0.41186095627902797,0.04938637440919643
BDBJ,kmeans_default,15,0.6,108,0.40142357514516297,0.0653551978839191
BDBJ,kmeans_default,16,0.6,108,0.3712755268860295,0.030891638436203534
BDBJ,kmeans_default,17,0.6,108,0.379168194321361,0.02647167237266843
BDBJ,kmeans_default,18,0.6,108,0.3770046886575327,0.03157072550132133
BDBJ,kmeans_default,19,0.6,108,0.3745685530354035,0.030737200261435903
BDBJ,kmeans_default,20,0.6,108,0.37579805155695717,0.036802767151920185
BDBJ,kmeans_hamming,5,0.6,108,0.3657601934137153,0.04065074939548889
BDBJ,kmeans_hamming,6,0.6,108,0.3605207452046932,0.029251066148338157
BDBJ,kmeans_hamming,7,0.6,108,0.36435570613989127,0.029639276721329006
BDBJ,kmeans_hamming,8,0.6,108,0.35646696537186073,0.018122559192563076
BDBJ,kmeans_hamming,9,0.6,108,0.36015667687694114,0.030439098357853658
BDBJ,kmeans_hamming,10,0.6,108,0.35967068119659285,0.033959155706125316
BDBJ,kmeans_hamming,11,0.6,108,0.37006494681404306,0.03348837662447299
BDBJ,kmeans_hamming,12,0.6,108,0.3731891141293836,0.039519997661870664
BDBJ,kmeans_hamming,13,0.6,108,0.36538479121346,0.028974119286443608
BDBJ,kmeans_hamming,14,0.6,108,0.3662890873367896,0.029004427139622053
BDBJ,kmeans_hamming,15,0.6,108,0.36167111692268855,0.018170862248607436
BDBJ,kmeans_hamming,16,0.6,108,0.36006813751589317,0.012936128110579356
BDBJ,kmeans_hamming,17,0.6,108,0.36263226825776745,0.021117998947654135
BDBJ,kmeans_hamming,18,0.6,108,0.3642398253298405,0.026406987398188975
BDBJ,kmeans_hamming,19,0.6,108,0.3624048472212412,0.027525146850065473
BDBJ,kmeans_hamming,20,0.6,108,0.36322042707754787,0.03127904829287849
BDBJ,kmeans_random,5,0.6,108,0.3833698527633028,0.045388671895748994
BDBJ,kmeans_random,6,0.6,108,0.37886744878136247,0.0336766125056886
BDBJ,kmeans_random,7,0.6,108,0.3756092611311284,0.0313841161189358
BDBJ,kmeans_random,8,0.6,108,0.36530762931693694,0.01714139634522225
BDBJ,kmeans_random,9,0.6,108,0.3730882022948855,0.0225153023211975
BDBJ,kmeans_random,10,0.6,108,0.3656151595188344,0.0442008548934078
BDBJ,kmeans_random,11,0.6,108,0.38499531553455024,0.046968663202730715
BDBJ,kmeans_random,12,0.6,108,0.38684352346233697,0.040277683945709755
BDBJ,kmeans_random,13,0.6,108,0.37978806671722115,0.039040466034380585
BDBJ,kmeans_random,14,0.6,108,0.3724612329490281,0.03505397864310048
BDBJ,kmeans_random,15,0.6,108,0.3727500021890433,0.021719200139306675
BDBJ,kmeans_random,16,0.6,108,0.3686974008839776,0.01960757232101648
BDBJ,kmeans_random,17,0.6,108,0.3681177455096519,0.02431857509340199
BDBJ,kmeans_random,18,0.6,108,0.3694904746979599,0.030035090939180567
BDBJ,kmeans_random,19,0.6,108,0.3700679381006888,0.027837404249593703
BDBJ,kmeans_random,20,0.6,108,0.3691892519824248,0.02590288330053021
BDBJ,random,,0.6,108,0.3793603374683794,0.02856970036127724
BDBJ,diversity,,0.7,126,0.35037456675888173,0.0
BDBJ,kmeans_default,5,0.7,126,0.6093388648922019,0.18827134453887598
BDBJ,kmeans_default,6,0.7,126,0.49012616773139656,0.1581164581532533
BDBJ,kmeans_default,7,0.7,126,0.5093521252297198,0.1419717472209312
BDBJ,kmeans_default,8,0.7,126,0.5083784093527249,0.05653517733661106
BDBJ,kmeans_default,9,0.7,126,0.5146531310848306,0.1001206984962098
BDBJ,kmeans_default,10,0.7,126,0.5860902795752948,0.17310620622295156
BDBJ,kmeans_default,11,0.7,126,0.5283003582583922,0.191085936178205
BDBJ,kmeans_default,12,0.7,126,0.5165512597487547,0.11949250667537584
BDBJ,kmeans_default,13,0.7,126,0.4427860816392266,0.06990747978397933
BDBJ,kmeans_default,14,0.7,126,0.4068022200157751,0.05668864435268403
BDBJ,kmeans_default,15,0.7,126,0.40008826857494856,0.06689626075225129
BDBJ,kmeans_default,16,0.7,126,0.37228082396639955,0.027661855369835845
BDBJ,kmeans_default,17,0.7,126,0.3739080567195798,0.020975604513617494
BDBJ,kmeans_default,18,0.7,126,0.381845524072628,0.03272077033084243
BDBJ,kmeans_default,19,0.7,126,0.3766040823204841,0.034164263148924665
BDBJ,kmeans_default,20,0.7,126,0.38341686355312377,0.03526721657385797
BDBJ,kmeans_hamming,5,0.7,126,0.3688377663400822,0.037868664478227655
BDBJ,kmeans_hamming,6,0.7,126,0.3680678429181311,0.03150165935322505
BDBJ,kmeans_hamming,7,0.7,126,0.3719924065266117,0.03331133976082407
BDBJ,kmeans_hamming,8,0.7,126,0.3595864688503918,0.016888500674035946
BDBJ,kmeans_hamming,9,0.7,126,0.36945072198065937,0.027983534169301286
BDBJ,kmeans_hamming,10,0.7,126,0.37136097377091215,0.03687082688809714
BDBJ,kmeans_hamming,11,0.7,126,0.3852727312092569,0.04363354914239472
BDBJ,kmeans_hamming,12,0.7,126,0.3823070765439631,0.04355359157162573
BDBJ,kmeans_hamming,13,0.7,126,0.37386554089688406,0.04083360047231646
BDBJ,kmeans_hamming,14,0.7,126,0.3767113556090577,0.039253890952745334
BDBJ,kmeans_hamming,15,0.7,126,0.3663954133465768,0.0184420145204928
BDBJ,kmeans_hamming,16,0.7,126,0.3659284562166148,0.01822681929260603
BDBJ,kmeans_hamming,17,0.7,126,0.36447433617326175,0.019610650590002957
BDBJ,kmeans_hamming,18,0.7,126,0.3675651386819373,0.026241108044621486
BDBJ,kmeans_hamming,19,0.7,126,0.36208601593663003,0.028974773161687138
BDBJ,kmeans_hamming,20,0.7,126,0.36852256343965295,0.03197589551686248
BDBJ,kmeans_random,5,0.7,126,0.391047253656505,0.038122762107002044
BDBJ,kmeans_random,6,0.7,126,0.3867656122455286,0.0341146658519411
BDBJ,kmeans_random,7,0.7,126,0.3781327164649032,0.031135348098218937
BDBJ,kmeans_random,8,0.7,126,0.3682427609667814,0.017880444059970288
BDBJ,kmeans_random,9,0.7,126,0.37761418511358524,0.022821273843100134
BDBJ,kmeans_random,10,0.7,126,0.37105784285173526,0.0420373169943459
BDBJ,kmeans_random,11,0.7,126,0.39275177111485265,0.04979409693573497
BDBJ,kmeans_random,12,0.7,126,0.39066548903273807,0.04692126612799719
BDBJ,kmeans_random,13,0.7,126,0.3853793967553985,0.04586703064507953
BDBJ,kmeans_random,14,0.7,126,0.37529031077293484,0.03547827958220523
BDBJ,kmeans_random,15,0.7,126,0.3723580644811871,0.022680813836775764
BDBJ,kmeans_random,16,0.7,126,0.3698057604474994,0.015666936201140045
BDBJ,kmeans_random,17,0.7,126,0.37090886535089224,0.025451953429125148
BDBJ,kmeans_random,18,0.7,126,0.36575212312491007,0.02800560010865105
BDBJ,kmeans_random,19,0.7,126,0.36962143019948646,0.03440623291754288
BDBJ,kmeans_random,20,0.7,126,0.37835511267570915,0.026322200150171712
BDBJ,random,,0.7,126,0.37555268047912255,0.02437981073435782
BDBJ,diversity,,0.8,144,0.39864511849903717,0.0
BDBJ,kmeans_default,5,0.8,144,0.6966655086388316,0.20367263734984972
BDBJ,kmeans_default,6,0.8,144,0.4879847366914827,0.12755930135160778
BDBJ,kmeans_default,7,0.8,144,0.5043799318492581,0.19241519793013115
BDBJ,kmeans_default,8,0.8,144,0.5001402578701596,0.04791542270995888
BDBJ,kmeans_default,9,0.8,144,0.5106178205467713,0.08396259828267785
BDBJ,kmeans_default,10,0.8,144,0.5576911828612345,0.13450636895626222
BDBJ,kmeans_default,11,0.8,144,0.5392489167831563,0.17838403376490233
BDBJ,kmeans_default,12,0.8,144,0.5827141933007318,0.15682880177929642
BDBJ,kmeans_default,13,0.8,144,0.48059829943709487,0.10894819600352194
BDBJ,kmeans_default,14,0.8,144,0.42638670341559304,0.07306862234957508
BDBJ,kmeans_default,15,0.8,144,0.4049108477641393,0.10462331383419107
BDBJ,kmeans_default,16,0.8,144,0.3630762013454447,0.026357708766258144
BDBJ,kmeans_default,17,0.8,144,0.37398322981721427,0.027006236649176358
BDBJ,kmeans_default,18,0.8,144,0.38068453302180244,0.03917561567408347
BDBJ,kmeans_default,19,0.8,144,0.37717254892003205,0.035210281133939425
BDBJ,kmeans_default,20,0.8,144,0.3844851881793545,0.03732330080670461
BDBJ,kmeans_hamming,5,0.8,144,0.37237156796893944,0.02982507937657399
BDBJ,kmeans_hamming,6,0.8,144,0.37582397755434055,0.02930621270209834
BDBJ,kmeans_hamming,7,0.8,144,0.37663122353825185,0.04050925815434508
BDBJ,kmeans_hamming,8,0.8,144,0.3691370828997728,0.022925414315441397
BDBJ,kmeans_hamming,9,0.8,144,0.3754037889384317,0.031545450324765384
BDBJ,kmeans_hamming,10,0.8,144,0.3774188755977119,0.042059224715091624
BDBJ,kmeans_hamming,11,0.8,144,0.3914948247507339,0.04389675823660807
BDBJ,kmeans_hamming,12,0.8,144,0.3977211742451471,0.05907485117468934
BDBJ,kmeans_hamming,13,0.8,144,0.39000403231701763,0.05807976989108018
BDBJ,kmeans_hamming,14,0.8,144,0.38857495287605165,0.05143970317077211
BDBJ,kmeans_hamming,15,0.8,144,0.36940126871793505,0.029297067449652523
BDBJ,kmeans_hamming,16,0.8,144,0.3683405303474846,0.02247528479809885
BDBJ,kmeans_hamming,17,0.8,144,0.3718044207618549,0.021378020112503865
BDBJ,kmeans_hamming,18,0.8,144,0.3697554072805468,0.02928623384407868
BDBJ,kmeans_hamming,19,0.8,144,0.3687349439504599,0.03207682613157016
BDBJ,kmeans_hamming,20,0.8,144,0.36771821287078027,0.03409813869139865
BDBJ,kmeans_random,5,0.8,144,0.3839781556360565,0.029037068915633932
BDBJ,kmeans_random,6,0.8,144,0.3821469941032421,0.03889308484689189
BDBJ,kmeans_random,7,0.8,144,0.3836010125588567,0.04537704054384058
BDBJ,kmeans_random,8,0.8,144,0.37382115731824933,0.026204772538020792
BDBJ,kmeans_random,9,0.8,144,0.3818225243839524,0.028988885630050996
BDBJ,kmeans_random,10,0.8,144,0.38072458760901695,0.042418700201251325
BDBJ,kmeans_random,11,0.8,144,0.39186636385665713,0.04848494749092189
BDBJ,kmeans_random,12,0.8,144,0.4009835537147635,0.05592055595867881
BDBJ,kmeans_random,13,0.8,144,0.40612347164292045,0.06533250448281885
BDBJ,kmeans_random,14,0.8,144,0.38573536851048507,0.05467530148601966
BDBJ,kmeans_random,15,0.8,144,0.3780156616526676,0.034936370752169085
BDBJ,kmeans_random,16,0.8,144,0.3747781764932581,0.01894903983509391
BDBJ,kmeans_random,17,0.8,144,0.37186063936072183,0.024991664263975012
BDBJ,kmeans_random,18,0.8,144,0.36692698054717543,0.027047233972301556
BDBJ,kmeans_random,19,0.8,144,0.3656467969905278,0.035024036290572116
BDBJ,kmeans_random,20,0.8,144,0.37767325561399523,0.03196004452530156
BDBJ,random,,0.8,144,0.3795765350322286,0.029141122771948885
BDBJ,diversity,,0.9,162,0.7503012557094713,0.0
BDBJ,kmeans_default,5,0.9,162,0.5929987725826572,0.14387065523855577
BDBJ,kmeans_default,6,0.9,162,0.5767989828973038,0.11669134460249754
BDBJ,kmeans_default,7,0.9,162,0.5319342630868403,0.18546022785643296
BDBJ,kmeans_default,8,0.9,162,0.46654603099488806,0.04121205537981943
BDBJ,kmeans_default,9,0.9,162,0.47947748053849587,0.07208747808007498
BDBJ,kmeans_default,10,0.9,162,0.5261056526160774,0.11957804991679609
BDBJ,kmeans_default,11,0.9,162,0.5161228797222359,0.1432080382963408
BDBJ,kmeans_default,12,0.9,162,0.5377578143632961,0.10593679473538126
BDBJ,kmeans_default,13,0.9,162,0.5283967914678521,0.13740082576696117
BDBJ,kmeans_default,14,0.9,162,0.47577189719641116,0.1377305305851004
BDBJ,kmeans_default,15,0.9,162,0.41909454958296827,0.1483951483611389
BDBJ,kmeans_default,16,0.9,162,0.3679248971964994,0.03065556805748509
BDBJ,kmeans_default,17,0.9,162,0.3660748847552909,0.03249943683180067
BDBJ,kmeans_default,18,0.9,162,0.3766362162962988,0.03775624080285223
BDBJ,kmeans_default,19,0.9,162,0.37260971974979806,0.04625029968426957
BDBJ,kmeans_default,20,0.9,162,0.37751843741446706,0.051627676574889904
BDBJ,kmeans_hamming,5,0.9,162,0.37140980017610464,0.042090512931463264
BDBJ,kmeans_hamming,6,0.9,162,0.37361556864830187,0.03181389688602894
BDBJ,kmeans_hamming,7,0.9,162,0.38504209660284483,0.05973832398176045
BDBJ,kmeans_hamming,8,0.9,162,0.3759500734645825,0.031010742786291
BDBJ,kmeans_hamming,9,0.9,162,0.37566132478687325,0.042374484607412284
BDBJ,kmeans_hamming,10,0.9,162,0.38540086801030576,0.04651864178790073
BDBJ,kmeans_hamming,11,0.9,162,0.3908298101273501,0.0388875935387442
BDBJ,kmeans_hamming,12,0.9,162,0.3846232846621262,0.05557219279307321
BDBJ,kmeans_hamming,13,0.9,162,0.4067988476808788,0.07860129287801673
BDBJ,kmeans_hamming,14,0.9,162,0.4161879975085518,0.10112041157807189
BDBJ,kmeans_hamming,15,0.9,162,0.38042596991368766,0.04244110263437694
BDBJ,kmeans_hamming,16,0.9,162,0.3741653428687582,0.024444948945396554
BDBJ,kmeans_hamming,17,0.9,162,0.3731154296450401,0.024985210044301126
BDBJ,kmeans_hamming,18,0.9,162,0.3704376641203645,0.032417421023977995
BDBJ,kmeans_hamming,19,0.9,162,0.3638338410061733,0.04102507001287281
BDBJ,kmeans_hamming,20,0.9,162,0.3686269562621926,0.04933618523679752
BDBJ,kmeans_random,5,0.9,162,0.3914496911785209,0.03849087690846123
BDBJ,kmeans_random,6,0.9,162,0.3739024046149095,0.03359955335847661
BDBJ,kmeans_random,7,0.9,162,0.3913978970131495,0.0705837265055727
BDBJ,kmeans_random,8,0.9,162,0.3677220404540757,0.0376428187824331
BDBJ,kmeans_random,9,0.9,162,0.3916621870154443,0.027958683112611325
BDBJ,kmeans_random,10,0.9,162,0.37745226665866327,0.047510885669193335
BDBJ,kmeans_random,11,0.9,162,0.39235602406254383,0.05035896451029351
BDBJ,kmeans_random,12,0.9,162,0.3928538410697496,0.05692813631352381
BDBJ,kmeans_random,13,0.9,162,0.4191750101657602,0.08040259537215916
BDBJ,kmeans_random,14,0.9,162,0.40383559511736256,0.09529179166383955
BDBJ,kmeans_random,15,0.9,162,0.377917028529481,0.055205978294868896
BDBJ,kmeans_random,16,0.9,162,0.3820814163209268,0.029007458067529218
BDBJ,kmeans_random,17,0.9,162,0.3721655999881616,0.031552363808590514
BDBJ,kmeans_random,18,0.9,162,0.37214722883235735,0.04207214339342293
BDBJ,kmeans_random,19,0.9,162,0.36536515691493887,0.03947244588918727
BDBJ,kmeans_random,20,0.9,162,0.38391091009341444,0.04654051665103544
BDBJ,random,,0.9,162,0.3779227142633829,0.04823565926812553
BDBJ,diversity,,1.0,179,0.6129318042180053,0.0
BDBJ,kmeans_default,5,1.0,179,0.501243497891985,0.12216933992157153
BDBJ,kmeans_default,6,1.0,179,0.4397773715264678,0.11815988220867099
BDBJ,kmeans_default,7,1.0,179,0.44789862377461537,0.13390226137867148
BDBJ,kmeans_default,8,1.0,179,0.42320188838704864,0.14415793633498458
BDBJ,kmeans_default,9,1.0,179,0.4432563613773461,0.13888441997084186
BDBJ,kmeans_default,10,1.0,179,0.4465351416546662,0.15789861981619127
BDBJ,kmeans_default,11,1.0,179,0.43421096021476124,0.1385960812862491
BDBJ,kmeans_default,12,1.0,179,0.42064400712710126,0.1548395507705012
BDBJ,kmeans_default,13,1.0,179,0.43296057251429493,0.1496639868265246
BDBJ,kmeans_default,14,1.0,179,0.414156848448158,0.1419760254903027
BDBJ,kmeans_default,15,1.0,179,0.43380070412009386,0.15961061329667103
BDBJ,kmeans_default,16,1.0,179,0.39618964550727565,0.13432221762226731
BDBJ,kmeans_default,17,1.0,179,0.3379465388715607,0.08179124456460006
BDBJ,kmeans_default,18,1.0,179,0.3451124912652261,0.11739205257983895
BDBJ,kmeans_default,19,1.0,179,0.36898616333597883,0.1091383706385759
BDBJ,kmeans_default,20,1.0,179,0.34357053281196365,0.10470595823745346
BDBJ,kmeans_hamming,5,1.0,179,0.39292926402158374,0.15295657077745922
BDBJ,kmeans_hamming,6,1.0,179,0.363628426964023,0.1279420978264274
BDBJ,kmeans_hamming,7,1.0,179,0.38361195437607787,0.12805833471862035
BDBJ,kmeans_hamming,8,1.0,179,0.35357210206808054,0.13420190805386925
BDBJ,kmeans_hamming,9,1.0,179,0.3792355786416534,0.14681060297126047
BDBJ,kmeans_hamming,10,1.0,179,0.39796688467145197,0.16373588631662908
BDBJ,kmeans_hamming,11,1.0,179,0.3905036068107276,0.13515644593013926
BDBJ,kmeans_hamming,12,1.0,179,0.3937454357742197,0.1520990748614672
BDBJ,kmeans_hamming,13,1.0,179,0.37026492439133435,0.15182701628327658
BDBJ,kmeans_hamming,14,1.0,179,0.3734590429033429,0.1518316245095888
BDBJ,kmeans_hamming,15,1.0,179,0.4525630640393869,0.14887747018761366
BDBJ,kmeans_hamming,16,1.0,179,0.39057173044058474,0.14332492855718923
BDBJ,kmeans_hamming,17,1.0,179,0.3460389169590317,0.1230737509914315
BDBJ,kmeans_hamming,18,1.0,179,0.34254806576318514,0.14120694885668728
BDBJ,kmeans_hamming,19,1.0,179,0.37728795552916355,0.1311364110199007
BDBJ,kmeans_hamming,20,1.0,179,0.33643592763949737,0.12763549563271487
BDBJ,kmeans_random,5,1.0,179,0.39283840988297347,0.1423490656487751
BDBJ,kmeans_random,6,1.0,179,0.3579564115886654,0.1161100529219234
BDBJ,kmeans_random,7,1.0,179,0.373055351702336,0.15385121430054866
BDBJ,kmeans_random,8,1.0,179,0.39988235371829683,0.15605316393613494
BDBJ,kmeans_random,9,1.0,179,0.3982859326812205,0.1574365967954369
BDBJ,kmeans_random,10,1.0,179,0.3563277428119958,0.14341213703692116
BDBJ,kmeans_random,11,1.0,179,0.3692288587699981,0.15163160630670425
BDBJ,kmeans_random,12,1.0,179,0.39890500823143976,0.1414433159724047
BDBJ,kmeans_random,13,1.0,179,0.4149977018867668,0.1516747552746461
BDBJ,kmeans_random,14,1.0,179,0.3501199288379005,0.1481127497586568
BDBJ,kmeans_random,15,1.0,179,0.3353211866532423,0.16662508520275018
BDBJ,kmeans_random,16,1.0,179,0.37437625674995495,0.13852413710073574
BDBJ,kmeans_random,17,1.0,179,0.3875528571393969,0.15330923629201754
BDBJ,kmeans_random,18,1.0,179,0.38047474146574073,0.15396396337961024
BDBJ,kmeans_random,19,1.0,179,0.371037191643394,0.16244264702090114
BDBJ,kmeans_random,20,1.0,179,0.383743695521755,0.14365456458927797
BDBJ,random,,1.0,179,0.37735666651907174,0.14061513091457883
LLVM,diversity,,0.1,102,0.023372294243515095,0.0
LLVM,kmeans_default,5,0.1,102,0.03691433636863089,0.006530774885771906
LLVM,kmeans_default,6,0.1,102,0.03746665916765923,0.008093400246500411
LLVM,kmeans_default,7,0.1,102,0.03751599405106011,0.007356293696292024
LLVM,kmeans_default,8,0.1,102,0.03354434708517337,0.00637189105620428
LLVM,kmeans_default,9,0.1,102,0.03563959591326888,0.007008776272091416
LLVM,kmeans_default,10,0.1,102,0.03251950833665082,0.005455448896016713
LLVM,kmeans_default,11,0.1,102,0.033115503691406346,0.008216787028588711
LLVM,kmeans_default,12,0.1,102,0.028498843131033295,0.003726766777319008
LLVM,kmeans_default,13,0.1,102,0.030105284224078956,0.004239482427308237
LLVM,kmeans_default,14,0.1,102,0.02888668602184023,0.003861824394607196
LLVM,kmeans_default,15,0.1,102,0.028421244145523376,0.004097270494312025
LLVM,kmeans_default,16,0.1,102,0.02681166705795384,0.003095170647985036
LLVM,kmeans_default,17,0.1,102,0.027477730350789986,0.004110830939982405
LLVM,kmeans_default,18,0.1,102,0.027310016784688255,0.0039034708223234555
LLVM,kmeans_default,19,0.1,102,0.027010751209549756,0.003651397280785549
LLVM,kmeans_default,20,0.1,102,0.025962058464438047,0.0025413538588311396
LLVM,kmeans_hamming,5,0.1,102,0.02566059341016181,0.001914844529333844
LLVM,kmeans_hamming,6,0.1,102,0.025229666278210404,0.0017584595995614087
LLVM,kmeans_hamming,7,0.1,102,0.02525368396002292,0.0017751327515095196
LLVM,kmeans_hamming,8,0.1,102,0.025643727868336897,0.0015673698095672523
LLVM,kmeans_hamming,9,0.1,102,0.025814591985965193,0.0016460852583398086
LLVM,kmeans_hamming,10,0.1,102,0.024857048476220313,0.0021266843037153343
LLVM,kmeans_hamming,11,0.1,102,0.025402139453930033,0.002134124804821094
LLVM,kmeans_hamming,12,0.1,102,0.025254512351937812,0.001980599595829615
LLVM,kmeans_hamming,13,0.1,102,0.025136577171392813,0.0014499753687852953
LLVM,kmeans_hamming,14,0.1,102,0.024989493173581057,0.0019519964199432003
LLVM,kmeans_hamming,15,0.1,102,0.025249462903129873,0.0015318972725120727
LLVM,kmeans_hamming,16,0.1,102,0.02538313565003478,0.0019869789291761656
LLVM,kmeans_hamming,17,0.1,102,0.02458525630885984,0.0019483004638925503
LLVM,kmeans_hamming,18,0.1,102,0.024505122987935515,0.00168288459000568
LLVM,kmeans_hamming,19,0.1,102,0.025100532456966435,0.0017738620004384466
LLVM,kmeans_hamming,20,0.1,102,0.025620351889830324,0.0023809560737339435
LLVM,kmeans_random,5,0.1,102,0.02623619360798056,0.0028852368753249607
LLVM,kmeans_random,6,0.1,102,0.025462581215140105,0.0022828193467912686
LLVM,kmeans_random,7,0.1,102,0.026031624250431293,0.002259148773039701
LLVM,kmeans_random,8,0.1,102,0.02558328659925181,0.0017782475933968574
LLVM,kmeans_random,9,0.1,102,0.025851719675040682,0.0019287838021738904
LLVM,kmeans_random,10,0.1,102,0.02562324922574307,0.0022151616108419927
LLVM,kmeans_random,11,0.1,102,0.025116273340187765,0.0015565021003838744
LLVM,kmeans_random,12,0.1,102,0.025032660806460307,0.0019922688536997985
LLVM,kmeans_random,13,0.1,102,0.025432041315546883,0.002310381453433489
LLVM,kmeans_random,14,0.1,102,0.025371326118775312,0.0019002978410518785
LLVM,kmeans_random,15,0.1,102,0.025388810712394558,0.001917617336519611
LLVM,kmeans_random,16,0.1,102,0.025086702654670605,0.0020567068028467706
LLVM,kmeans_random,17,0.1,102,0.02511004599977311,0.001819830598602748
LLVM,kmeans_random,18,0.1,102,0.025868061135794974,0.002127760816717067
LLVM,kmeans_random,19,0.1,102,0.025412082153532214,0.0022954621354816245
LLVM,kmeans_random,20,0.1,102,0.02528600652891235,0.0017693187531912277
LLVM,random,,0.1,102,0.02543247544437085,0.001961198363879894
LLVM,diversity,,0.2,205,0.024885626081941305,0.0
LLVM,kmeans_default,5,0.2,205,0.028470844221543955,0.00563161449053544
LLVM,kmeans_default,6,0.2,205,0.029824171393675873,0.007623555771292584
LLVM,kmeans_default,7,0.2,205,0.02803734192377139,0.00417782021285415
LLVM,kmeans_default,8,0.2,205,0.02641951867466347,0.005269900628974142
LLVM,kmeans_default,9,0.2,205,0.02853758350681376,0.006308485964090979
LLVM,kmeans_default,10,0.2,205,0.02517453427331461,0.002809653658306021
LLVM,kmeans_default,11,0.2,205,0.025312072031338357,0.0032098825751741586
LLVM,kmeans_default,12,0.2,205,0.024618699717194336,0.0019189296870266211
LLVM,kmeans_default,13,0.2,205,0.02520272151579953,0.002770504880493815
LLVM,kmeans_default,14,0.2,205,0.024284981308419586,0.0018318327596179883
LLVM,kmeans_default,15,0.2,205,0.02459618212717492,0.0021292663156971853
LLVM,kmeans_default,16,0.2,205,0.024589994661850186,0.0023914945567771154
LLVM,kmeans_default,17,0.2,205,0.024235476738054422,0.002294598769489994
LLVM,kmeans_default,18,0.2,205,0.024456978884035276,0.002606968018327536
LLVM,kmeans_default,19,0.2,205,0.023991424467887427,0.00216450127639288
LLVM,kmeans_default,20,0.2,205,0.02384831511245367,0.0018195304531947413
LLVM,kmeans_hamming,5,0.2,205,0.024379687940404477,0.0008093641941174941
LLVM,kmeans_hamming,6,0.2,205,0.02425111973081058,0.000984831126976644
LLVM,kmeans_hamming,7,0.2,205,0.024616204991751222,0.0008773507151597502
LLVM,kmeans_hamming,8,0.2,205,0.024328839507127602,0.000755729702907781
LLVM,kmeans_hamming,9,0.2,205,0.02441873434610822,0.0010894556718805488
LLVM,kmeans_hamming,10,0.2,205,0.024140254638698413,0.0009774345074711251
LLVM,kmeans_hamming,11,0.2,205,0.024258677468230332,0.0010515699723846795
LLVM,kmeans_hamming,12,0.2,205,0.02448152637074993,0.001187593383074799
LLVM,kmeans_hamming,13,0.2,205,0.02420815362247798,0.0009081931489943886
LLVM,kmeans_hamming,14,0.2,205,0.02428096819630286,0.0013175121489223513
LLVM,kmeans_hamming,15,0.2,205,0.02430308267487737,0.0010271337767849076
LLVM,kmeans_hamming,16,0.2,205,0.024632265380858043,0.0011052847439310886
LLVM,kmeans_hamming,17,0.2,205,0.0240678015596126,0.0012007015202346123
LLVM,kmeans_hamming,18,0.2,205,0.024247673275856703,0.0009098280355989071
LLVM,kmeans_hamming,19,0.2,205,0.024298233521389895,0.0011358189950820402
LLVM,kmeans_hamming,20,0.2,205,0.024725134338598805,0.0012541339196553694
LLVM,kmeans_random,5,0.2,205,0.02472641831904733,0.0014989074840484446
LLVM,kmeans_random,6,0.2,205,0.02451407338527349,0.0011410124698729648
LLVM,kmeans_random,7,0.2,205,0.024905759507792693,0.0018619837858694101
LLVM,kmeans_random,8,0.2,205,0.02466640139741041,0.0012833707364760334
LLVM,kmeans_random,9,0.2,205,0.02473277752560976,0.0011988637876623885
LLVM,kmeans_random,10,0.2,205,0.02480089726687059,0.0013177365195291004
LLVM,kmeans_random,11,0.2,205,0.024354277612470256,0.001243661937513323
LLVM,kmeans_random,12,0.2,205,0.024240897603520318,0.0013817196916957172
LLVM,kmeans_random,13,0.2,205,0.02461370520657109,0.0015460021955612025
LLVM,kmeans_random,14,0.2,205,0.02455090168111408,0.0012550682159844556
LLVM,kmeans_random,15,0.2,205,0.024379623419340152,0.0012334596170267098
LLVM,kmeans_random,16,0.2,205,0.024101146192924673,0.001051991896227925
LLVM,kmeans_random,17,0.2,205,0.024511322869164926,0.0012537540580023962
LLVM,kmeans_random,18,0.2,205,0.024798093813683437,0.00151459489960271
LLVM,kmeans_random,19,0.2,205,0.024819503791594217,0.0014707966666664598
LLVM,kmeans_random,20,0.2,205,0.024488626787530936,0.0013228886151412979
LLVM,random,,0.2,205,0.02457153942152077,0.00133222057270075
LLVM,diversity,,0.3,307,0.022794588398345656,0.0
LLVM,kmeans_default,5,0.3,307,0.028237595581024778,0.0030858509695051973
LLVM,kmeans_default,6,0.3,307,0.0297510655754079,0.007881232122988037
LLVM,kmeans_default,7,0.3,307,0.027418205807006307,0.0038278101604030373
LLVM,kmeans_default,8,0.3,307,0.027065828264287373,0.005212354488813908
LLVM,kmeans_default,9,0.3,307,0.02807030338281119,0.005287608102275783
LLVM,kmeans_default,10,0.3,307,0.025274332357884104,0.002585963506595471
LLVM,kmeans_default,11,0.3,307,0.025449472035359803,0.0024430656210029825
LLVM,kmeans_default,12,0.3,307,0.024868429188664807,0.0022152914966587526
LLVM,kmeans_default,13,0.3,307,0.02552010669555398,0.0025182970193195486
LLVM,kmeans_default,14,0.3,307,0.025260870745750626,0.0035287925950044634
LLVM,kmeans_default,15,0.3,307,0.025010798814254623,0.0019641973454380944
LLVM,kmeans_default,16,0.3,307,0.025363520098225494,0.002523085186142709
LLVM,kmeans_default,17,0.3,307,0.024790491967992805,0.0022043723071611277
LLVM,kmeans_default,18,0.3,307,0.02488203395515672,0.0019057874659779896
LLVM,kmeans_default,19,0.3,307,0.025045419854500484,0.0025653053204716765
LLVM,kmeans_default,20,0.3,307,0.02483128505873895,0.0025726313592697213
LLVM,kmeans_hamming,5,0.3,307,0.024312529857841426,0.0007052893568245003
LLVM,kmeans_hamming,6,0.3,307,0.023977674007868162,0.0006840935472934724
LLVM,kmeans_hamming,7,0.3,307,0.02421989196920168,0.0008784140616161437
LLVM,kmeans_hamming,8,0.3,307,0.023997505638211118,0.0007161140788102784
LLVM,kmeans_hamming,9,0.3,307,0.024061577979040977,0.000623137399794031
LLVM,kmeans_hamming,10,0.3,307,0.023946322034530745,0.0006916962819387373
LLVM,kmeans_hamming,11,0.3,307,0.02407587793298859,0.0007689159859035743
LLVM,kmeans_hamming,12,0.3,307,0.02424889443052102,0.0008797686420749617
LLVM,kmeans_hamming,13,0.3,307,0.024236764046481545,0.0008132716960380197
LLVM,kmeans_hamming,14,0.3,307,0.02399432292570417,0.0008265104237404952
LLVM,kmeans_hamming,15,0.3,307,0.024193943531350775,0.0008220087327580075
LLVM,kmeans_hamming,16,0.3,307,0.02403173987879592,0.000855080289607922
LLVM,kmeans_hamming,17,0.3,307,0.02418699206164673,0.0008071148412759565
LLVM,kmeans_hamming,18,0.3,307,0.0240902765623382,0.0007080591184034535
LLVM,kmeans_hamming,19,0.3,307,0.024090352325317865,0.0007969578651976691
LLVM,kmeans_hamming,20,0.3,307,0.024526495885455676,0.0009108924779934737
LLVM,kmeans_random,5,0.3,307,0.024575813078396336,0.0010291938821746236
LLVM,kmeans_random,6,0.3,307,0.02416016568664708,0.0010449003195895632
LLVM,kmeans_random,7,0.3,307,0.024479377156661708,0.0009071576773473838
LLVM,kmeans_random,8,0.3,307,0.02427690810719179,0.0007788910882097961
LLVM,kmeans_random,9,0.3,307,0.02431158366712382,0.00096582952488521
LLVM,kmeans_random,10,0.3,307,0.024545580198559343,0.0009249700253096987
LLVM,kmeans_random,11,0.3,307,0.024093974622594782,0.0010563143077167371
LLVM,kmeans_random,12,0.3,307,0.024293555613466532,0.0010059988120537963
LLVM,kmeans_random,13,0.3,307,0.024170843435075934,0.0008208520401697591
LLVM,kmeans_random,14,0.3,307,0.02420727561984326,0.0009366350336045666
LLVM,kmeans_random,15,0.3,307,0.024115483977280805,0.0008141435912413624
LLVM,kmeans_random,16,0.3,307,0.02412253378552235,0.0008823524118041826
LLVM,kmeans_random,17,0.3,307,0.024279119291851045,0.000894221393720166
LLVM,kmeans_random,18,0.3,307,0.024311795926277736,0.000994049337513721
LLVM,kmeans_random,19,0.3,307,0.024421760392542558,0.0009704899708524278
LLVM,kmeans_random,20,0.3,307,0.02440305069671812,0.000999141408274953
LLVM,random,,0.3,307,0.024430982718093835,0.0009347385396838673
LLVM,diversity,,0.4,410,0.024624323986298706,0.0
LLVM,kmeans_default,5,0.4,410,0.02946308922669956,0.005212903488034159
LLVM,kmeans_default,6,0.4,410,0.0297348222519215,0.0056502689651349094
LLVM,kmeans_default,7,0.4,410,0.027940203183969302,0.005112706461556248
LLVM,kmeans_default,8,0.4,410,0.027868813333251037,0.0037670900414826483
LLVM,kmeans_default,9,0.4,410,0.028753511597172415,0.0038368922098881994
LLVM,kmeans_default,10,0.4,410,0.026812700252339762,0.0037974793971164707
LLVM,kmeans_default,11,0.4,410,0.026676905471318752,0.0032643237752635226
LLVM,kmeans_default,12,0.4,410,0.025878028355950523,0.0022524152657645287
LLVM,kmeans_default,13,0.4,410,0.02598719703591899,0.0018928186003270696
LLVM,kmeans_default,14,0.4,410,0.026063013253920256,0.0023558066329988237
LLVM,kmeans_default,15,0.4,410,0.025867330309525594,0.0034489795696665626
LLVM,kmeans_default,16,0.4,410,0.025704023440827985,0.0023192545532724164
LLVM,kmeans_default,17,0.4,410,0.025295410747446224,0.0020640958424975844
LLVM,kmeans_default,18,0.4,410,0.025164269283062188,0.0018395210478301571
LLVM,kmeans_default,19,0.4,410,0.02561252384518632,0.0020532182140928193
LLVM,kmeans_default,20,0.4,410,0.025355749008262003,0.0015887892542496979
LLVM,kmeans_hamming,5,0.4,410,0.024249282817025136,0.000621315352213849
LLVM,kmeans_hamming,6,0.4,410,0.024118228135039374,0.0006829486997659307
LLVM,kmeans_hamming,7,0.4,410,0.02416353680214185,0.0007110776117280407
LLVM,kmeans_hamming,8,0.4,410,0.023905814421605324,0.000768541258323326
LLVM,kmeans_hamming,9,0.4,410,0.02403027578030831,0.000591217610960689
LLVM,kmeans_hamming,10,0.4,410,0.02394215777751847,0.0005417757476885446
LLVM,kmeans_hamming,11,0.4,410,0.023971534254189037,0.0005970261977302071
LLVM,kmeans_hamming,12,0.4,410,0.02406420638110426,0.0006646743585013295
LLVM,kmeans_hamming,13,0.4,410,0.024171615346883262,0.0006822716277593369
LLVM,kmeans_hamming,14,0.4,410,0.02390292103694306,0.0007604489643319861
LLVM,kmeans_hamming,15,0.4,410,0.02416716218733173,0.0007109837123374415
LLVM,kmeans_hamming,16,0.4,410,0.023904856144166306,0.000563004758948998
LLVM,kmeans_hamming,17,0.4,410,0.0241966578951094,0.0005579492687060059
LLVM,kmeans_hamming,18,0.4,410,0.023908084524367577,0.0005904516904776128
LLVM,kmeans_hamming,19,0.4,410,0.024031340757143308,0.0005947419829244527
LLVM,kmeans_hamming,20,0.4,410,0.024298591415592558,0.000650043268303378
LLVM,kmeans_random,5,0.4,410,0.024419745297483666,0.0007438673941565994
LLVM,kmeans_random,6,0.4,410,0.024104157238239016,0.0007966274728295437
LLVM,kmeans_random,7,0.4,410,0.024401028016963748,0.000677085817053263
LLVM,kmeans_random,8,0.4,410,0.024225236326696622,0.0006907806680851835
LLVM,kmeans_random,9,0.4,410,0.024187650382660957,0.0006465258915402985
LLVM,kmeans_random,10,0.4,410,0.024408836040143992,0.0007524733254570856
LLVM,kmeans_random,11,0.4,410,0.023964633413756726,0.0007266045669010783
LLVM,kmeans_random,12,0.4,410,0.023983617439930403,0.0006649602700543426
LLVM,kmeans_random,13,0.4,410,0.024012203161850824,0.0007726051221196006
LLVM,kmeans_random,14,0.4,410,0.024075295862662945,0.000850522080807394
LLVM,kmeans_random,15,0.4,410,0.024110237963728177,0.0006456143577751642
LLVM,kmeans_random,16,0.4,410,0.02405440981763742,0.0006788349507619817
LLVM,kmeans_random,17,0.4,410,0.024161248488211284,0.0007082713175410573
LLVM,kmeans_random,18,0.4,410,0.024161893124624453,0.0007020562298203712
LLVM,kmeans_random,19,0.4,410,0.02427418420023568,0.0008029859953897448
LLVM,kmeans_random,20,0.4,410,0.024254778009126496,0.0007943923741736745
LLVM,random,,0.4,410,0.024360119150811575,0.0007921704554695957
LLVM,diversity,,0.5,512,0.026941634653607695,0.0
LLVM,kmeans_default,5,0.5,512,0.030305309050729947,0.006545062280838949
LLVM,kmeans_default,6,0.5,512,0.02980344407062509,0.007091019656733606
LLVM,kmeans_default,7,0.5,512,0.029724650202305723,0.006866005851077651
LLVM,kmeans_default,8,0.5,512,0.028519213598576145,0.004821064492688855
LLVM,kmeans_default,9,0.5,512,0.02914638339294741,0.0035948861415648833
LLVM,kmeans_default,10,0.5,512,0.026971372341972034,0.0036236143379436534
LLVM,kmeans_default,11,0.5,512,0.026092217625430077,0.003123881871053505
LLVM,kmeans_default,12,0.5,512,0.02594335627753159,0.0022451697875598754
LLVM,kmeans_default,13,0.5,512,0.025768952998788952,0.0014321479532735104
LLVM,kmeans_default,14,0.5,512,0.02641452702892423,0.0024761135112841264
LLVM,kmeans_default,15,0.5,512,0.025781851314299487,0.0023945017410736346
LLVM,kmeans_default,16,0.5,512,0.02535980460144672,0.0019224965980560672
LLVM,kmeans_default,17,0.5,512,0.025146892593486635,0.0016661545164240203
LLVM,kmeans_default,18,0.5,512,0.024958936275025052,0.0016851488880084578
LLVM,kmeans_default,19,0.5,512,0.025019860820305457,0.0011934502781582583
LLVM,kmeans_default,20,0.5,512,0.0251373626427688,0.0013894566049462483
LLVM,kmeans_hamming,5,0.5,512,0.024143634072427915,0.0006869517324778598
LLVM,kmeans_hamming,6,0.5,512,0.024156668780671624,0.0006961484680679128
LLVM,kmeans_hamming,7,0.5,512,0.024138454666491085,0.0009072056916118129
LLVM,kmeans_hamming,8,0.5,512,0.023933174657452542,0.0007505842499747402
LLVM,kmeans_hamming,9,0.5,512,0.02398915198858053,0.0005619172228882341
LLVM,kmeans_hamming,10,0.5,512,0.023978606529752585,0.0005705559888637005
LLVM,kmeans_hamming,11,0.5,512,0.023824121959547747,0.0005495057837428734
LLVM,kmeans_hamming,12,0.5,512,0.02401468629959967,0.0005538865874472232
LLVM,kmeans_hamming,13,0.5,512,0.023876025921313278,0.0005693125191629596
LLVM,kmeans_hamming,14,0.5,512,0.023978202540056816,0.0006189521603853131
LLVM,kmeans_hamming,15,0.5,512,0.02415235529140011,0.0006612715183012492
LLVM,kmeans_hamming,16,0.5,512,0.02392871158691833,0.0006362565418893901
LLVM,kmeans_hamming,17,0.5,512,0.024117123174979566,0.0004912383656523978
LLVM,kmeans_hamming,18,0.5,512,0.023824706416576195,0.0006146324760315245
LLVM,kmeans_hamming,19,0.5,512,0.024103219789157037,0.0006744092173579782
LLVM,kmeans_hamming,20,0.5,512,0.02420495636249682,0.0006022426492451108
LLVM,kmeans_random,5,0.5,512,0.024398159701052732,0.0006552325533628747
LLVM,kmeans_random,6,0.5,512,0.024008958551815326,0.0007544163398923111
LLVM,kmeans_random,7,0.5,512,0.024200166803333763,0.0004750278865993359
LLVM,kmeans_random,8,0.5,512,0.024177579742685928,0.0007006613021269086
LLVM,kmeans_random,9,0.5,512,0.024123937100607545,0.0007635882868715319
LLVM,kmeans_random,10,0.5,512,0.02422125434104011,0.000746812182345197
LLVM,kmeans_random,11,0.5,512,0.02400759294382537,0.000661340063510342
LLVM,kmeans_random,12,0.5,512,0.024008802899203676,0.0004507610214063221
LLVM,kmeans_random,13,0.5,512,0.02399700585936453,0.0006836701719963893
LLVM,kmeans_random,14,0.5,512,0.024165697685612258,0.0007179468061414936
LLVM,kmeans_random,15,0.5,512,0.024053144280433546,0.0007964491729940472
LLVM,kmeans_random,16,0.5,512,0.023989004771403533,0.0006921741286386729
LLVM,kmeans_random,17,0.5,512,0.02407078872282387,0.0006088206215216757
LLVM,kmeans_random,18,0.5,512,0.024000597837120705,0.0006600144901141781
LLVM,kmeans_random,19,0.5,512,0.024181314969846813,0.0007176288700297796
LLVM,kmeans_random,20,0.5,512,0.02410262664677259,0.0006561435656357456
LLVM,random,,0.5,512,0.02421566182706716,0.0006995992989230185
LLVM,diversity,,0.6,614,0.029928397967557117,0.0
LLVM,kmeans_default,5,0.6,614,0.026862005927469387,0.004499706990139443
LLVM,kmeans_default,6,0.6,614,0.02765277768751775,0.00523239305757878
LLVM,kmeans_default,7,0.6,614,0.027591192251326033,0.00567308055870357
LLVM,kmeans_default,8,0.6,614,0.02711951433388406,0.003948830805889707
LLVM,kmeans_default,9,0.6,614,0.027226365394504907,0.0032983133163990456
LLVM,kmeans_default,10,0.6,614,0.026382696351812916,0.0037210695081033823
LLVM,kmeans_default,11,0.6,614,0.024622953481712603,0.0022286628457872
LLVM,kmeans_default,12,0.6,614,0.024873133238563664,0.002189320348061977
LLVM,kmeans_default,13,0.6,614,0.024669092213718748,0.0018418916620936772
LLVM,kmeans_default,14,0.6,614,0.025134360573455958,0.0019025022700757954
LLVM,kmeans_default,15,0.6,614,0.02468344582659776,0.001963861683875077
LLVM,kmeans_default,16,0.6,614,0.02433136425319471,0.0013793061298537058
LLVM,kmeans_default,17,0.6,614,0.024510722438109252,0.0018090618773558666
LLVM,kmeans_default,18,0.6,614,0.02448790334482737,0.001304622662525337
LLVM,kmeans_default,19,0.6,614,0.024185971201550197,0.0011633312385937573
LLVM,kmeans_default,20,0.6,614,0.02444522992749803,0.001190913120842589
LLVM,kmeans_hamming,5,0.6,614,0.02418420320067568,0.0008690683617908676
LLVM,kmeans_hamming,6,0.6,614,0.024129648025718688,0.0010542143759409543
LLVM,kmeans_hamming,7,0.6,614,0.024125877182667652,0.0009735693280020868
LLVM,kmeans_hamming,8,0.6,614,0.024006449176239186,0.0009431554417547651
LLVM,kmeans_hamming,9,0.6,614,0.02393050604795916,0.0007346874896035705
LLVM,kmeans_hamming,10,0.6,614,0.023849524266332307,0.0006542474170594054
LLVM,kmeans_hamming,11,0.6,614,0.02387162979180902,0.000540861133362251
LLVM,kmeans_hamming,12,0.6,614,0.023981863919596058,0.0005341156141595961
LLVM,kmeans_hamming,13,0.6,614,0.023750647525752882,0.0007331302123040115
LLVM,kmeans_hamming,14,0.6,614,0.024020241846630912,0.0005961138216680259
LLVM,kmeans_hamming,15,0.6,614,0.02419907720434503,0.0004892321633377234
LLVM,kmeans_hamming,16,0.6,614,0.023775776289115678,0.0007699540476364313
LLVM,kmeans_hamming,17,0.6,614,0.024075667177534607,0.0005152695940415218
LLVM,kmeans_hamming,18,0.6,614,0.023879451508743453,0.0007819749224429306
LLVM,kmeans_hamming,19,0.6,614,0.02405438811603421,0.0006439498591700178
LLVM,kmeans_hamming,20,0.6,614,0.02413796704106737,0.0007230908384608512
LLVM,kmeans_random,5,0.6,614,0.024413558693441546,0.0009789643051776602
LLVM,kmeans_random,6,0.6,614,0.02396894915337143,0.0009520616551925932
LLVM,kmeans_random,7,0.6,614,0.024219678121241133,0.0006112108848508923
LLVM,kmeans_random,8,0.6,614,0.024209829773269336,0.000740346840662017
LLVM,kmeans_random,9,0.6,614,0.024296771541348388,0.000963718988363903
LLVM,kmeans_random,10,0.6,614,0.024115985072698572,0.0008490621371455419
LLVM,kmeans_random,11,0.6,614,0.02398700617067901,0.000834230045997095
LLVM,kmeans_random,12,0.6,614,0.023948734387404955,0.0005552620360922988
LLVM,kmeans_random,13,0.6,614,0.023905575470528004,0.00076454548895755
LLVM,kmeans_random,14,0.6,614,0.02410997740744836,0.0009055189051690389
LLVM,kmeans_random,15,0.6,614,0.023969767928323046,0.0008065910786615889
LLVM,kmeans_random,16,0.6,614,0.02409003697440031,0.0007822112292600165
LLVM,kmeans_random,17,0.6,614,0.024061127888271826,0.0006786494391966107
LLVM,kmeans_random,18,0.6,614,0.023935355482720733,0.0005804789837888767
LLVM,kmeans_random,19,0.6,614,0.024095352294274792,0.000638977191687254
LLVM,kmeans_random,20,0.6,614,0.02392781293350415,0.0006595675027812174
LLVM,random,,0.6,614,0.024120311530626992,0.0008795526954285252
LLVM,diversity,,0.7,717,0.0270074524068296,0.0
LLVM,kmeans_default,5,0.7,717,0.0237846679083663,0.003736637908496325
LLVM,kmeans_default,6,0.7,717,0.025458067136490636,0.004213972061087254
LLVM,kmeans_default,7,0.7,717,0.02454388080164349,0.004392674997028058
LLVM,kmeans_default,8,0.7,717,0.023593112680619602,0.0031287522843212187
LLVM,kmeans_default,9,0.7,717,0.02404173904881007,0.0026873422539745975
LLVM,kmeans_default,10,0.7,717,0.024512808950534568,0.0037133316043093203
LLVM,kmeans_default,11,0.7,717,0.022751590446791214,0.0022805825002556552
LLVM,kmeans_default,12,0.7,717,0.02270902462934129,0.0014937160245448327
LLVM,kmeans_default,13,0.7,717,0.023196742664918415,0.0016300618187558786
LLVM,kmeans_default,14,0.7,717,0.0225980717317986,0.0012555632769627547
LLVM,kmeans_default,15,0.7,717,0.022805646841225338,0.0013750476385743786
LLVM,kmeans_default,16,0.7,717,0.02320031275888078,0.0013830869070329387
LLVM,kmeans_default,17,0.7,717,0.02278607348919635,0.0015570967023913413
LLVM,kmeans_default,18,0.7,717,0.022939588523554145,0.0011085171831532695
LLVM,kmeans_default,19,0.7,717,0.022831032308346745,0.0014694238771398175
LLVM,kmeans_default,20,0.7,717,0.02296740757674694,0.0013201536986722914
LLVM,kmeans_hamming,5,0.7,717,0.024130771169016053,0.0011707150526268867
LLVM,kmeans_hamming,6,0.7,717,0.024231501321132644,0.0016461198045820498
LLVM,kmeans_hamming,7,0.7,717,0.024124755061731108,0.001199974947835216
LLVM,kmeans_hamming,8,0.7,717,0.024115250130689513,0.0008719603038761482
LLVM,kmeans_hamming,9,0.7,717,0.023862620954466788,0.0011099816074069356
LLVM,kmeans_hamming,10,0.7,717,0.02408938300739213,0.0010022401117180861
LLVM,kmeans_hamming,11,0.7,717,0.02386842217850434,0.0006101581616229064
LLVM,kmeans_hamming,12,0.7,717,0.02408892360829973,0.0008126624164711908
LLVM,kmeans_hamming,13,0.7,717,0.023646943334634837,0.0011019076483719142
LLVM,kmeans_hamming,14,0.7,717,0.024147336753918034,0.0009814154800349528
LLVM,kmeans_hamming,15,0.7,717,0.024223748902056915,0.0006479043317622888
LLVM,kmeans_hamming,16,0.7,717,0.023819923772603276,0.0011649569110970125
LLVM,kmeans_hamming,17,0.7,717,0.02385820825077785,0.0007278966950495054
LLVM,kmeans_hamming,18,0.7,717,0.02385552900748768,0.0010216730495571109
LLVM,kmeans_hamming,19,0.7,717,0.0242051612543489,0.0006512549427238174
LLVM,kmeans_hamming,20,0.7,717,0.024069710970149837,0.0008045347524175543
LLVM,kmeans_random,5,0.7,717,0.024363890401492748,0.001328338209564525
LLVM,kmeans_random,6,0.7,717,0.023833163271757263,0.0014755786086340945
LLVM,kmeans_random,7,0.7,717,0.02405171382912474,0.0009703598486815168
LLVM,kmeans_random,8,0.7,717,0.02422626128126138,0.00102291875722502
LLVM,kmeans_random,9,0.7,717,0.02443994136085762,0.001491213661768737
LLVM,kmeans_random,10,0.7,717,0.024008129119739506,0.0012301981540278617
LLVM,kmeans_random,11,0.7,717,0.02395426168320951,0.00101399849193342
LLVM,kmeans_random,12,0.7,717,0.023958247947347005,0.0009970695773675966
LLVM,kmeans_random,13,0.7,717,0.023916392610161784,0.0009101909778732824
LLVM,kmeans_random,14,0.7,717,0.02403387918416359,0.0009622572285091412
LLVM,kmeans_random,15,0.7,717,0.023985611432944122,0.0010163829836115014
LLVM,kmeans_random,16,0.7,717,0.024061706076190525,0.001047640289088973
LLVM,kmeans_random,17,0.7,717,0.024001111695010523,0.0010143136403921974
LLVM,kmeans_random,18,0.7,717,0.02377128286932167,0.0008984932202088025
LLVM,kmeans_random,19,0.7,717,0.024144865816059884,0.0008579394083663887
LLVM,kmeans_random,20,0.7,717,0.02378488073816041,0.0007741526477863068
LLVM,random,,0.7,717,0.0241730451954369,0.0007157023736759867
LLVM,diversity,,0.8,819,0.0163100675584694,0.0
LLVM,kmeans_default,5,0.8,819,0.020654842368331965,0.0036204721536253087
LLVM,kmeans_default,6,0.8,819,0.022791531467624974,0.0038442054167694916
LLVM,kmeans_default,7,0.8,819,0.021584115355775466,0.0043668084823178304
LLVM,kmeans_default,8,0.8,819,0.02108651185365169,0.0040992774500908475
LLVM,kmeans_default,9,0.8,819,0.020140979532920603,0.0027124285661554925
LLVM,kmeans_default,10,0.8,819,0.021530452141836572,0.004194626099370222
LLVM,kmeans_default,11,0.8,819,0.020635662690309527,0.0024869379056287654
LLVM,kmeans_default,12,0.8,819,0.020360830274941212,0.00158868356125663
LLVM,kmeans_default,13,0.8,819,0.02117866030876705,0.0021432189411528793
LLVM,kmeans_default,14,0.8,819,0.020553634816699688,0.0013520199317159215
LLVM,kmeans_default,15,0.8,819,0.020749383613425456,0.0018558790482701424
LLVM,kmeans_default,16,0.8,819,0.021419410185590324,0.0015709127311631765
LLVM,kmeans_default,17,0.8,819,0.020666684529558943,0.001553960955006412
LLVM,kmeans_default,18,0.8,819,0.020939245552163577,0.001345449354733055
LLVM,kmeans_default,19,0.8,819,0.020965517768446774,0.0018053868842576005
LLVM,kmeans_default,20,0.8,819,0.02102615607432014,0.0016085918800698563
LLVM,kmeans_hamming,5,0.8,819,0.024082083914574948,0.0017898404748204013
LLVM,kmeans_hamming,6,0.8,819,0.024193291508680433,0.0022870470016078397
LLVM,kmeans_hamming,7,0.8,819,0.023921594649536047,0.0018193697648671392
LLVM,kmeans_hamming,8,0.8,819,0.02430232707844917,0.0013174354129657675
LLVM,kmeans_hamming,9,0.8,819,0.023952909076843117,0.0019295813501138109
LLVM,kmeans_hamming,10,0.8,819,0.024145712158374407,0.0015569685993305073
LLVM,kmeans_hamming,11,0.8,819,0.023788871768420778,0.0012730926716526469
LLVM,kmeans_hamming,12,0.8,819,0.024161061527897973,0.00138872592698633
LLVM,kmeans_hamming,13,0.8,819,0.02358290497189567,0.0016103905857751063
LLVM,kmeans_hamming,14,0.8,819,0.023952197080873164,0.001485504240502193
LLVM,kmeans_hamming,15,0.8,819,0.024382928066825092,0.001063118100645119
LLVM,kmeans_hamming,16,0.8,819,0.023976851949055532,0.001455272467567371
LLVM,kmeans_hamming,17,0.8,819,0.023788156299085626,0.001375532734665894
LLVM,kmeans_hamming,18,0.8,819,0.023837660969201334,0.0013512965605417659
LLVM,kmeans_hamming,19,0.8,819,0.024215072243515726,0.0011831579768808987
LLVM,kmeans_hamming,20,0.8,819,0.02402823210066981,0.0011542861246750713
LLVM,kmeans_random,5,0.8,819,0.02427965153196879,0.001954915883756475
LLVM,kmeans_random,6,0.8,819,0.023620721303372037,0.0018759340893739302
LLVM,kmeans_random,7,0.8,819,0.023740586082812057,0.0017089134965454112
LLVM,kmeans_random,8,0.8,819,0.024398688370631465,0.0012575933069935773
LLVM,kmeans_random,9,0.8,819,0.024174259204514395,0.0020193142937202898
LLVM,kmeans_random,10,0.8,819,0.023906095405838268,0.0017437316559911198
LLVM,kmeans_random,11,0.8,819,0.024145804436086344,0.0014054133629214398
LLVM,kmeans_random,12,0.8,819,0.023874851875835677,0.0014854469996307882
LLVM,kmeans_random,13,0.8,819,0.023844441322774544,0.0015122236591973628
LLVM,kmeans_random,14,0.8,819,0.024167509378739613,0.0012815636966822534
LLVM,kmeans_random,15,0.8,819,0.024314756259449576,0.0013126582658021153
LLVM,kmeans_random,16,0.8,819,0.023882733258913703,0.0013738534728364171
LLVM,kmeans_random,17,0.8,819,0.024100375886889427,0.001863074520804938
LLVM,kmeans_random,18,0.8,819,0.023650767660272128,0.0013442914865526927
LLVM,kmeans_random,19,0.8,819,0.024306689809856695,0.0011269105973154446
LLVM,kmeans_random,20,0.8,819,0.02395039410879902,0.0012304022153375779
LLVM,random,,0.8,819,0.023818401413440205,0.0012739917440213711
LLVM,diversity,,0.9,922,0.014666090677649875,0.0
LLVM,kmeans_default,5,0.9,922,0.01868361625356175,0.005277042186462046
LLVM,kmeans_default,6,0.9,922,0.01790903268706673,0.004635157104612195
LLVM,kmeans_default,7,0.9,922,0.017611475141498325,0.0056034417502427315
LLVM,kmeans_default,8,0.9,922,0.02026290489837271,0.004854848600462624
LLVM,kmeans_default,9,0.9,922,0.01787872994131556,0.0040556257599360206
LLVM,kmeans_default,10,0.9,922,0.018725019201852145,0.005254065480682555
LLVM,kmeans_default,11,0.9,922,0.017737351255214678,0.0030550734311026746
LLVM,kmeans_default,12,0.9,922,0.017570177919189894,0.003105208777163202
LLVM,kmeans_default,13,0.9,922,0.01887064057471311,0.003108299196635087
LLVM,kmeans_default,14,0.9,922,0.018853041911894814,0.002368184017994862
LLVM,kmeans_default,15,0.9,922,0.019145443510206275,0.0029893252919845387
LLVM,kmeans_default,16,0.9,922,0.01896599950272087,0.002222139801916859
LLVM,kmeans_default,17,0.9,922,0.018704043159032957,0.0019940281357928515
LLVM,kmeans_default,18,0.9,922,0.017890428467100466,0.002098098012083072
LLVM,kmeans_default,19,0.9,922,0.019168774495664228,0.0024537466393970762
LLVM,kmeans_default,20,0.9,922,0.018949966479479163,0.0024931489493570883
LLVM,kmeans_hamming,5,0.9,922,0.024375638599067002,0.002527345230815085
LLVM,kmeans_hamming,6,0.9,922,0.02385640449438932,0.0034504010759938476
LLVM,kmeans_hamming,7,0.9,922,0.023529890821744105,0.0033264198625650135
LLVM,kmeans_hamming,8,0.9,922,0.024255368117038986,0.0025047563993176604
LLVM,kmeans_hamming,9,0.9,922,0.023599878177833707,0.0027579364337310505
LLVM,kmeans_hamming,10,0.9,922,0.024781016019235474,0.0023293506760494217
LLVM,kmeans_hamming,11,0.9,922,0.023998314902743074,0.002857149854248762
LLVM,kmeans_hamming,12,0.9,922,0.024211522738861884,0.002405896247331842
LLVM,kmeans_hamming,13,0.9,922,0.023307674777044384,0.003158537767880822
LLVM,kmeans_hamming,14,0.9,922,0.023650036971913594,0.002356173454800574
LLVM,kmeans_hamming,15,0.9,922,0.02463626627608552,0.0019783736253501595
LLVM,kmeans_hamming,16,0.9,922,0.024253537644611366,0.0029209858749567504
LLVM,kmeans_hamming,17,0.9,922,0.023730819331414795,0.002480125708213881
LLVM,kmeans_hamming,18,0.9,922,0.024135335231425734,0.002149206854755265
LLVM,kmeans_hamming,19,0.9,922,0.024004237073233996,0.001718164438437484
LLVM,kmeans_hamming,20,0.9,922,0.024494635817699218,0.0020459619199935278
LLVM,kmeans_random,5,0.9,922,0.0244935424627428,0.003177109751487859
LLVM,kmeans_random,6,0.9,922,0.023470156092362755,0.002745925673614315
LLVM,kmeans_random,7,0.9,922,0.023092221644058927,0.002720077754689411
LLVM,kmeans_random,8,0.9,922,0.024331359342442283,0.0021149877369620045
LLVM,kmeans_random,9,0.9,922,0.0232805422472319,0.00268401239302692
LLVM,kmeans_random,10,0.9,922,0.023924949164068735,0.003030159668760391
LLVM,kmeans_random,11,0.9,922,0.02420389190942115,0.002364852673966722
LLVM,kmeans_random,12,0.9,922,0.024055093805441855,0.0028682909001292497
LLVM,kmeans_random,13,0.9,922,0.023492969281775317,0.0027373686154110104
LLVM,kmeans_random,14,0.9,922,0.02414718505826621,0.0021151617382432772
LLVM,kmeans_random,15,0.9,922,0.024768730189549,0.0023482584799921955
LLVM,kmeans_random,16,0.9,922,0.02360801107986352,0.00301748262703058
LLVM,kmeans_random,17,0.9,922,0.02422648552995191,0.002559808049615246
LLVM,kmeans_random,18,0.9,922,0.023210153433445513,0.0023094338109696656
LLVM,kmeans_random,19,0.9,922,0.02442207426471217,0.002216783127598215
LLVM,kmeans_random,20,0.9,922,0.0242928340520656,0.002153016142349524
LLVM,random,,0.9,922,0.024321161069807373,0.0014315261672618433
LLVM,diversity,,1.0,1023,0.0006958433040546449,0.0
LLVM,kmeans_default,5,1.0,1023,0.017872945171480817,0.018924805029150032
LLVM,kmeans_default,6,1.0,1023,0.014428509958528004,0.01636878410578887
LLVM,kmeans_default,7,1.0,1023,0.021388865036367336,0.018804399227552736
LLVM,kmeans_default,8,1.0,1023,0.018500087935438402,0.021650649808029658
LLVM,kmeans_default,9,1.0,1023,0.022375302709427114,0.020249780126271207
LLVM,kmeans_default,10,1.0,1023,0.018650946606667093,0.017397323890916732
LLVM,kmeans_default,11,1.0,1023,0.015596199460099932,0.01757613022097933
LLVM,kmeans_default,12,1.0,1023,0.01596096573451903,0.015602718624105777
LLVM,kmeans_default,13,1.0,1023,0.01254093602182816,0.014816498684928759
LLVM,kmeans_default,14,1.0,1023,0.015859196541601346,0.017696763779087073
LLVM,kmeans_default,15,1.0,1023,0.017033138982921667,0.016285654783636295
LLVM,kmeans_default,16,1.0,1023,0.018806830993538467,0.018545633692859043
LLVM,kmeans_default,17,1.0,1023,0.01967551710775235,0.019726231164060158
LLVM,kmeans_default,18,1.0,1023,0.012962898734004302,0.014988066807738102
LLVM,kmeans_default,19,1.0,1023,0.01882467798415646,0.018790520456536022
LLVM,kmeans_default,20,1.0,1023,0.00921075237406644,0.00944012944955313
LLVM,kmeans_hamming,5,1.0,1023,0.026929242843209477,0.027709580050024232
LLVM,kmeans_hamming,6,1.0,1023,0.02133278500435028,0.021602219366663438
LLVM,kmeans_hamming,7,1.0,1023,0.026513835114022628,0.02617760321676442
LLVM,kmeans_hamming,8,1.0,1023,0.027770030980097005,0.020611130747070685
LLVM,kmeans_hamming,9,1.0,1023,0.022369018573961404,0.02446458463073806
LLVM,kmeans_hamming,10,1.0,1023,0.02683416692725548,0.027086057015135136
LLVM,kmeans_hamming,11,1.0,1023,0.02046239111547458,0.015512117103501585
LLVM,kmeans_hamming,12,1.0,1023,0.01918560879690683,0.018641434900973464
LLVM,kmeans_hamming,13,1.0,1023,0.024499991428538516,0.024184387851163516
LLVM,kmeans_hamming,14,1.0,1023,0.022702470533526996,0.02102549758814896
LLVM,kmeans_hamming,15,1.0,1023,0.02845699432270012,0.028431136799367207
LLVM,kmeans_hamming,16,1.0,1023,0.030031076477645732,0.0248990140759562
LLVM,kmeans_hamming,17,1.0,1023,0.023134737390466086,0.01800811561784835
LLVM,kmeans_hamming,18,1.0,1023,0.02317422109626932,0.023498804182829743
LLVM,kmeans_hamming,19,1.0,1023,0.020123985397541046,0.018174316779248086
LLVM,kmeans_hamming,20,1.0,1023,0.02338486811050844,0.022185819412323098
LLVM,kmeans_random,5,1.0,1023,0.020760526917064172,0.019441588266431577
LLVM,kmeans_random,6,1.0,1023,0.02125092482541297,0.019650286329589678
LLVM,kmeans_random,7,1.0,1023,0.020707523935647527,0.01592763009121334
LLVM,kmeans_random,8,1.0,1023,0.031988962791835794,0.024667224572914984
LLVM,kmeans_random,9,1.0,1023,0.02694024118967971,0.028182313148614562
LLVM,kmeans_random,10,1.0,1023,0.027319411414248724,0.025266230185626813
LLVM,kmeans_random,11,1.0,1023,0.029699856572733038,0.025838749131563178
LLVM,kmeans_random,12,1.0,1023,0.02507924478570222,0.024166029179855462
LLVM,kmeans_random,13,1.0,1023,0.023487776460641437,0.01700864065868257
LLVM,kmeans_random,14,1.0,1023,0.03319042734561932,0.030107497919556376
LLVM,kmeans_random,15,1.0,1023,0.030053025896814887,0.027641292864314777
LLVM,kmeans_random,16,1.0,1023,0.023063034758620895,0.017951962072177644
LLVM,kmeans_random,17,1.0,1023,0.021236613320805967,0.024663812314295968
LLVM,kmeans_random,18,1.0,1023,0.02704258186575503,0.024595647036900425
LLVM,kmeans_random,19,1.0,1023,0.021309445425488276,0.019966361883071545
LLVM,kmeans_random,20,1.0,1023,0.023348430456528447,0.019721478570323664
LLVM,random,,1.0,1023,0.029086402314721652,0.023439966048242
