dataset,sampling_method,k,sample_fraction,sample_size,mean_mape,std_mape
Apache,diversity,,0.1,19,0.14331675893444815,0.0
Apache,kmeans_default,5,0.1,19,0.19390354433098803,0.025433108079509516
Apache,kmeans_default,6,0.1,19,0.1916553870921153,0.03184993916670645
Apache,kmeans_default,7,0.1,19,0.19636057166847776,0.0482883426011084
Apache,kmeans_default,8,0.1,19,0.2205846388037765,0.06856743892753679
Apache,kmeans_default,9,0.1,19,0.21724624589230646,0.05681301230243037
Apache,kmeans_default,10,0.1,19,0.20276149921772255,0.04777865311855065
Apache,kmeans_default,11,0.1,19,0.20884956214811165,0.05454001276400788
Apache,kmeans_default,12,0.1,19,0.21774796590092474,0.04409373328297537
Apache,kmeans_default,13,0.1,19,0.20662506247428217,0.058489555864385916
Apache,kmeans_default,14,0.1,19,0.198330184182208,0.05343871603465986
Apache,kmeans_default,15,0.1,19,0.19525341502364718,0.03387659780852248
Apache,kmeans_default,16,0.1,19,0.22739431105067548,0.0647139780349572
Apache,kmeans_default,17,0.1,19,0.1992281095580806,0.03193457602405035
Apache,kmeans_default,18,0.1,19,0.18828551959884307,0.03211567411117705
Apache,kmeans_default,19,0.1,19,0.2161397060409114,0.055770481108149625
Apache,kmeans_hamming,5,0.1,19,0.1840240428134444,0.022512877920061968
Apache,kmeans_hamming,6,0.1,19,0.1854319837643842,0.02615901115649297
Apache,kmeans_hamming,7,0.1,19,0.18966272750521238,0.023567449998180535
Apache,kmeans_hamming,8,0.1,19,0.18181801339210396,0.02774364727730945
Apache,kmeans_hamming,9,0.1,19,0.18643975129028276,0.025208093284979728
Apache,kmeans_hamming,10,0.1,19,0.18257870812070606,0.01879502667812233
Apache,kmeans_hamming,11,0.1,19,0.1948486853551259,0.01979176086327792
Apache,kmeans_hamming,12,0.1,19,0.19626130634745162,0.026531637645545114
Apache,kmeans_hamming,13,0.1,19,0.20309518360808648,0.04016966780061537
Apache,kmeans_hamming,14,0.1,19,0.20100109835744745,0.027898978936883537
Apache,kmeans_hamming,15,0.1,19,0.1953527822025909,0.016460592919524383
Apache,kmeans_hamming,16,0.1,19,0.1954789306701462,0.01916626670617635
Apache,kmeans_hamming,17,0.1,19,0.1968277973245685,0.024102160677865386
Apache,kmeans_hamming,18,0.1,19,0.2076976112524241,0.025891379399375896
Apache,kmeans_hamming,19,0.1,19,0.21446351187771756,0.02792779553906305
Apache,kmeans_random,5,0.1,19,0.18337943099919832,0.021812004545373083
Apache,kmeans_random,6,0.1,19,0.18450950628064733,0.03365706826806451
Apache,kmeans_random,7,0.1,19,0.18346371482684326,0.026838027898957045
Apache,kmeans_random,8,0.1,19,0.1952351397342946,0.034037558814970406
Apache,kmeans_random,9,0.1,19,0.18456295206528658,0.028343971629348715
Apache,kmeans_random,10,0.1,19,0.18264199724301422,0.022549014504657874
Apache,kmeans_random,11,0.1,19,0.18194185041606623,0.022456852992128386
Apache,kmeans_random,12,0.1,19,0.1820846053697511,0.02633777416086442
Apache,kmeans_random,13,0.1,19,0.1782324882162725,0.017669617054410967
Apache,kmeans_random,14,0.1,19,0.18314340061576911,0.018921878391948064
Apache,kmeans_random,15,0.1,19,0.1798314673684209,0.02206976060437853
Apache,kmeans_random,16,0.1,19,0.18331962269058108,0.023499529240037755
Apache,kmeans_random,17,0.1,19,0.1772086418745471,0.02100831109718987
Apache,kmeans_random,18,0.1,19,0.17745034418815367,0.020962611931369595
Apache,kmeans_random,19,0.1,19,0.17974714837253114,0.018854456817786417
Apache,random,,0.1,19,0.17877063721502304,0.019254492440610144
Apache,diversity,,0.2,38,0.15775170444474074,0.0
Apache,kmeans_default,5,0.2,38,0.19404368818432166,0.04816417589214372
Apache,kmeans_default,6,0.2,38,0.1914767700609433,0.031233844028702724
Apache,kmeans_default,7,0.2,38,0.18309459179463017,0.029399752784641978
Apache,kmeans_default,8,0.2,38,0.18304170191332056,0.035093693051816206
Apache,kmeans_default,9,0.2,38,0.17688672224681345,0.03505900998861013
Apache,kmeans_default,10,0.2,38,0.17570147049353346,0.021069698065373475
Apache,kmeans_default,11,0.2,38,0.1810401322631039,0.03411334645391938
Apache,kmeans_default,12,0.2,38,0.17287400436485978,0.03260290168189912
Apache,kmeans_default,13,0.2,38,0.1673299003635605,0.020584447048249986
Apache,kmeans_default,14,0.2,38,0.1654715304819516,0.016749582835445972
Apache,kmeans_default,15,0.2,38,0.16746286135725771,0.0206784975986813
Apache,kmeans_default,16,0.2,38,0.168636063638536,0.028240397233424922
Apache,kmeans_default,17,0.2,38,0.16540728775752359,0.014705758543952079
Apache,kmeans_default,18,0.2,38,0.16746539630060076,0.021343688153050128
Apache,kmeans_default,19,0.2,38,0.1656028759695253,0.017606868274776918
Apache,kmeans_default,20,0.2,38,0.1602462349667041,0.01311111985335715
Apache,kmeans_default,21,0.2,38,0.1593758185016492,0.012562341847382348
Apache,kmeans_default,22,0.2,38,0.15828548622661492,0.010220756783656996
Apache,kmeans_default,23,0.2,38,0.161537972444148,0.01753247332752967
Apache,kmeans_default,24,0.2,38,0.1640743571373398,0.0207505766249604
Apache,kmeans_default,25,0.2,38,0.16050193897795617,0.017647910270237276
Apache,kmeans_default,26,0.2,38,0.16217559659297173,0.014402586285722671
Apache,kmeans_default,27,0.2,38,0.15778163320151473,0.011682084970870985
Apache,kmeans_default,28,0.2,38,0.167780086128637,0.027919006559199988
Apache,kmeans_default,29,0.2,38,0.15809675357763445,0.010168560144622125
Apache,kmeans_default,30,0.2,38,0.15894360771518035,0.0108190910340484
Apache,kmeans_default,31,0.2,38,0.15801396483148883,0.010439505994275488
Apache,kmeans_default,32,0.2,38,0.1593179483414455,0.011083223632044769
Apache,kmeans_default,33,0.2,38,0.1560506029520152,0.01124418410140849
Apache,kmeans_default,34,0.2,38,0.15992278715734912,0.010437488765485866
Apache,kmeans_default,35,0.2,38,0.1582031696091183,0.010599634054687864
Apache,kmeans_default,36,0.2,38,0.15810913854912467,0.011673555540212417
Apache,kmeans_default,37,0.2,38,0.15985913092641857,0.012583695588125055
Apache,kmeans_default,38,0.2,38,0.15875586874495073,0.009447336335693128
Apache,kmeans_hamming,5,0.2,38,0.15486345596271478,0.008316987912594897
Apache,kmeans_hamming,6,0.2,38,0.15947940613443748,0.00926983172141817
Apache,kmeans_hamming,7,0.2,38,0.15690088249682263,0.0071775256478926784
Apache,kmeans_hamming,8,0.2,38,0.15893757894147598,0.007018949403219483
Apache,kmeans_hamming,9,0.2,38,0.1604335832542786,0.008056532161797188
Apache,kmeans_hamming,10,0.2,38,0.15819915896460043,0.007229547357916523
Apache,kmeans_hamming,11,0.2,38,0.15888493903556272,0.0074356127635583
Apache,kmeans_hamming,12,0.2,38,0.15868582864280603,0.008418036877894575
Apache,kmeans_hamming,13,0.2,38,0.16502878492038062,0.009628363299908946
Apache,kmeans_hamming,14,0.2,38,0.16054601551002368,0.008629022850579414
Apache,kmeans_hamming,15,0.2,38,0.16126061010148998,0.009684973315699608
Apache,kmeans_hamming,16,0.2,38,0.1638827186210322,0.011963641774045776
Apache,kmeans_hamming,17,0.2,38,0.1620593585897779,0.008815673200232828
Apache,kmeans_hamming,18,0.2,38,0.1632496045818161,0.009658335940531112
Apache,kmeans_hamming,19,0.2,38,0.16561586357252242,0.011661483823781035
Apache,kmeans_hamming,20,0.2,38,0.1648613926977827,0.011426382470305488
Apache,kmeans_hamming,21,0.2,38,0.1657012653797496,0.011451182842919247
Apache,kmeans_hamming,22,0.2,38,0.162040431375122,0.011073135976842131
Apache,kmeans_hamming,23,0.2,38,0.1693642310230491,0.010555930839197073
Apache,kmeans_hamming,24,0.2,38,0.16610398613929217,0.011093926939687235
Apache,kmeans_hamming,25,0.2,38,0.16595824006614215,0.011863442680496732
Apache,kmeans_hamming,26,0.2,38,0.1696070775669997,0.013200799034646325
Apache,kmeans_hamming,27,0.2,38,0.1689610430170057,0.01130881321335765
Apache,kmeans_hamming,28,0.2,38,0.17087334199429188,0.010399568562227946
Apache,kmeans_hamming,29,0.2,38,0.1667869871076745,0.009860872814282025
Apache,kmeans_hamming,30,0.2,38,0.1738921750755192,0.012091456215643363
Apache,kmeans_hamming,31,0.2,38,0.1688671422755768,0.011555094701674106
Apache,kmeans_hamming,32,0.2,38,0.17348686439033154,0.01339010940278227
Apache,kmeans_hamming,33,0.2,38,0.17544907682058616,0.010820840381826118
Apache,kmeans_hamming,34,0.2,38,0.17076975733654426,0.013332833525692395
Apache,kmeans_hamming,35,0.2,38,0.1697547440446359,0.010894102864193133
Apache,kmeans_hamming,36,0.2,38,0.18051098024247605,0.019131382506526837
Apache,kmeans_hamming,37,0.2,38,0.1784501972733388,0.014684620438093854
Apache,kmeans_hamming,38,0.2,38,0.1811113450379029,0.01176967923798321
Apache,kmeans_random,5,0.2,38,0.1621294531334859,0.01054074073158228
Apache,kmeans_random,6,0.2,38,0.16297570743635917,0.011869572209773154
Apache,kmeans_random,7,0.2,38,0.15920316794120035,0.008889686647968274
Apache,kmeans_random,8,0.2,38,0.16568027309835318,0.013685075757434249
Apache,kmeans_random,9,0.2,38,0.15883014418648397,0.008424575056334132
Apache,kmeans_random,10,0.2,38,0.16112489108039532,0.009452166098314414
Apache,kmeans_random,11,0.2,38,0.1608645427903651,0.010175877257545301
Apache,kmeans_random,12,0.2,38,0.15761642516091415,0.0063597984766366085
Apache,kmeans_random,13,0.2,38,0.1617121822390715,0.011350580363286568
Apache,kmeans_random,14,0.2,38,0.1621125683269943,0.009531366874549767
Apache,kmeans_random,15,0.2,38,0.16016975350810705,0.007562318047279496
Apache,kmeans_random,16,0.2,38,0.15938243777003613,0.010682408607210175
Apache,kmeans_random,17,0.2,38,0.1620609801404637,0.007733924686367707
Apache,kmeans_random,18,0.2,38,0.16040432287149728,0.009700887206609178
Apache,kmeans_random,19,0.2,38,0.1621482715505142,0.006487543832958147
Apache,kmeans_random,20,0.2,38,0.1629173202159475,0.011999989983926089
Apache,kmeans_random,21,0.2,38,0.16059303921465312,0.009985442069575395
Apache,kmeans_random,22,0.2,38,0.15973705170085964,0.008394917679080597
Apache,kmeans_random,23,0.2,38,0.16110509188953862,0.00787333617049637
Apache,kmeans_random,24,0.2,38,0.16226110662045695,0.009410790104086958
Apache,kmeans_random,25,0.2,38,0.15805365916101385,0.007942724572593565
Apache,kmeans_random,26,0.2,38,0.15957814569107942,0.008098368230977041
Apache,kmeans_random,27,0.2,38,0.1611485685408595,0.008052951023752225
Apache,kmeans_random,28,0.2,38,0.16159228014679503,0.01110797088871073
Apache,kmeans_random,29,0.2,38,0.15921486427021792,0.009105870661008866
Apache,kmeans_random,30,0.2,38,0.1587322091272659,0.008292232352961858
Apache,kmeans_random,31,0.2,38,0.1603885058252927,0.00949406054223259
Apache,kmeans_random,32,0.2,38,0.16360164267982835,0.00912718038602259
Apache,kmeans_random,33,0.2,38,0.16031163204342394,0.008538789989258555
Apache,kmeans_random,34,0.2,38,0.15803376167461516,0.008307904611115658
Apache,kmeans_random,35,0.2,38,0.15774863343949336,0.009048744249311565
Apache,kmeans_random,36,0.2,38,0.16037774173597902,0.009096270774031863
Apache,kmeans_random,37,0.2,38,0.15659836432567437,0.007562182442291509
Apache,kmeans_random,38,0.2,38,0.1605634242273732,0.009590983218502772
Apache,random,,0.2,38,0.16261522165952486,0.010532878631704885
Apache,diversity,,0.3,58,0.14727765089946945,0.0
Apache,kmeans_default,5,0.3,58,0.17633477266380954,0.026236275119097277
Apache,kmeans_default,6,0.3,58,0.16164064459124367,0.012679672978334219
Apache,kmeans_default,7,0.3,58,0.16398494052086682,0.01725538676714223
Apache,kmeans_default,8,0.3,58,0.16056743324453537,0.017046348755582686
Apache,kmeans_default,9,0.3,58,0.15745867480843598,0.012161243944517385
Apache,kmeans_default,10,0.3,58,0.15550302242217892,0.008286514565620875
Apache,kmeans_default,11,0.3,58,0.15670260922287893,0.012343564087685754
Apache,kmeans_default,12,0.3,58,0.15586500692040817,0.011771275701902223
Apache,kmeans_default,13,0.3,58,0.15368256297301794,0.008445697798932795
Apache,kmeans_default,14,0.3,58,0.157347241442951,0.012062771562229463
Apache,kmeans_default,15,0.3,58,0.15757418368365092,0.013386911645596003
Apache,kmeans_default,16,0.3,58,0.15495591633994318,0.008067147224562378
Apache,kmeans_default,17,0.3,58,0.1532041210427767,0.00672651335053955
Apache,kmeans_default,18,0.3,58,0.15584976968484524,0.009686852631653326
Apache,kmeans_default,19,0.3,58,0.15452338553927522,0.007113044232124803
Apache,kmeans_default,20,0.3,58,0.1514406663062826,0.006786349093801128
Apache,kmeans_default,21,0.3,58,0.15374128431181505,0.007500255419578652
Apache,kmeans_default,22,0.3,58,0.15172117874928634,0.007731131187437585
Apache,kmeans_default,23,0.3,58,0.1505053306680479,0.006373686443013309
Apache,kmeans_default,24,0.3,58,0.15275203165782358,0.007343212976007835
Apache,kmeans_default,25,0.3,58,0.15255259753947867,0.008851380318014647
Apache,kmeans_default,26,0.3,58,0.15362218734857136,0.00674004228705688
Apache,kmeans_default,27,0.3,58,0.15158887954126382,0.005488131964338856
Apache,kmeans_default,28,0.3,58,0.15379769492395495,0.007973685607459695
Apache,kmeans_default,29,0.3,58,0.1520753787127198,0.006475877188648687
Apache,kmeans_default,30,0.3,58,0.15398038799339286,0.009056684251815605
Apache,kmeans_default,31,0.3,58,0.15300339948086636,0.005390250165499624
Apache,kmeans_default,32,0.3,58,0.15372759440954692,0.005896733717897417
Apache,kmeans_default,33,0.3,58,0.15347306118828655,0.006732563513595131
Apache,kmeans_default,34,0.3,58,0.1544860611649533,0.005907965834468374
Apache,kmeans_default,35,0.3,58,0.1537966820222321,0.006072461443545716
Apache,kmeans_default,36,0.3,58,0.15237609758393242,0.00821393841236738
Apache,kmeans_default,37,0.3,58,0.1513567879046475,0.005553005927335764
Apache,kmeans_default,38,0.3,58,0.15132110192210177,0.005571309282191591
Apache,kmeans_default,39,0.3,58,0.15196248246842087,0.006317407177070033
Apache,kmeans_default,40,0.3,58,0.15105856446932903,0.005055764823905494
Apache,kmeans_default,41,0.3,58,0.15145588930298778,0.005412099516686279
Apache,kmeans_default,42,0.3,58,0.15177022312190164,0.005419474122385311
Apache,kmeans_default,43,0.3,58,0.153118518384298,0.0052460853885564354
Apache,kmeans_default,44,0.3,58,0.15290661020379073,0.004224834162664737
Apache,kmeans_default,45,0.3,58,0.15086161465520406,0.0051919201051182735
Apache,kmeans_default,46,0.3,58,0.15194654679898215,0.004806375891484512
Apache,kmeans_default,47,0.3,58,0.15140499767319895,0.004768021892126151
Apache,kmeans_default,48,0.3,58,0.15327976857891537,0.006798608340754405
Apache,kmeans_default,49,0.3,58,0.15318734907454604,0.005752726327901538
Apache,kmeans_default,50,0.3,58,0.15023817343503984,0.004248680787149018
Apache,kmeans_hamming,5,0.3,58,0.15203236193432276,0.004892663316855019
Apache,kmeans_hamming,6,0.3,58,0.1517729044653988,0.004757890671865878
Apache,kmeans_hamming,7,0.3,58,0.15391224309363902,0.005152192576156712
Apache,kmeans_hamming,8,0.3,58,0.1543302086964669,0.00660418266070339
Apache,kmeans_hamming,9,0.3,58,0.15517162169456308,0.005327755571239753
Apache,kmeans_hamming,10,0.3,58,0.15506137145278132,0.006203669158494966
Apache,kmeans_hamming,11,0.3,58,0.15427867904501577,0.005669362028232072
Apache,kmeans_hamming,12,0.3,58,0.15519015487847954,0.006247265240234761
Apache,kmeans_hamming,13,0.3,58,0.15795395365767628,0.0072105590067083865
Apache,kmeans_hamming,14,0.3,58,0.15441328278476713,0.005026734882511026
Apache,kmeans_hamming,15,0.3,58,0.1543930510439054,0.006081660538833422
Apache,kmeans_hamming,16,0.3,58,0.15621714116223231,0.0050639000421586365
Apache,kmeans_hamming,17,0.3,58,0.15615195888641695,0.005894348577371986
Apache,kmeans_hamming,18,0.3,58,0.15919589475642565,0.007277057891795608
Apache,kmeans_hamming,19,0.3,58,0.15766901582368734,0.005995679501231047
Apache,kmeans_hamming,20,0.3,58,0.1571337929636998,0.0057462593138383885
Apache,kmeans_hamming,21,0.3,58,0.15733929314929015,0.008060768062433032
Apache,kmeans_hamming,22,0.3,58,0.1552383585258835,0.006223031921305823
Apache,kmeans_hamming,23,0.3,58,0.1598928170021107,0.005823081950327404
Apache,kmeans_hamming,24,0.3,58,0.15833758516617932,0.005343178895598675
Apache,kmeans_hamming,25,0.3,58,0.15760924933779236,0.007462266920795375
Apache,kmeans_hamming,26,0.3,58,0.1610289782496523,0.005969902162596177
Apache,kmeans_hamming,27,0.3,58,0.15988337074742262,0.007086780860704177
Apache,kmeans_hamming,28,0.3,58,0.15856333862881494,0.006496271742476319
Apache,kmeans_hamming,29,0.3,58,0.15579187701479177,0.005803858654849841
Apache,kmeans_hamming,30,0.3,58,0.16236958413512995,0.007480822609316548
Apache,kmeans_hamming,31,0.3,58,0.1585297105282588,0.006046671922757674
Apache,kmeans_hamming,32,0.3,58,0.16149304075833676,0.007017566842220407
Apache,kmeans_hamming,33,0.3,58,0.16019564845696938,0.005955399620779194
Apache,kmeans_hamming,34,0.3,58,0.160619164711913,0.0076172708948623324
Apache,kmeans_hamming,35,0.3,58,0.15850325057679804,0.008082924165226822
Apache,kmeans_hamming,36,0.3,58,0.16162101016121103,0.007008412456607956
Apache,kmeans_hamming,37,0.3,58,0.16214137869825235,0.007137645913940277
Apache,kmeans_hamming,38,0.3,58,0.16441951136228386,0.01003469860300515
Apache,kmeans_hamming,39,0.3,58,0.16600583830359525,0.009336432891605892
Apache,kmeans_hamming,40,0.3,58,0.1645014053530238,0.007646607074178514
Apache,kmeans_hamming,41,0.3,58,0.16808081582053197,0.011803556774786618
Apache,kmeans_hamming,42,0.3,58,0.16505606158428515,0.008285710708059125
Apache,kmeans_hamming,43,0.3,58,0.1649377167855623,0.006497486801592964
Apache,kmeans_hamming,44,0.3,58,0.1665402045676741,0.012356804798757781
Apache,kmeans_hamming,45,0.3,58,0.1658996172080549,0.00876173568201183
Apache,kmeans_hamming,46,0.3,58,0.1609965939849292,0.009248929199484777
Apache,kmeans_hamming,47,0.3,58,0.16598046408400854,0.010069191396523623
Apache,kmeans_hamming,48,0.3,58,0.17065374917247775,0.013127537170386986
Apache,kmeans_hamming,49,0.3,58,0.17039795730101845,0.009501044502922473
Apache,kmeans_hamming,50,0.3,58,0.16711207834521635,0.008844724682264112
Apache,kmeans_random,5,0.3,58,0.16086558678471607,0.008452905477199768
Apache,kmeans_random,6,0.3,58,0.15746684337859193,0.008237774354880692
Apache,kmeans_random,7,0.3,58,0.15595294380485794,0.007715489178771061
Apache,kmeans_random,8,0.3,58,0.1603806233371596,0.00893168992987044
Apache,kmeans_random,9,0.3,58,0.15586952106711705,0.009021743855685332
Apache,kmeans_random,10,0.3,58,0.15674988071504461,0.008060273056935203
Apache,kmeans_random,11,0.3,58,0.15712824906882175,0.007076250651433366
Apache,kmeans_random,12,0.3,58,0.15774201388353123,0.0063356918759584135
Apache,kmeans_random,13,0.3,58,0.15685379501907376,0.00751318356358165
Apache,kmeans_random,14,0.3,58,0.1579370393349463,0.007600540825671487
Apache,kmeans_random,15,0.3,58,0.15773553791842668,0.007517077591153569
Apache,kmeans_random,16,0.3,58,0.15669413083600292,0.008175569092131848
Apache,kmeans_random,17,0.3,58,0.15687264454343214,0.0059477835406247775
Apache,kmeans_random,18,0.3,58,0.15692194623253786,0.006395262854828784
Apache,kmeans_random,19,0.3,58,0.15704837067262184,0.005642270822524401
Apache,kmeans_random,20,0.3,58,0.1577015895969945,0.006503822691161934
Apache,kmeans_random,21,0.3,58,0.15670795342759156,0.007673693058787805
Apache,kmeans_random,22,0.3,58,0.15591865611115702,0.005882149386948777
Apache,kmeans_random,23,0.3,58,0.15833882055158047,0.008158555747642654
Apache,kmeans_random,24,0.3,58,0.16113122898769242,0.008159031141320085
Apache,kmeans_random,25,0.3,58,0.1564874006987055,0.005856648385109591
Apache,kmeans_random,26,0.3,58,0.1587220102058821,0.005890600043895695
Apache,kmeans_random,27,0.3,58,0.15718525614330517,0.006522307029383566
Apache,kmeans_random,28,0.3,58,0.15806198379188777,0.007137445618446775
Apache,kmeans_random,29,0.3,58,0.15928188331521137,0.009354756601481443
Apache,kmeans_random,30,0.3,58,0.1551191792575725,0.005434124306055484
Apache,kmeans_random,31,0.3,58,0.15619741768664452,0.006887182400209215
Apache,kmeans_random,32,0.3,58,0.15981814423310467,0.00717975489881344
Apache,kmeans_random,33,0.3,58,0.15824163566665367,0.006339309131056981
Apache,kmeans_random,34,0.3,58,0.15677336821631166,0.006142868591776448
Apache,kmeans_random,35,0.3,58,0.15584363268858556,0.00799163589716354
Apache,kmeans_random,36,0.3,58,0.15856063477152113,0.007312685548280158
Apache,kmeans_random,37,0.3,58,0.15559614341628214,0.007124225804270401
Apache,kmeans_random,38,0.3,58,0.155769279073435,0.007219434768566199
Apache,kmeans_random,39,0.3,58,0.15686186677878447,0.005177690961893021
Apache,kmeans_random,40,0.3,58,0.15818569691875736,0.007975517515076705
Apache,kmeans_random,41,0.3,58,0.1536727578502031,0.006310360093179573
Apache,kmeans_random,42,0.3,58,0.15765537401733903,0.006165232659315098
Apache,kmeans_random,43,0.3,58,0.15695664991741212,0.008761596632106133
Apache,kmeans_random,44,0.3,58,0.1594326082266306,0.006730645190189158
Apache,kmeans_random,45,0.3,58,0.1576129373555347,0.006380398863924759
Apache,kmeans_random,46,0.3,58,0.15837928984554397,0.008255183752733418
Apache,kmeans_random,47,0.3,58,0.15695642018773306,0.006441597386074152
Apache,kmeans_random,48,0.3,58,0.1583351203185085,0.007122490409897498
Apache,kmeans_random,49,0.3,58,0.15838300240451603,0.007677932542965568
Apache,kmeans_random,50,0.3,58,0.15852015347429785,0.007916962054984211
Apache,random,,0.3,58,0.1581904714983007,0.008594001193628895
Apache,diversity,,0.4,77,0.14912695029175904,0.0
Apache,kmeans_default,5,0.4,77,0.1729914409864016,0.02596371368234736
Apache,kmeans_default,6,0.4,77,0.1544060312528081,0.01180812285148425
Apache,kmeans_default,7,0.4,77,0.1523999688878303,0.0046367066516882615
Apache,kmeans_default,8,0.4,77,0.15146233725054506,0.006818370212410674
Apache,kmeans_default,9,0.4,77,0.1514105310880291,0.006635834964376559
Apache,kmeans_default,10,0.4,77,0.150789315627225,0.007269994439444777
Apache,kmeans_default,11,0.4,77,0.15137648257523512,0.00869685524835167
Apache,kmeans_default,12,0.4,77,0.1514357992084353,0.004784978707828652
Apache,kmeans_default,13,0.4,77,0.15160300615187527,0.006673232753411612
Apache,kmeans_default,14,0.4,77,0.15350432296722047,0.006857918082061595
Apache,kmeans_default,15,0.4,77,0.1511530617692898,0.006744917941836721
Apache,kmeans_default,16,0.4,77,0.15189405291477368,0.007048316636039895
Apache,kmeans_default,17,0.4,77,0.1527468811725205,0.005043863021917086
Apache,kmeans_default,18,0.4,77,0.15188515349409445,0.005011795011188389
Apache,kmeans_default,19,0.4,77,0.15114063750708276,0.0065532539234373025
Apache,kmeans_default,20,0.4,77,0.15074062086417603,0.006024329407150546
Apache,kmeans_default,21,0.4,77,0.1537092009916681,0.008023645644785785
Apache,kmeans_default,22,0.4,77,0.15058644574083355,0.005764611352152952
Apache,kmeans_default,23,0.4,77,0.1522139213297933,0.007068917590162535
Apache,kmeans_default,24,0.4,77,0.15246900742628774,0.005232514149724093
Apache,kmeans_default,25,0.4,77,0.15124674081955977,0.005984814756432116
Apache,kmeans_default,26,0.4,77,0.15276308395507313,0.007351380520800048
Apache,kmeans_default,27,0.4,77,0.15180667356004773,0.005082607463627623
Apache,kmeans_default,28,0.4,77,0.15145298278023223,0.007714883263426579
Apache,kmeans_default,29,0.4,77,0.15007463083400144,0.005284447777161365
Apache,kmeans_default,30,0.4,77,0.1527978462945897,0.007243013713364928
Apache,kmeans_default,31,0.4,77,0.15127659808451385,0.006127655848976709
Apache,kmeans_default,32,0.4,77,0.1505748933570837,0.005092413826569138
Apache,kmeans_default,33,0.4,77,0.1519117761683865,0.00680386443084594
Apache,kmeans_default,34,0.4,77,0.15245602851131515,0.00485097605692475
Apache,kmeans_default,35,0.4,77,0.15382188620900816,0.0056988872576190204
Apache,kmeans_default,36,0.4,77,0.15181747835107126,0.006463342365269515
Apache,kmeans_default,37,0.4,77,0.1518933574489836,0.0051667411768042395
Apache,kmeans_default,38,0.4,77,0.15104166365697902,0.006076451446598013
Apache,kmeans_default,39,0.4,77,0.15262718648480728,0.0060619835009240826
Apache,kmeans_default,40,0.4,77,0.1519257210678407,0.004352898228735494
Apache,kmeans_default,41,0.4,77,0.15123132554374188,0.005741363300583272
Apache,kmeans_default,42,0.4,77,0.1520411990608875,0.005444119107937326
Apache,kmeans_default,43,0.4,77,0.15326057616846891,0.005265738956323173
Apache,kmeans_default,44,0.4,77,0.15266031563983948,0.006321308683926246
Apache,kmeans_default,45,0.4,77,0.1513219507153531,0.0057394428301700984
Apache,kmeans_default,46,0.4,77,0.15235038656499167,0.005632138616506946
Apache,kmeans_default,47,0.4,77,0.1513877316554205,0.005123206053361823
Apache,kmeans_default,48,0.4,77,0.15122610306649803,0.005097596740071105
Apache,kmeans_default,49,0.4,77,0.152963320314875,0.006000772972613398
Apache,kmeans_default,50,0.4,77,0.15127580965889845,0.004506217930715397
Apache,kmeans_hamming,5,0.4,77,0.15254335072421962,0.007060033791464991
Apache,kmeans_hamming,6,0.4,77,0.15077126703139207,0.005215006045714313
Apache,kmeans_hamming,7,0.4,77,0.15390183577994238,0.004364259457248307
Apache,kmeans_hamming,8,0.4,77,0.1532368413984598,0.006196730113745039
Apache,kmeans_hamming,9,0.4,77,0.15400600892383148,0.0065623195052630775
Apache,kmeans_hamming,10,0.4,77,0.1532342052264702,0.004807460707255002
Apache,kmeans_hamming,11,0.4,77,0.152668737362133,0.005155471406012748
Apache,kmeans_hamming,12,0.4,77,0.15280652774910736,0.00453881079733875
Apache,kmeans_hamming,13,0.4,77,0.15514582536098864,0.005997757464396155
Apache,kmeans_hamming,14,0.4,77,0.15480758356873223,0.006143574089849766
Apache,kmeans_hamming,15,0.4,77,0.15415226452840716,0.0060716411482661286
Apache,kmeans_hamming,16,0.4,77,0.15552803572662385,0.005422723548720195
Apache,kmeans_hamming,17,0.4,77,0.15529053741980697,0.004562465111069725
Apache,kmeans_hamming,18,0.4,77,0.15790795071284724,0.005654530741234878
Apache,kmeans_hamming,19,0.4,77,0.15526735821474782,0.005983448914591643
Apache,kmeans_hamming,20,0.4,77,0.15795977568931782,0.006283942226730804
Apache,kmeans_hamming,21,0.4,77,0.15589122533471633,0.008116849034165869
Apache,kmeans_hamming,22,0.4,77,0.1537098113266449,0.0052019689164907595
Apache,kmeans_hamming,23,0.4,77,0.15775445346493994,0.005311768311958921
Apache,kmeans_hamming,24,0.4,77,0.15612735899037672,0.007548651319627134
Apache,kmeans_hamming,25,0.4,77,0.15618941067216693,0.007103417001272258
Apache,kmeans_hamming,26,0.4,77,0.15822924953767045,0.007609276624534631
Apache,kmeans_hamming,27,0.4,77,0.15827816294546276,0.006610775193912686
Apache,kmeans_hamming,28,0.4,77,0.15846328972991616,0.007914698553532435
Apache,kmeans_hamming,29,0.4,77,0.15440409002755473,0.005993748227176503
Apache,kmeans_hamming,30,0.4,77,0.16049048784982498,0.007043152207451396
Apache,kmeans_hamming,31,0.4,77,0.15768006870704843,0.006839858850694839
Apache,kmeans_hamming,32,0.4,77,0.15928630341510588,0.007944302855305375
Apache,kmeans_hamming,33,0.4,77,0.15826464573951435,0.006287121413575914
Apache,kmeans_hamming,34,0.4,77,0.15820467438083738,0.007650315235418121
Apache,kmeans_hamming,35,0.4,77,0.15606926317180672,0.005972217717555763
Apache,kmeans_hamming,36,0.4,77,0.1591538706279761,0.006958425164297983
Apache,kmeans_hamming,37,0.4,77,0.15783265991087939,0.007684500402053643
Apache,kmeans_hamming,38,0.4,77,0.159953042094056,0.007756098800615268
Apache,kmeans_hamming,39,0.4,77,0.16079957342701345,0.007078888653099753
Apache,kmeans_hamming,40,0.4,77,0.16071381881466312,0.00825891623903519
Apache,kmeans_hamming,41,0.4,77,0.16178491460960057,0.009133904372241718
Apache,kmeans_hamming,42,0.4,77,0.1610695560474963,0.00952710347590527
Apache,kmeans_hamming,43,0.4,77,0.16061181126633983,0.005685409165508011
Apache,kmeans_hamming,44,0.4,77,0.16128887715701573,0.009987526754229491
Apache,kmeans_hamming,45,0.4,77,0.16216250834578794,0.008607799043825807
Apache,kmeans_hamming,46,0.4,77,0.1575566472088112,0.007591256776520273
Apache,kmeans_hamming,47,0.4,77,0.16109046993359946,0.008029565581392655
Apache,kmeans_hamming,48,0.4,77,0.16087853279983752,0.006443972236365605
Apache,kmeans_hamming,49,0.4,77,0.16523356193459368,0.007213916339044168
Apache,kmeans_hamming,50,0.4,77,0.1625680867302152,0.006626023863433299
Apache,kmeans_random,5,0.4,77,0.16074392183473835,0.01003225099901821
Apache,kmeans_random,6,0.4,77,0.15677669867138913,0.008037877397327928
Apache,kmeans_random,7,0.4,77,0.15703007488642132,0.0075288354582419385
Apache,kmeans_random,8,0.4,77,0.15691883295575612,0.007454952542260519
Apache,kmeans_random,9,0.4,77,0.15691064498938787,0.009571911672602367
Apache,kmeans_random,10,0.4,77,0.15498430530610238,0.006857781017308767
Apache,kmeans_random,11,0.4,77,0.157339787742764,0.006372829483843791
Apache,kmeans_random,12,0.4,77,0.15757931874314146,0.006607528294462713
Apache,kmeans_random,13,0.4,77,0.1565781906098193,0.007344878160225594
Apache,kmeans_random,14,0.4,77,0.15822284618328805,0.007501835558985179
Apache,kmeans_random,15,0.4,77,0.156069907643153,0.00721441910677708
Apache,kmeans_random,16,0.4,77,0.15600834714944736,0.006760793594063701
Apache,kmeans_random,17,0.4,77,0.1590229216105454,0.007778181560833187
Apache,kmeans_random,18,0.4,77,0.15661372442540403,0.006755582940567993
Apache,kmeans_random,19,0.4,77,0.15436335966420614,0.006917237234970858
Apache,kmeans_random,20,0.4,77,0.1566202191033249,0.006746408503895635
Apache,kmeans_random,21,0.4,77,0.1566096243662569,0.007070654900515394
Apache,kmeans_random,22,0.4,77,0.15551795415891823,0.0055055464533549855
Apache,kmeans_random,23,0.4,77,0.15809090095194853,0.008354984607851255
Apache,kmeans_random,24,0.4,77,0.1590229747305206,0.007343501692580074
Apache,kmeans_random,25,0.4,77,0.1571034854493573,0.007512650828056782
Apache,kmeans_random,26,0.4,77,0.1582974544241736,0.006053265030519772
Apache,kmeans_random,27,0.4,77,0.15671192364387207,0.00640097006548741
Apache,kmeans_random,28,0.4,77,0.15862704522847987,0.007246724291509472
Apache,kmeans_random,29,0.4,77,0.1576943666569729,0.008752165915836956
Apache,kmeans_random,30,0.4,77,0.15520021468506753,0.00718955792811905
Apache,kmeans_random,31,0.4,77,0.15742666196045765,0.009309120838457733
Apache,kmeans_random,32,0.4,77,0.15983279093359906,0.006247803773634254
Apache,kmeans_random,33,0.4,77,0.15670599204721292,0.0062920239334085986
Apache,kmeans_random,34,0.4,77,0.1566169516426543,0.006692694047956167
Apache,kmeans_random,35,0.4,77,0.15637192183604837,0.006997538062601499
Apache,kmeans_random,36,0.4,77,0.15731666984256568,0.005901731854567679
Apache,kmeans_random,37,0.4,77,0.15450346491636774,0.00799891495044709
Apache,kmeans_random,38,0.4,77,0.15521963169565176,0.006827851416485075
Apache,kmeans_random,39,0.4,77,0.15760102751852886,0.005659028034295979
Apache,kmeans_random,40,0.4,77,0.15803077282726294,0.007650116011705369
Apache,kmeans_random,41,0.4,77,0.1540049653416432,0.006899746258269142
Apache,kmeans_random,42,0.4,77,0.15703112236025063,0.005708709023042108
Apache,kmeans_random,43,0.4,77,0.1570705090187244,0.006995846200559641
Apache,kmeans_random,44,0.4,77,0.15819274775930642,0.006455731335015897
Apache,kmeans_random,45,0.4,77,0.15665956431591466,0.006449255496346754
Apache,kmeans_random,46,0.4,77,0.1571324140294404,0.009536879748481589
Apache,kmeans_random,47,0.4,77,0.15779537615015105,0.007093881793341569
Apache,kmeans_random,48,0.4,77,0.1591785845053875,0.0072417430062043904
Apache,kmeans_random,49,0.4,77,0.158992449167469,0.007772215299586256
Apache,kmeans_random,50,0.4,77,0.1584463369249667,0.007566923215921682
Apache,random,,0.4,77,0.15618345175366613,0.007044789148658869
Apache,diversity,,0.5,96,0.1375130183282609,0.0
Apache,kmeans_default,5,0.5,96,0.16499674363751443,0.023795740798181537
Apache,kmeans_default,6,0.5,96,0.15197010153151264,0.007608736970915724
Apache,kmeans_default,7,0.5,96,0.14966750798098477,0.005763181452823401
Apache,kmeans_default,8,0.5,96,0.15052328859236902,0.006958937521618475
Apache,kmeans_default,9,0.5,96,0.14956395126431146,0.006031698694620956
Apache,kmeans_default,10,0.5,96,0.14827647805572328,0.005480737702927185
Apache,kmeans_default,11,0.5,96,0.14930846030466235,0.00823284642155915
Apache,kmeans_default,12,0.5,96,0.15144780686148027,0.007309067587023294
Apache,kmeans_default,13,0.5,96,0.14921969106384028,0.007000445438229007
Apache,kmeans_default,14,0.5,96,0.15169730389548663,0.0074215364076778935
Apache,kmeans_default,15,0.5,96,0.14876986707512946,0.00531977046003135
Apache,kmeans_default,16,0.5,96,0.14961977447050084,0.0060684060825598055
Apache,kmeans_default,17,0.5,96,0.15254726828088216,0.006154642798013423
Apache,kmeans_default,18,0.5,96,0.1498310044709503,0.005738145331109063
Apache,kmeans_default,19,0.5,96,0.14940476022487276,0.005973914844299847
Apache,kmeans_default,20,0.5,96,0.15172917487207055,0.006623632562503482
Apache,kmeans_default,21,0.5,96,0.15049838018610118,0.009518147647144279
Apache,kmeans_default,22,0.5,96,0.15032048173010348,0.0051073355804269055
Apache,kmeans_default,23,0.5,96,0.15227512064370288,0.004971621390531413
Apache,kmeans_default,24,0.5,96,0.15083680052484763,0.005690058279395497
Apache,kmeans_default,25,0.5,96,0.15067171265806642,0.006747418186137011
Apache,kmeans_default,26,0.5,96,0.15238230779314685,0.008155561733300119
Apache,kmeans_default,27,0.5,96,0.1521900339718978,0.00529594693412969
Apache,kmeans_default,28,0.5,96,0.1495910591802798,0.005647746865035361
Apache,kmeans_default,29,0.5,96,0.14928651974153706,0.005926614489053341
Apache,kmeans_default,30,0.5,96,0.15318766755868474,0.008803331706739831
Apache,kmeans_default,31,0.5,96,0.15109330817216374,0.006493545469252722
Apache,kmeans_default,32,0.5,96,0.1504382860473953,0.005871614930424593
Apache,kmeans_default,33,0.5,96,0.14968020769818724,0.005839956973210761
Apache,kmeans_default,34,0.5,96,0.15091892404045792,0.0058374395013691275
Apache,kmeans_default,35,0.5,96,0.15289069015031911,0.006989940992797088
Apache,kmeans_default,36,0.5,96,0.15039318588598338,0.006666161931158774
Apache,kmeans_default,37,0.5,96,0.15153117985599068,0.00883243850408698
Apache,kmeans_default,38,0.5,96,0.15024158652950884,0.008270245700606374
Apache,kmeans_default,39,0.5,96,0.1530007112896104,0.008220711475121292
Apache,kmeans_default,40,0.5,96,0.15022077412043336,0.005485190061190355
Apache,kmeans_default,41,0.5,96,0.14952790775374705,0.007556639650593345
Apache,kmeans_default,42,0.5,96,0.15228673526691086,0.006026245236949674
Apache,kmeans_default,43,0.5,96,0.15339347704367137,0.005001300849419412
Apache,kmeans_default,44,0.5,96,0.15113531778051914,0.004920334444555076
Apache,kmeans_default,45,0.5,96,0.1524693011573661,0.00678849462763562
Apache,kmeans_default,46,0.5,96,0.15165565665309752,0.006350259681340873
Apache,kmeans_default,47,0.5,96,0.15069569250019668,0.006052845960760522
Apache,kmeans_default,48,0.5,96,0.15258308616062796,0.006274607442173361
Apache,kmeans_default,49,0.5,96,0.15188441775146982,0.00785929450895564
Apache,kmeans_default,50,0.5,96,0.1526913514878222,0.006182902942203018
Apache,kmeans_hamming,5,0.5,96,0.15350522941063305,0.008769798754916439
Apache,kmeans_hamming,6,0.5,96,0.15129472472197553,0.00643614965438184
Apache,kmeans_hamming,7,0.5,96,0.15536896395936511,0.006256804107195289
Apache,kmeans_hamming,8,0.5,96,0.15392446739025215,0.007217624701514828
Apache,kmeans_hamming,9,0.5,96,0.15448615116275524,0.005145050340222691
Apache,kmeans_hamming,10,0.5,96,0.15392748426224886,0.006054686406709796
Apache,kmeans_hamming,11,0.5,96,0.15282291035251766,0.005641229214329095
Apache,kmeans_hamming,12,0.5,96,0.15444323986089875,0.006564588699287547
Apache,kmeans_hamming,13,0.5,96,0.15754446560021673,0.006883527036514161
Apache,kmeans_hamming,14,0.5,96,0.15684456695545715,0.006769673109313275
Apache,kmeans_hamming,15,0.5,96,0.15524492361281847,0.0066097725493996515
Apache,kmeans_hamming,16,0.5,96,0.1570492698349544,0.006987603546213892
Apache,kmeans_hamming,17,0.5,96,0.15864988389700949,0.004421453352514497
Apache,kmeans_hamming,18,0.5,96,0.1572194226600268,0.00591480934849549
Apache,kmeans_hamming,19,0.5,96,0.15475398394503173,0.00628782809900437
Apache,kmeans_hamming,20,0.5,96,0.15935913344161656,0.006275815604209137
Apache,kmeans_hamming,21,0.5,96,0.15733658144564452,0.007707288061294248
Apache,kmeans_hamming,22,0.5,96,0.15467930002297073,0.007516153928627654
Apache,kmeans_hamming,23,0.5,96,0.1574679970841552,0.006821580645364083
Apache,kmeans_hamming,24,0.5,96,0.1572030921228992,0.0073996838164494625
Apache,kmeans_hamming,25,0.5,96,0.15575807343831663,0.0061464615007062115
Apache,kmeans_hamming,26,0.5,96,0.15681593470909247,0.007362956145149892
Apache,kmeans_hamming,27,0.5,96,0.15801376374006665,0.007787745507969
Apache,kmeans_hamming,28,0.5,96,0.1574245585949564,0.007888372757760569
Apache,kmeans_hamming,29,0.5,96,0.15490045241765488,0.006302985579561014
Apache,kmeans_hamming,30,0.5,96,0.1592333999172194,0.007204650337348288
Apache,kmeans_hamming,31,0.5,96,0.15865415725693863,0.007820405474539882
Apache,kmeans_hamming,32,0.5,96,0.15896303731764858,0.007981592588371774
Apache,kmeans_hamming,33,0.5,96,0.15571252223279453,0.008032216030783806
Apache,kmeans_hamming,34,0.5,96,0.15776889740954966,0.006667989903207289
Apache,kmeans_hamming,35,0.5,96,0.15633882915533978,0.007582705038541079
Apache,kmeans_hamming,36,0.5,96,0.15863591587669285,0.007389911715403575
Apache,kmeans_hamming,37,0.5,96,0.1572103486879154,0.00851583014572226
Apache,kmeans_hamming,38,0.5,96,0.15965815053242624,0.007913266107489794
Apache,kmeans_hamming,39,0.5,96,0.15849325330794703,0.0062156892086997675
Apache,kmeans_hamming,40,0.5,96,0.16021741307541534,0.007390188795573958
Apache,kmeans_hamming,41,0.5,96,0.16072026088728136,0.008467862492380752
Apache,kmeans_hamming,42,0.5,96,0.1597765679383151,0.00835820077206383
Apache,kmeans_hamming,43,0.5,96,0.1582356389634147,0.006615192534378149
Apache,kmeans_hamming,44,0.5,96,0.15908405251522093,0.007236735037891107
Apache,kmeans_hamming,45,0.5,96,0.16321991554178358,0.008921042843704402
Apache,kmeans_hamming,46,0.5,96,0.15668714280658672,0.007090658598012852
Apache,kmeans_hamming,47,0.5,96,0.16123781293340922,0.0076841319424307
Apache,kmeans_hamming,48,0.5,96,0.1630478551564626,0.007105110494791903
Apache,kmeans_hamming,49,0.5,96,0.1662136446386467,0.008341486157846445
Apache,kmeans_hamming,50,0.5,96,0.1633545391641832,0.006158391655205456
Apache,kmeans_random,5,0.5,96,0.16025818550156787,0.012645955763929424
Apache,kmeans_random,6,0.5,96,0.15698552676916006,0.007153256808803706
Apache,kmeans_random,7,0.5,96,0.15742789599411536,0.0093333516839746
Apache,kmeans_random,8,0.5,96,0.15792114574704422,0.008206326508618515
Apache,kmeans_random,9,0.5,96,0.1547915314808244,0.009027878711948743
Apache,kmeans_random,10,0.5,96,0.1528926083457545,0.007570634709527317
Apache,kmeans_random,11,0.5,96,0.15565826576302985,0.007197927832516505
Apache,kmeans_random,12,0.5,96,0.15787213137662362,0.006041960237427754
Apache,kmeans_random,13,0.5,96,0.15695818919340493,0.007117554720450535
Apache,kmeans_random,14,0.5,96,0.15848869834614784,0.008361321313196089
Apache,kmeans_random,15,0.5,96,0.15603651110747932,0.007520078267322334
Apache,kmeans_random,16,0.5,96,0.15567000004627973,0.008706814166936796
Apache,kmeans_random,17,0.5,96,0.15838141582516638,0.009167478392416335
Apache,kmeans_random,18,0.5,96,0.15650846011329309,0.009127543755878719
Apache,kmeans_random,19,0.5,96,0.15512068565075623,0.008902599736845122
Apache,kmeans_random,20,0.5,96,0.15863236183277193,0.007843779216934533
Apache,kmeans_random,21,0.5,96,0.15675342970747508,0.008310567274876276
Apache,kmeans_random,22,0.5,96,0.155814124950373,0.006821824281830772
Apache,kmeans_random,23,0.5,96,0.1575380832061802,0.007170026775389879
Apache,kmeans_random,24,0.5,96,0.15977685495457206,0.008711677857191711
Apache,kmeans_random,25,0.5,96,0.15661796107204792,0.006787178720700072
Apache,kmeans_random,26,0.5,96,0.15817772918471393,0.0064635949038984435
Apache,kmeans_random,27,0.5,96,0.1582373819376035,0.00810019679521562
Apache,kmeans_random,28,0.5,96,0.15969378027133857,0.00895370095134017
Apache,kmeans_random,29,0.5,96,0.15716850876744867,0.007253482549890616
Apache,kmeans_random,30,0.5,96,0.15538515591658839,0.008169987458931173
Apache,kmeans_random,31,0.5,96,0.1594658747211664,0.01021425098584072
Apache,kmeans_random,32,0.5,96,0.15835338684237588,0.007337043382995217
Apache,kmeans_random,33,0.5,96,0.15699986777576574,0.0075470254822082245
Apache,kmeans_random,34,0.5,96,0.15693933243031832,0.006040840907446508
Apache,kmeans_random,35,0.5,96,0.16036972775338168,0.008792675330864376
Apache,kmeans_random,36,0.5,96,0.15502446387668944,0.007611405693731353
Apache,kmeans_random,37,0.5,96,0.1551791776037001,0.008767595471006851
Apache,kmeans_random,38,0.5,96,0.1562685798029389,0.008157153576317702
Apache,kmeans_random,39,0.5,96,0.15833823717314074,0.005302653900760281
Apache,kmeans_random,40,0.5,96,0.16014315434559742,0.009194952566477645
Apache,kmeans_random,41,0.5,96,0.15554557826114088,0.007782325348057546
Apache,kmeans_random,42,0.5,96,0.15959448823087816,0.008257646129219929
Apache,kmeans_random,43,0.5,96,0.15884141796191656,0.0083684261168426
Apache,kmeans_random,44,0.5,96,0.15768827975819702,0.007240134794543551
Apache,kmeans_random,45,0.5,96,0.15775552655725492,0.006366244733995981
Apache,kmeans_random,46,0.5,96,0.1592923937586688,0.012306470080052954
Apache,kmeans_random,47,0.5,96,0.1593084361832375,0.009769722298322401
Apache,kmeans_random,48,0.5,96,0.16192724106550524,0.010408580970058461
Apache,kmeans_random,49,0.5,96,0.15994457605261173,0.007751531622882072
Apache,kmeans_random,50,0.5,96,0.1604828589062114,0.007290734075520181
Apache,random,,0.5,96,0.15532178510882005,0.008520664424149886
Apache,diversity,,0.6,115,0.1420863093329334,0.0
Apache,kmeans_default,5,0.6,115,0.1579724033050205,0.021763119279133415
Apache,kmeans_default,6,0.6,115,0.148989271441114,0.009492111930785023
Apache,kmeans_default,7,0.6,115,0.147811425145115,0.00855022629739929
Apache,kmeans_default,8,0.6,115,0.14894386756282504,0.009344107732858244
Apache,kmeans_default,9,0.6,115,0.14825066277135096,0.008838169310157762
Apache,kmeans_default,10,0.6,115,0.1460364830687745,0.006084335492203135
Apache,kmeans_default,11,0.6,115,0.1471269274187145,0.007684295711794462
Apache,kmeans_default,12,0.6,115,0.15039860539840844,0.007265418339392385
Apache,kmeans_default,13,0.6,115,0.14931522354376703,0.008402456574703626
Apache,kmeans_default,14,0.6,115,0.15047453530472416,0.008394620577516545
Apache,kmeans_default,15,0.6,115,0.147937657758857,0.0057024794592816655
Apache,kmeans_default,16,0.6,115,0.14842048749482872,0.009327336645785014
Apache,kmeans_default,17,0.6,115,0.15236892865761173,0.00807587686082024
Apache,kmeans_default,18,0.6,115,0.14715149123611454,0.007426571515121253
Apache,kmeans_default,19,0.6,115,0.14682610226488593,0.00810282945249519
Apache,kmeans_default,20,0.6,115,0.15184893325215973,0.0066848474947583105
Apache,kmeans_default,21,0.6,115,0.14967555936488328,0.010666835953857602
Apache,kmeans_default,22,0.6,115,0.14820481970777205,0.007305891452535936
Apache,kmeans_default,23,0.6,115,0.14979397876386835,0.007961609666397172
Apache,kmeans_default,24,0.6,115,0.14964514675227464,0.006287592800323567
Apache,kmeans_default,25,0.6,115,0.15198251891275139,0.007022131624493913
Apache,kmeans_default,26,0.6,115,0.15366851409577229,0.01202374954960987
Apache,kmeans_default,27,0.6,115,0.153156212973735,0.006892262795240554
Apache,kmeans_default,28,0.6,115,0.15065895765981996,0.007555058739697297
Apache,kmeans_default,29,0.6,115,0.14909924639759756,0.006592962171351744
Apache,kmeans_default,30,0.6,115,0.154489160882307,0.009692417118635156
Apache,kmeans_default,31,0.6,115,0.1505366019937526,0.009482409414685287
Apache,kmeans_default,32,0.6,115,0.14953478362574124,0.007324235643465064
Apache,kmeans_default,33,0.6,115,0.1472433781339308,0.006398458635167553
Apache,kmeans_default,34,0.6,115,0.14972083315660814,0.008574587288479013
Apache,kmeans_default,35,0.6,115,0.1529121528235223,0.009206824289516054
Apache,kmeans_default,36,0.6,115,0.15050695266733916,0.007379783739405453
Apache,kmeans_default,37,0.6,115,0.15091901866596194,0.01039479389313986
Apache,kmeans_default,38,0.6,115,0.149081654476131,0.00945236838780111
Apache,kmeans_default,39,0.6,115,0.15385577269929665,0.009918889690109754
Apache,kmeans_default,40,0.6,115,0.15217802589581916,0.007472659497541338
Apache,kmeans_default,41,0.6,115,0.15059412934651323,0.010077128280930641
Apache,kmeans_default,42,0.6,115,0.15266177782324572,0.008432747718339843
Apache,kmeans_default,43,0.6,115,0.15411878133323115,0.007672604396688572
Apache,kmeans_default,44,0.6,115,0.15159683283732403,0.005204428276277406
Apache,kmeans_default,45,0.6,115,0.1536790541093897,0.0068887046056627
Apache,kmeans_default,46,0.6,115,0.15033778923636623,0.007774101950416919
Apache,kmeans_default,47,0.6,115,0.15150497292043416,0.008542311908356776
Apache,kmeans_default,48,0.6,115,0.1544086761619105,0.007542609518322854
Apache,kmeans_default,49,0.6,115,0.15265557768808277,0.01019342250129629
Apache,kmeans_default,50,0.6,115,0.15504987010973886,0.009214918989226347
Apache,kmeans_hamming,5,0.6,115,0.1591413771860206,0.01410757127534211
Apache,kmeans_hamming,6,0.6,115,0.1535411309879822,0.006739466729679603
Apache,kmeans_hamming,7,0.6,115,0.15700136339350804,0.00874425468495089
Apache,kmeans_hamming,8,0.6,115,0.15513919232917817,0.009828885354089115
Apache,kmeans_hamming,9,0.6,115,0.1561634582225926,0.00623808896447854
Apache,kmeans_hamming,10,0.6,115,0.1561556362887747,0.008286117394597945
Apache,kmeans_hamming,11,0.6,115,0.15399028845779877,0.007650204168714751
Apache,kmeans_hamming,12,0.6,115,0.15691977687001907,0.00894781339798949
Apache,kmeans_hamming,13,0.6,115,0.15888804303663281,0.009559046009652218
Apache,kmeans_hamming,14,0.6,115,0.15844018274684685,0.007795531888495972
Apache,kmeans_hamming,15,0.6,115,0.15706595900334183,0.008525502601778374
Apache,kmeans_hamming,16,0.6,115,0.15676253627310643,0.009362905116509234
Apache,kmeans_hamming,17,0.6,115,0.16202380933633856,0.006651889181467716
Apache,kmeans_hamming,18,0.6,115,0.1570313857333368,0.007372476500702515
Apache,kmeans_hamming,19,0.6,115,0.15635578778823658,0.008454908208564585
Apache,kmeans_hamming,20,0.6,115,0.16092575746648047,0.006087737382750283
Apache,kmeans_hamming,21,0.6,115,0.1593445634877466,0.008646739613704088
Apache,kmeans_hamming,22,0.6,115,0.15571864802748583,0.007758482256232957
Apache,kmeans_hamming,23,0.6,115,0.15898981709690663,0.008228766874287929
Apache,kmeans_hamming,24,0.6,115,0.15917783269795027,0.01058617838997365
Apache,kmeans_hamming,25,0.6,115,0.15710842633464842,0.00714931208613133
Apache,kmeans_hamming,26,0.6,115,0.15864555279765952,0.009623726283585854
Apache,kmeans_hamming,27,0.6,115,0.15743796017643122,0.007619821251532802
Apache,kmeans_hamming,28,0.6,115,0.15923513226428396,0.009348808463873265
Apache,kmeans_hamming,29,0.6,115,0.15646793557430397,0.007161529896750882
Apache,kmeans_hamming,30,0.6,115,0.1602455469228885,0.007322233592159201
Apache,kmeans_hamming,31,0.6,115,0.15984517334257548,0.008741630290903331
Apache,kmeans_hamming,32,0.6,115,0.1568303006422059,0.007158553428059251
Apache,kmeans_hamming,33,0.6,115,0.15750881096331046,0.008258826822528533
Apache,kmeans_hamming,34,0.6,115,0.16011304529345152,0.007926248749075654
Apache,kmeans_hamming,35,0.6,115,0.16081634732071884,0.01003735045091496
Apache,kmeans_hamming,36,0.6,115,0.1600011987219874,0.00886632056616527
Apache,kmeans_hamming,37,0.6,115,0.15894934813027303,0.009670722368227906
Apache,kmeans_hamming,38,0.6,115,0.15993761699029777,0.00953411450868786
Apache,kmeans_hamming,39,0.6,115,0.15872742044109098,0.007136728729888529
Apache,kmeans_hamming,40,0.6,115,0.16274812904675812,0.010096753777968275
Apache,kmeans_hamming,41,0.6,115,0.1616935984636044,0.008080357251598816
Apache,kmeans_hamming,42,0.6,115,0.1601665892815577,0.010328761491407355
Apache,kmeans_hamming,43,0.6,115,0.15910669625710075,0.006695838438167134
Apache,kmeans_hamming,44,0.6,115,0.16242075019796345,0.008455566607382975
Apache,kmeans_hamming,45,0.6,115,0.16448854914518599,0.009827785111226995
Apache,kmeans_hamming,46,0.6,115,0.15914909255111714,0.008887661292187349
Apache,kmeans_hamming,47,0.6,115,0.16296324145359484,0.007402506113431692
Apache,kmeans_hamming,48,0.6,115,0.16365705188909138,0.010379399098563983
Apache,kmeans_hamming,49,0.6,115,0.16672816003348553,0.010169888327355837
Apache,kmeans_hamming,50,0.6,115,0.16595990506093508,0.008451272659707266
Apache,kmeans_random,5,0.6,115,0.1620452060091523,0.016941416553194037
Apache,kmeans_random,6,0.6,115,0.15457625297913327,0.00864960131845627
Apache,kmeans_random,7,0.6,115,0.1577038810011452,0.010724650801665608
Apache,kmeans_random,8,0.6,115,0.15847017517163747,0.01145557991259123
Apache,kmeans_random,9,0.6,115,0.15534811038185875,0.010528707592033438
Apache,kmeans_random,10,0.6,115,0.15190602936780553,0.00833631552442378
Apache,kmeans_random,11,0.6,115,0.1559602469479296,0.008206788435889654
Apache,kmeans_random,12,0.6,115,0.158016638400775,0.008782328177430984
Apache,kmeans_random,13,0.6,115,0.15875871715075687,0.008731148764007447
Apache,kmeans_random,14,0.6,115,0.16000748833012057,0.010133521432689509
Apache,kmeans_random,15,0.6,115,0.15717940184093773,0.0072208174218054335
Apache,kmeans_random,16,0.6,115,0.1569599173801426,0.010108810984644723
Apache,kmeans_random,17,0.6,115,0.15891238811375966,0.00932349197681111
Apache,kmeans_random,18,0.6,115,0.15480487406160082,0.010016400906385845
Apache,kmeans_random,19,0.6,115,0.1559210154885957,0.0093601350295563
Apache,kmeans_random,20,0.6,115,0.1574649911193444,0.009902192719810717
Apache,kmeans_random,21,0.6,115,0.15822214799722378,0.008546211441805111
Apache,kmeans_random,22,0.6,115,0.15617215271343793,0.008152191724816914
Apache,kmeans_random,23,0.6,115,0.15960235325386446,0.009755045039579292
Apache,kmeans_random,24,0.6,115,0.1611315754955924,0.010580290669714852
Apache,kmeans_random,25,0.6,115,0.15770525470692373,0.0077998276592474184
Apache,kmeans_random,26,0.6,115,0.1616705168090399,0.010316896283577674
Apache,kmeans_random,27,0.6,115,0.1597397908098864,0.009428700806454898
Apache,kmeans_random,28,0.6,115,0.16141523907808833,0.009291330069840417
Apache,kmeans_random,29,0.6,115,0.15787307169739614,0.010979074130400838
Apache,kmeans_random,30,0.6,115,0.15775089915487006,0.010107184925039403
Apache,kmeans_random,31,0.6,115,0.15884453363200374,0.010475693915339968
Apache,kmeans_random,32,0.6,115,0.1579179983829075,0.009607195472464957
Apache,kmeans_random,33,0.6,115,0.1570215050343736,0.010342344554022175
Apache,kmeans_random,34,0.6,115,0.15935783098475403,0.007390101813072378
Apache,kmeans_random,35,0.6,115,0.1608582403064559,0.010638743273928861
Apache,kmeans_random,36,0.6,115,0.15552286321483993,0.010086938870975186
Apache,kmeans_random,37,0.6,115,0.1568353247347277,0.010646215936740531
Apache,kmeans_random,38,0.6,115,0.1580116284892087,0.010459245388861805
Apache,kmeans_random,39,0.6,115,0.16322083706205148,0.007558378138719931
Apache,kmeans_random,40,0.6,115,0.16065198995791155,0.010607876290989063
Apache,kmeans_random,41,0.6,115,0.15798875936477377,0.008092767283965137
Apache,kmeans_random,42,0.6,115,0.1603161199739781,0.008693901626055793
Apache,kmeans_random,43,0.6,115,0.15982289499703864,0.011481380060899838
Apache,kmeans_random,44,0.6,115,0.1583923361518588,0.009511307708227354
Apache,kmeans_random,45,0.6,115,0.16011094278009186,0.008115755039594873
Apache,kmeans_random,46,0.6,115,0.1635198125721124,0.015858740246434314
Apache,kmeans_random,47,0.6,115,0.16294904309822417,0.013568939231822237
Apache,kmeans_random,48,0.6,115,0.16496343852592502,0.015260033160215986
Apache,kmeans_random,49,0.6,115,0.16243030594821448,0.010002469764674829
Apache,kmeans_random,50,0.6,115,0.16285707740002825,0.008973237036078557
Apache,random,,0.6,115,0.1554451786022288,0.007441311169860529
Apache,diversity,,0.7,134,0.1372563266529891,0.0
Apache,kmeans_default,5,0.7,134,0.15430708382577027,0.03179419193874596
Apache,kmeans_default,6,0.7,134,0.14576512163312358,0.01296109780494905
Apache,kmeans_default,7,0.7,134,0.14726139761556617,0.013776877597117609
Apache,kmeans_default,8,0.7,134,0.14716745853145408,0.012796391031665674
Apache,kmeans_default,9,0.7,134,0.14618086938816716,0.013280522471305421
Apache,kmeans_default,10,0.7,134,0.14287320788171626,0.006893418230573531
Apache,kmeans_default,11,0.7,134,0.1468233399550061,0.008967092290094882
Apache,kmeans_default,12,0.7,134,0.14618613976627667,0.009852265883111003
Apache,kmeans_default,13,0.7,134,0.14824222507635085,0.009584889447749963
Apache,kmeans_default,14,0.7,134,0.1469299723468561,0.010873820164321112
Apache,kmeans_default,15,0.7,134,0.14533604347770165,0.008097538606316004
Apache,kmeans_default,16,0.7,134,0.14912452076978272,0.011609214939557239
Apache,kmeans_default,17,0.7,134,0.15056654958392696,0.01378134860071135
Apache,kmeans_default,18,0.7,134,0.14495283932150446,0.009802671387966722
Apache,kmeans_default,19,0.7,134,0.1436760445275159,0.010638645688663925
Apache,kmeans_default,20,0.7,134,0.14954951260099364,0.010215259093277132
Apache,kmeans_default,21,0.7,134,0.14779018726052043,0.010834080713074144
Apache,kmeans_default,22,0.7,134,0.14665794616481725,0.008261145287881905
Apache,kmeans_default,23,0.7,134,0.14791187947832182,0.009718825077675868
Apache,kmeans_default,24,0.7,134,0.1477651950765787,0.009176068947844737
Apache,kmeans_default,25,0.7,134,0.14973544064401909,0.010712455956697436
Apache,kmeans_default,26,0.7,134,0.15258774334081351,0.015272832247336093
Apache,kmeans_default,27,0.7,134,0.1513216184577945,0.007987559646869768
Apache,kmeans_default,28,0.7,134,0.14983156452478763,0.009603921764697512
Apache,kmeans_default,29,0.7,134,0.1482616726303683,0.010625606601162983
Apache,kmeans_default,30,0.7,134,0.1534221737767151,0.012633623889754012
Apache,kmeans_default,31,0.7,134,0.14948513750627887,0.010718070760044694
Apache,kmeans_default,32,0.7,134,0.15060208734110417,0.010086774318472639
Apache,kmeans_default,33,0.7,134,0.1468290402318672,0.009599597304328966
Apache,kmeans_default,34,0.7,134,0.14969195397578702,0.01225880783497851
Apache,kmeans_default,35,0.7,134,0.15409124396813542,0.014041263670737823
Apache,kmeans_default,36,0.7,134,0.14846148685506755,0.008954462506321093
Apache,kmeans_default,37,0.7,134,0.1517643607509456,0.013869053352758435
Apache,kmeans_default,38,0.7,134,0.1475662796692527,0.013030260771865176
Apache,kmeans_default,39,0.7,134,0.15392737255836703,0.012948079037701234
Apache,kmeans_default,40,0.7,134,0.1531742276068303,0.011555973953358403
Apache,kmeans_default,41,0.7,134,0.14947911916849752,0.013527279646998923
Apache,kmeans_default,42,0.7,134,0.153550635348651,0.010375503545457663
Apache,kmeans_default,43,0.7,134,0.15488573922800164,0.010213709396425318
Apache,kmeans_default,44,0.7,134,0.1530907287960497,0.0101518211398492
Apache,kmeans_default,45,0.7,134,0.1541918919492993,0.01008794962124199
Apache,kmeans_default,46,0.7,134,0.15159064513415027,0.011935015244682172
Apache,kmeans_default,47,0.7,134,0.15073537170924575,0.00984817318594935
Apache,kmeans_default,48,0.7,134,0.15479023684034274,0.012119698305986587
Apache,kmeans_default,49,0.7,134,0.15297115052108087,0.014443978532933213
Apache,kmeans_default,50,0.7,134,0.15856624049135626,0.011083373820813478
Apache,kmeans_hamming,5,0.7,134,0.16462265276824678,0.023482456312515936
Apache,kmeans_hamming,6,0.7,134,0.1526513151584355,0.009616038245799523
Apache,kmeans_hamming,7,0.7,134,0.15731819164458571,0.010996208959801908
Apache,kmeans_hamming,8,0.7,134,0.15569097622257805,0.012182844447534693
Apache,kmeans_hamming,9,0.7,134,0.15847437760252653,0.008855036764232584
Apache,kmeans_hamming,10,0.7,134,0.1562997948814613,0.012001185068242425
Apache,kmeans_hamming,11,0.7,134,0.15502104574263822,0.011299996546231211
Apache,kmeans_hamming,12,0.7,134,0.1591862935233942,0.01250339724895172
Apache,kmeans_hamming,13,0.7,134,0.16128800692747708,0.013496890204397111
Apache,kmeans_hamming,14,0.7,134,0.16134074196629763,0.011130982274297388
Apache,kmeans_hamming,15,0.7,134,0.16153060609870967,0.012456364249739631
Apache,kmeans_hamming,16,0.7,134,0.15927723785822953,0.011646589882706846
Apache,kmeans_hamming,17,0.7,134,0.1638044974590646,0.01244976010380075
Apache,kmeans_hamming,18,0.7,134,0.16038928365590088,0.01115488542606965
Apache,kmeans_hamming,19,0.7,134,0.1580996900717972,0.012505950463250662
Apache,kmeans_hamming,20,0.7,134,0.16341381351904094,0.009160377263598213
Apache,kmeans_hamming,21,0.7,134,0.1639338969707969,0.012277533988604782
Apache,kmeans_hamming,22,0.7,134,0.15781681982836154,0.010675381730923028
Apache,kmeans_hamming,23,0.7,134,0.1605998005264203,0.01217924620239313
Apache,kmeans_hamming,24,0.7,134,0.16198386901198245,0.014676731271075294
Apache,kmeans_hamming,25,0.7,134,0.1588576185881011,0.011263714095456264
Apache,kmeans_hamming,26,0.7,134,0.15930296951105277,0.013580507920178673
Apache,kmeans_hamming,27,0.7,134,0.16052983920806427,0.00898986657760439
Apache,kmeans_hamming,28,0.7,134,0.16166122637460212,0.012908585790126638
Apache,kmeans_hamming,29,0.7,134,0.15817043585858032,0.011061279019453325
Apache,kmeans_hamming,30,0.7,134,0.16128660978895593,0.010715750070500287
Apache,kmeans_hamming,31,0.7,134,0.16334203815558335,0.011903300570808585
Apache,kmeans_hamming,32,0.7,134,0.15947601401969977,0.00931944832231892
Apache,kmeans_hamming,33,0.7,134,0.1583703184042941,0.012035037793140097
Apache,kmeans_hamming,34,0.7,134,0.1613302560352356,0.011080179931592712
Apache,kmeans_hamming,35,0.7,134,0.1637312263891807,0.011545972568162423
Apache,kmeans_hamming,36,0.7,134,0.16011549566879194,0.014156586447663558
Apache,kmeans_hamming,37,0.7,134,0.1611555174428308,0.012775990300141614
Apache,kmeans_hamming,38,0.7,134,0.1628260678300497,0.01129476281674538
Apache,kmeans_hamming,39,0.7,134,0.1619838167461909,0.011476852928052344
Apache,kmeans_hamming,40,0.7,134,0.16640055924920868,0.011275422114700008
Apache,kmeans_hamming,41,0.7,134,0.16482790638361172,0.010113103266674379
Apache,kmeans_hamming,42,0.7,134,0.16310023739782,0.0114591516494987
Apache,kmeans_hamming,43,0.7,134,0.16352622467243982,0.011488493732281552
Apache,kmeans_hamming,44,0.7,134,0.16627586396188623,0.011753998516729107
Apache,kmeans_hamming,45,0.7,134,0.1662366403782381,0.012449682846459342
Apache,kmeans_hamming,46,0.7,134,0.162732110281458,0.013306414950694095
Apache,kmeans_hamming,47,0.7,134,0.16475907368749268,0.00944333649091492
Apache,kmeans_hamming,48,0.7,134,0.16882716998372713,0.014323559824405706
Apache,kmeans_hamming,49,0.7,134,0.1686176782935534,0.014741260802434243
Apache,kmeans_hamming,50,0.7,134,0.1701240677928807,0.01338247826622059
Apache,kmeans_random,5,0.7,134,0.16575130124344645,0.026493189336732233
Apache,kmeans_random,6,0.7,134,0.1543497293308465,0.009024987194642096
Apache,kmeans_random,7,0.7,134,0.15816208990483277,0.012984666933562077
Apache,kmeans_random,8,0.7,134,0.16006339903169262,0.013250714263403624
Apache,kmeans_random,9,0.7,134,0.1568032308394693,0.01339226186415007
Apache,kmeans_random,10,0.7,134,0.15290356224725124,0.009165128746707522
Apache,kmeans_random,11,0.7,134,0.15644798774648552,0.010863407421397443
Apache,kmeans_random,12,0.7,134,0.15972772947092825,0.011470259351717546
Apache,kmeans_random,13,0.7,134,0.15962873480659753,0.011050278001527239
Apache,kmeans_random,14,0.7,134,0.16248575607520957,0.0138872040682775
Apache,kmeans_random,15,0.7,134,0.15737107109373324,0.011448095803562047
Apache,kmeans_random,16,0.7,134,0.15951350551001905,0.01429285209380843
Apache,kmeans_random,17,0.7,134,0.1614485152447974,0.012726699310784271
Apache,kmeans_random,18,0.7,134,0.15498783087767412,0.012855284288886095
Apache,kmeans_random,19,0.7,134,0.1554159087367375,0.010806467143127016
Apache,kmeans_random,20,0.7,134,0.15814077161634418,0.011471583228649832
Apache,kmeans_random,21,0.7,134,0.1584232676349406,0.013134959013556316
Apache,kmeans_random,22,0.7,134,0.15897754300770658,0.011272121908001826
Apache,kmeans_random,23,0.7,134,0.16126774353094417,0.01354543641531139
Apache,kmeans_random,24,0.7,134,0.16024399382421647,0.012552527901377931
Apache,kmeans_random,25,0.7,134,0.15980393639878654,0.01271249015585927
Apache,kmeans_random,26,0.7,134,0.165125951479727,0.014210478397128662
Apache,kmeans_random,27,0.7,134,0.16119109920933988,0.013400744235272878
Apache,kmeans_random,28,0.7,134,0.16399299174180554,0.010653811656627874
Apache,kmeans_random,29,0.7,134,0.15648088562613197,0.013955079127334916
Apache,kmeans_random,30,0.7,134,0.15763957707968884,0.014335904183720717
Apache,kmeans_random,31,0.7,134,0.15851386887051938,0.012210066886935066
Apache,kmeans_random,32,0.7,134,0.16021878285688326,0.013980677338230203
Apache,kmeans_random,33,0.7,134,0.15783015725039828,0.012702962416028942
Apache,kmeans_random,34,0.7,134,0.16193074209760513,0.012298171176930042
Apache,kmeans_random,35,0.7,134,0.16457452285024513,0.014784962413357368
Apache,kmeans_random,36,0.7,134,0.1565084518106917,0.012571015785626041
Apache,kmeans_random,37,0.7,134,0.15893435248691257,0.014670683916246367
Apache,kmeans_random,38,0.7,134,0.16122608075328024,0.01650435626370522
Apache,kmeans_random,39,0.7,134,0.16605121329988562,0.011796269544086727
Apache,kmeans_random,40,0.7,134,0.16378681338058287,0.01338854374102796
Apache,kmeans_random,41,0.7,134,0.16178714568766825,0.011212145275961882
Apache,kmeans_random,42,0.7,134,0.1638520178022475,0.014040113830199952
Apache,kmeans_random,43,0.7,134,0.1629408030798284,0.011633381002987693
Apache,kmeans_random,44,0.7,134,0.16126398777119882,0.010834148714738529
Apache,kmeans_random,45,0.7,134,0.1637987293484698,0.013025981435399238
Apache,kmeans_random,46,0.7,134,0.16794810913990157,0.017471644154879853
Apache,kmeans_random,47,0.7,134,0.16807582426782525,0.016862858570243576
Apache,kmeans_random,48,0.7,134,0.16518557468654074,0.01761080248382183
Apache,kmeans_random,49,0.7,134,0.16776790179742826,0.013323243843627514
Apache,kmeans_random,50,0.7,134,0.1673342907195881,0.011149948989772012
Apache,random,,0.7,134,0.15686811831756195,0.010654540085710235
Apache,diversity,,0.8,154,0.11869895324369244,0.0
Apache,kmeans_default,5,0.8,154,0.15907559879514813,0.0498113771197657
Apache,kmeans_default,6,0.8,154,0.1416330048649068,0.01872983727066289
Apache,kmeans_default,7,0.8,154,0.14273821264868713,0.01889363494069123
Apache,kmeans_default,8,0.8,154,0.1439642255779137,0.023501814969611207
Apache,kmeans_default,9,0.8,154,0.14596702147486143,0.022428315912470315
Apache,kmeans_default,10,0.8,154,0.13907703298632748,0.01109247662344651
Apache,kmeans_default,11,0.8,154,0.14414197195777842,0.012265895174384532
Apache,kmeans_default,12,0.8,154,0.14193489021161562,0.011371196358544028
Apache,kmeans_default,13,0.8,154,0.14540284036546872,0.01420183240931889
Apache,kmeans_default,14,0.8,154,0.14429993687576478,0.019045798168869157
Apache,kmeans_default,15,0.8,154,0.1423438743529775,0.01179318731928911
Apache,kmeans_default,16,0.8,154,0.14602662229838734,0.013532336945678593
Apache,kmeans_default,17,0.8,154,0.14591621226000606,0.019525108161609704
Apache,kmeans_default,18,0.8,154,0.1447873837394703,0.014963928190583876
Apache,kmeans_default,19,0.8,154,0.13806860161873954,0.015045401776534415
Apache,kmeans_default,20,0.8,154,0.14823479662268343,0.016443396133236216
Apache,kmeans_default,21,0.8,154,0.14315511898672492,0.018625254230240477
Apache,kmeans_default,22,0.8,154,0.1429537691075388,0.010206680623757338
Apache,kmeans_default,23,0.8,154,0.14355161826542248,0.01111892362720305
Apache,kmeans_default,24,0.8,154,0.1441108717260696,0.012469532439692812
Apache,kmeans_default,25,0.8,154,0.14579000112174476,0.013033362232194572
Apache,kmeans_default,26,0.8,154,0.14697767931067926,0.01848013637302351
Apache,kmeans_default,27,0.8,154,0.1504434196150609,0.01317234416126801
Apache,kmeans_default,28,0.8,154,0.14572219974636072,0.013524125953133103
Apache,kmeans_default,29,0.8,154,0.1450250647593898,0.016410693203750232
Apache,kmeans_default,30,0.8,154,0.152453201973907,0.02183229877184551
Apache,kmeans_default,31,0.8,154,0.149481026583184,0.017816252740416944
Apache,kmeans_default,32,0.8,154,0.14831378501157538,0.016126202889086907
Apache,kmeans_default,33,0.8,154,0.14506959849427917,0.014674925716894603
Apache,kmeans_default,34,0.8,154,0.1459437958259851,0.015628404070479752
Apache,kmeans_default,35,0.8,154,0.15282057130616772,0.017892168685879225
Apache,kmeans_default,36,0.8,154,0.1451323068533665,0.01335753163172825
Apache,kmeans_default,37,0.8,154,0.15136150170959667,0.0224710804391294
Apache,kmeans_default,38,0.8,154,0.14754235616099978,0.019388472492245904
Apache,kmeans_default,39,0.8,154,0.151177129328798,0.019003712574408044
Apache,kmeans_default,40,0.8,154,0.1534032598555299,0.013220173421475861
Apache,kmeans_default,41,0.8,154,0.14989824520967374,0.02137403377392541
Apache,kmeans_default,42,0.8,154,0.15157925500940164,0.015306225524388458
Apache,kmeans_default,43,0.8,154,0.15906732498708617,0.01971900058308569
Apache,kmeans_default,44,0.8,154,0.1532010548225025,0.011894445894980253
Apache,kmeans_default,45,0.8,154,0.1518434808281807,0.01576321347238555
Apache,kmeans_default,46,0.8,154,0.14990476780448592,0.018841530695624633
Apache,kmeans_default,47,0.8,154,0.15159009157686426,0.015075979529258255
Apache,kmeans_default,48,0.8,154,0.1539515368428733,0.014516023333518927
Apache,kmeans_default,49,0.8,154,0.14929412027835476,0.020657819761632015
Apache,kmeans_default,50,0.8,154,0.16056661422094223,0.017675882586552862
Apache,kmeans_hamming,5,0.8,154,0.17398177931236025,0.04550614333969767
Apache,kmeans_hamming,6,0.8,154,0.15515089288868145,0.01257878153318151
Apache,kmeans_hamming,7,0.8,154,0.16139417804682388,0.01815150421854434
Apache,kmeans_hamming,8,0.8,154,0.1597046844355971,0.01596386655189638
Apache,kmeans_hamming,9,0.8,154,0.16314555238299147,0.01588730814344703
Apache,kmeans_hamming,10,0.8,154,0.16297800471337207,0.017277427325313077
Apache,kmeans_hamming,11,0.8,154,0.16006521402878096,0.015509885092404727
Apache,kmeans_hamming,12,0.8,154,0.16086834062029826,0.018392544784336835
Apache,kmeans_hamming,13,0.8,154,0.16636900502676363,0.020549744441186377
Apache,kmeans_hamming,14,0.8,154,0.16825925294597774,0.018102476881709517
Apache,kmeans_hamming,15,0.8,154,0.16445345937463618,0.01571958351180477
Apache,kmeans_hamming,16,0.8,154,0.16462586323849743,0.015736603967753716
Apache,kmeans_hamming,17,0.8,154,0.16814394480311326,0.01849147093071127
Apache,kmeans_hamming,18,0.8,154,0.16394959990798166,0.016849515415967617
Apache,kmeans_hamming,19,0.8,154,0.1591598456714289,0.017581548760032695
Apache,kmeans_hamming,20,0.8,154,0.1697767481515891,0.018498133498918528
Apache,kmeans_hamming,21,0.8,154,0.16775341467183186,0.01930140264935901
Apache,kmeans_hamming,22,0.8,154,0.1578830274060127,0.015713411400110927
Apache,kmeans_hamming,23,0.8,154,0.15905672808963772,0.017463370535671867
Apache,kmeans_hamming,24,0.8,154,0.16476204972202646,0.020528264566954585
Apache,kmeans_hamming,25,0.8,154,0.1628888545304072,0.01675401752796063
Apache,kmeans_hamming,26,0.8,154,0.16370169324207634,0.018681674576667875
Apache,kmeans_hamming,27,0.8,154,0.1665925351714003,0.016664997552262258
Apache,kmeans_hamming,28,0.8,154,0.165670563859729,0.01878332850912029
Apache,kmeans_hamming,29,0.8,154,0.1618811794447663,0.01674024945766124
Apache,kmeans_hamming,30,0.8,154,0.16306779099131158,0.015096126084842476
Apache,kmeans_hamming,31,0.8,154,0.16460143137345176,0.01741175209402584
Apache,kmeans_hamming,32,0.8,154,0.16483917928333136,0.015384410500810325
Apache,kmeans_hamming,33,0.8,154,0.16106522851036306,0.019746620835476746
Apache,kmeans_hamming,34,0.8,154,0.16520825152515536,0.01761297773067539
Apache,kmeans_hamming,35,0.8,154,0.17057298836387813,0.0186202040939349
Apache,kmeans_hamming,36,0.8,154,0.1635553026676144,0.01880747504190115
Apache,kmeans_hamming,37,0.8,154,0.16549292654019515,0.020072121063533253
Apache,kmeans_hamming,38,0.8,154,0.16550497186370403,0.019527535312003273
Apache,kmeans_hamming,39,0.8,154,0.16457942707094927,0.01875177263717901
Apache,kmeans_hamming,40,0.8,154,0.16928224591495988,0.018515319377533413
Apache,kmeans_hamming,41,0.8,154,0.17054641240107787,0.015990754434733117
Apache,kmeans_hamming,42,0.8,154,0.16548449809465698,0.013217081016568986
Apache,kmeans_hamming,43,0.8,154,0.16739140485374718,0.013468532689287304
Apache,kmeans_hamming,44,0.8,154,0.17371817652564464,0.014332877748938263
Apache,kmeans_hamming,45,0.8,154,0.16849975266171496,0.018003834970102904
Apache,kmeans_hamming,46,0.8,154,0.16566631117829783,0.016750341715197153
Apache,kmeans_hamming,47,0.8,154,0.1728634074308668,0.015067106158688231
Apache,kmeans_hamming,48,0.8,154,0.1766150680292907,0.01816960361863795
Apache,kmeans_hamming,49,0.8,154,0.17153736758347435,0.022011626507072293
Apache,kmeans_hamming,50,0.8,154,0.17774284338504467,0.02102902962868853
Apache,kmeans_random,5,0.8,154,0.17415601894289703,0.048520668849568904
Apache,kmeans_random,6,0.8,154,0.15692389450574082,0.01430407521346061
Apache,kmeans_random,7,0.8,154,0.1630095565161259,0.020050238786981495
Apache,kmeans_random,8,0.8,154,0.1657041085019628,0.01692265326904774
Apache,kmeans_random,9,0.8,154,0.15958236195750794,0.01795168739907712
Apache,kmeans_random,10,0.8,154,0.15469479789553395,0.014740708744877068
Apache,kmeans_random,11,0.8,154,0.16052961111934042,0.01702905957189447
Apache,kmeans_random,12,0.8,154,0.16587387399883477,0.019534630945914067
Apache,kmeans_random,13,0.8,154,0.16244981480379161,0.01539101346990168
Apache,kmeans_random,14,0.8,154,0.17047475543186047,0.021032486602787195
Apache,kmeans_random,15,0.8,154,0.1611727620726739,0.01966179192238228
Apache,kmeans_random,16,0.8,154,0.16281018351543058,0.021982198103277475
Apache,kmeans_random,17,0.8,154,0.17089605229411753,0.021754513339618878
Apache,kmeans_random,18,0.8,154,0.15616870568717772,0.020125139447887238
Apache,kmeans_random,19,0.8,154,0.1511268445008803,0.014884303614388533
Apache,kmeans_random,20,0.8,154,0.16153741886346756,0.01694516122787643
Apache,kmeans_random,21,0.8,154,0.15801010460266546,0.01584085076268616
Apache,kmeans_random,22,0.8,154,0.16046816435073288,0.015173452000121136
Apache,kmeans_random,23,0.8,154,0.16220099979384328,0.014160800554749811
Apache,kmeans_random,24,0.8,154,0.16209747153997406,0.017580406184541073
Apache,kmeans_random,25,0.8,154,0.1626499763091001,0.017616121505766507
Apache,kmeans_random,26,0.8,154,0.16717012627358088,0.018353511185420716
Apache,kmeans_random,27,0.8,154,0.1618838045629412,0.019533082592392045
Apache,kmeans_random,28,0.8,154,0.1671206070476417,0.019401760767118675
Apache,kmeans_random,29,0.8,154,0.15864945824077856,0.01855982928196962
Apache,kmeans_random,30,0.8,154,0.16163945574013536,0.01904809481849787
Apache,kmeans_random,31,0.8,154,0.16084796258076908,0.017196088597139236
Apache,kmeans_random,32,0.8,154,0.16342256288482576,0.021549107152729972
Apache,kmeans_random,33,0.8,154,0.1593873336695613,0.017045463221026298
Apache,kmeans_random,34,0.8,154,0.16654025634522046,0.015630469381949272
Apache,kmeans_random,35,0.8,154,0.17084866892052064,0.019850456763556696
Apache,kmeans_random,36,0.8,154,0.1603761377301778,0.018858900841645546
Apache,kmeans_random,37,0.8,154,0.1602922545321336,0.01967583404155373
Apache,kmeans_random,38,0.8,154,0.16159699876663194,0.027344452710902165
Apache,kmeans_random,39,0.8,154,0.17118953497574507,0.01674591517265215
Apache,kmeans_random,40,0.8,154,0.17280231351142955,0.01718710345385295
Apache,kmeans_random,41,0.8,154,0.16860081168270963,0.016184356526007127
Apache,kmeans_random,42,0.8,154,0.16938660684912352,0.017213396337182895
Apache,kmeans_random,43,0.8,154,0.16605137664899022,0.020171639631474125
Apache,kmeans_random,44,0.8,154,0.1659191406822348,0.019715705516486756
Apache,kmeans_random,45,0.8,154,0.1669407066753695,0.021400842524041445
Apache,kmeans_random,46,0.8,154,0.1705915125182081,0.023526482313801163
Apache,kmeans_random,47,0.8,154,0.17364410114639267,0.022751788218260006
Apache,kmeans_random,48,0.8,154,0.17392049906595464,0.021777384598447913
Apache,kmeans_random,49,0.8,154,0.17682069107786894,0.020580306375841167
Apache,kmeans_random,50,0.8,154,0.17523121013566018,0.019417989915211792
Apache,random,,0.8,154,0.15261368277799525,0.011613380173533342
Apache,diversity,,0.9,173,0.13297767758207307,0.0
Apache,kmeans_default,5,0.9,173,0.16176577304019826,0.05721797638514317
Apache,kmeans_default,6,0.9,173,0.13694986525515004,0.035671592677371355
Apache,kmeans_default,7,0.9,173,0.13480684409246485,0.032982585703812656
Apache,kmeans_default,8,0.9,173,0.13748147871621844,0.03627578152512023
Apache,kmeans_default,9,0.9,173,0.14132862881127392,0.03290374587858151
Apache,kmeans_default,10,0.9,173,0.1323695754186959,0.0206228633660709
Apache,kmeans_default,11,0.9,173,0.13803403184386812,0.02646863087195319
Apache,kmeans_default,12,0.9,173,0.129589516857064,0.02073922419513902
Apache,kmeans_default,13,0.9,173,0.14148806246781828,0.02624802856198393
Apache,kmeans_default,14,0.9,173,0.13765273359699082,0.02447708645539406
Apache,kmeans_default,15,0.9,173,0.13277804632822143,0.0177473273634987
Apache,kmeans_default,16,0.9,173,0.13629095713087785,0.024947266429029027
Apache,kmeans_default,17,0.9,173,0.14325286218413383,0.03053839269825983
Apache,kmeans_default,18,0.9,173,0.13377408307340083,0.02248347877366529
Apache,kmeans_default,19,0.9,173,0.13244592804638497,0.023474062194783256
Apache,kmeans_default,20,0.9,173,0.14366370691368308,0.024704770278231317
Apache,kmeans_default,21,0.9,173,0.14173496104199146,0.032008176363461115
Apache,kmeans_default,22,0.9,173,0.13652668742047785,0.02063220045713419
Apache,kmeans_default,23,0.9,173,0.13573301324831552,0.01869238839405913
Apache,kmeans_default,24,0.9,173,0.13766664309197393,0.01929624096222113
Apache,kmeans_default,25,0.9,173,0.14029533094938434,0.022986278314499023
Apache,kmeans_default,26,0.9,173,0.1350799005962506,0.020022437021584082
Apache,kmeans_default,27,0.9,173,0.14308074753873343,0.023328566062341037
Apache,kmeans_default,28,0.9,173,0.14308270685546967,0.02089713095191142
Apache,kmeans_default,29,0.9,173,0.14472857618819948,0.026167139353126107
Apache,kmeans_default,30,0.9,173,0.1518639548441886,0.03044793752470216
Apache,kmeans_default,31,0.9,173,0.14044007234626743,0.028950467803937546
Apache,kmeans_default,32,0.9,173,0.14596538043261306,0.026834556163641655
Apache,kmeans_default,33,0.9,173,0.14218354862692445,0.022053110838750552
Apache,kmeans_default,34,0.9,173,0.14660965444896804,0.022951785992791903
Apache,kmeans_default,35,0.9,173,0.14837440262559878,0.025989337236012024
Apache,kmeans_default,36,0.9,173,0.14468281941776992,0.01982898233852318
Apache,kmeans_default,37,0.9,173,0.14527505279424163,0.03318860447476788
Apache,kmeans_default,38,0.9,173,0.14730614036000883,0.028805365590980188
Apache,kmeans_default,39,0.9,173,0.14999902691595365,0.025614321061039055
Apache,kmeans_default,40,0.9,173,0.14937856899283572,0.02398331516585912
Apache,kmeans_default,41,0.9,173,0.15142363141922033,0.028335821799599377
Apache,kmeans_default,42,0.9,173,0.1506155861176266,0.022379190081672683
Apache,kmeans_default,43,0.9,173,0.15058092448212418,0.025665049931042842
Apache,kmeans_default,44,0.9,173,0.15459294076103805,0.0231475769864403
Apache,kmeans_default,45,0.9,173,0.14219571537975093,0.028671225739077554
Apache,kmeans_default,46,0.9,173,0.14920303154412917,0.028860299716753336
Apache,kmeans_default,47,0.9,173,0.15381798112876047,0.01606497279553478
Apache,kmeans_default,48,0.9,173,0.15598315601846965,0.02499347774600338
Apache,kmeans_default,49,0.9,173,0.14805120865376356,0.030220777874078255
Apache,kmeans_default,50,0.9,173,0.1568096906460202,0.025538225772868763
Apache,kmeans_hamming,5,0.9,173,0.17437535470184024,0.06072799919143659
Apache,kmeans_hamming,6,0.9,173,0.16177811958145324,0.026734579180950964
Apache,kmeans_hamming,7,0.9,173,0.1655956165474176,0.03081129013364508
Apache,kmeans_hamming,8,0.9,173,0.16101405137032954,0.03178719308054175
Apache,kmeans_hamming,9,0.9,173,0.17218703549339037,0.03501786934913543
Apache,kmeans_hamming,10,0.9,173,0.1683006259601238,0.029919883818823708
Apache,kmeans_hamming,11,0.9,173,0.16469762561012344,0.031714987450406136
Apache,kmeans_hamming,12,0.9,173,0.17232984548541244,0.030778329528183695
Apache,kmeans_hamming,13,0.9,173,0.17668446917713496,0.032351814016057884
Apache,kmeans_hamming,14,0.9,173,0.1681527023478195,0.024403133466866598
Apache,kmeans_hamming,15,0.9,173,0.16939648953612116,0.0240902033913014
Apache,kmeans_hamming,16,0.9,173,0.17015719725296588,0.03116003776208995
Apache,kmeans_hamming,17,0.9,173,0.1754501339931311,0.030554994456136846
Apache,kmeans_hamming,18,0.9,173,0.16654700904373929,0.02709357341635964
Apache,kmeans_hamming,19,0.9,173,0.1598962985848173,0.029097148371184274
Apache,kmeans_hamming,20,0.9,173,0.1728198490080405,0.028449187191516557
Apache,kmeans_hamming,21,0.9,173,0.17672088122243937,0.03228322571451006
Apache,kmeans_hamming,22,0.9,173,0.16049330460928107,0.02651390267866629
Apache,kmeans_hamming,23,0.9,173,0.15924524470497475,0.022005463758987646
Apache,kmeans_hamming,24,0.9,173,0.16606411332108156,0.034987282264342806
Apache,kmeans_hamming,25,0.9,173,0.16523829181487776,0.0266564960065015
Apache,kmeans_hamming,26,0.9,173,0.16690227605224525,0.023032507645304248
Apache,kmeans_hamming,27,0.9,173,0.17367771447480373,0.030922396915949196
Apache,kmeans_hamming,28,0.9,173,0.16887809711835491,0.029713565131963583
Apache,kmeans_hamming,29,0.9,173,0.16985594170592586,0.02706716713959262
Apache,kmeans_hamming,30,0.9,173,0.1683871056252751,0.0252264306555703
Apache,kmeans_hamming,31,0.9,173,0.16868216923426316,0.02948057051087161
Apache,kmeans_hamming,32,0.9,173,0.1734792524546995,0.037031495743496796
Apache,kmeans_hamming,33,0.9,173,0.16333638481720045,0.02630060402674498
Apache,kmeans_hamming,34,0.9,173,0.17109419088687047,0.030695653674089995
Apache,kmeans_hamming,35,0.9,173,0.17601603638628444,0.022972735099713534
Apache,kmeans_hamming,36,0.9,173,0.1705441836474577,0.01976203211438028
Apache,kmeans_hamming,37,0.9,173,0.16981275952993127,0.03680411206341844
Apache,kmeans_hamming,38,0.9,173,0.17255651461585633,0.03600332561929463
Apache,kmeans_hamming,39,0.9,173,0.17371589234369073,0.029932649468692674
Apache,kmeans_hamming,40,0.9,173,0.1753979797462744,0.02780954974338004
Apache,kmeans_hamming,41,0.9,173,0.17524597017368246,0.02449338881768328
Apache,kmeans_hamming,42,0.9,173,0.16717561095981137,0.021522139927145315
Apache,kmeans_hamming,43,0.9,173,0.1736472304801965,0.02347535693046816
Apache,kmeans_hamming,44,0.9,173,0.17810682695215024,0.02336145741745239
Apache,kmeans_hamming,45,0.9,173,0.16847995888480352,0.027585631262850577
Apache,kmeans_hamming,46,0.9,173,0.1699650778316221,0.03694485983572114
Apache,kmeans_hamming,47,0.9,173,0.1802539201650379,0.022659119056057733
Apache,kmeans_hamming,48,0.9,173,0.18329933862561912,0.024947249619206156
Apache,kmeans_hamming,49,0.9,173,0.17661009537494377,0.03645700259349765
Apache,kmeans_hamming,50,0.9,173,0.18485198653430276,0.03034318077631455
Apache,kmeans_random,5,0.9,173,0.1742652023015385,0.06492929186019264
Apache,kmeans_random,6,0.9,173,0.15825896465170983,0.023025205636960474
Apache,kmeans_random,7,0.9,173,0.16830923379694307,0.03208175909633014
Apache,kmeans_random,8,0.9,173,0.1707356448472755,0.029383309571167665
Apache,kmeans_random,9,0.9,173,0.16639455257410596,0.034209076823340234
Apache,kmeans_random,10,0.9,173,0.159423929051942,0.02296882610259126
Apache,kmeans_random,11,0.9,173,0.16839433728548797,0.02979622531671185
Apache,kmeans_random,12,0.9,173,0.17212093387343821,0.03048762919605511
Apache,kmeans_random,13,0.9,173,0.16520646089790467,0.027691602651952217
Apache,kmeans_random,14,0.9,173,0.1732024236053597,0.028432600626814044
Apache,kmeans_random,15,0.9,173,0.16498287329940942,0.02480512703945108
Apache,kmeans_random,16,0.9,173,0.1647094659397155,0.035101983407376046
Apache,kmeans_random,17,0.9,173,0.17424049542237163,0.03638913592335588
Apache,kmeans_random,18,0.9,173,0.15924149324645628,0.03130336904772416
Apache,kmeans_random,19,0.9,173,0.15623934623959712,0.02612107378689583
Apache,kmeans_random,20,0.9,173,0.17389851216664354,0.03452197033867031
Apache,kmeans_random,21,0.9,173,0.1634033404886237,0.028850944181242497
Apache,kmeans_random,22,0.9,173,0.16812875281025655,0.018307450512390723
Apache,kmeans_random,23,0.9,173,0.16228506678224114,0.0216054107524948
Apache,kmeans_random,24,0.9,173,0.1633521782850635,0.02786432174927069
Apache,kmeans_random,25,0.9,173,0.1644799123579597,0.024974887536615763
Apache,kmeans_random,26,0.9,173,0.1742522336009658,0.031001432363525896
Apache,kmeans_random,27,0.9,173,0.16679362696818198,0.026488962484046745
Apache,kmeans_random,28,0.9,173,0.1794594302770438,0.03301587757489222
Apache,kmeans_random,29,0.9,173,0.1583887694944091,0.031115951613563134
Apache,kmeans_random,30,0.9,173,0.16547697684261864,0.030120718554303188
Apache,kmeans_random,31,0.9,173,0.17014028448120955,0.030337388196396885
Apache,kmeans_random,32,0.9,173,0.16874327586021334,0.03290231613140805
Apache,kmeans_random,33,0.9,173,0.16376803339465568,0.02718636087554344
Apache,kmeans_random,34,0.9,173,0.1680581811237911,0.02664356606989507
Apache,kmeans_random,35,0.9,173,0.17832338081655524,0.023815632315664883
Apache,kmeans_random,36,0.9,173,0.16846855500980482,0.027312033082790132
Apache,kmeans_random,37,0.9,173,0.15933643200207526,0.028266169643892173
Apache,kmeans_random,38,0.9,173,0.16325724474575523,0.033501198962719095
Apache,kmeans_random,39,0.9,173,0.17951468869231857,0.026349492926631954
Apache,kmeans_random,40,0.9,173,0.1782507187596161,0.031248668556979498
Apache,kmeans_random,41,0.9,173,0.17660299166401072,0.0261675109874555
Apache,kmeans_random,42,0.9,173,0.17925872631676892,0.02172251039990225
Apache,kmeans_random,43,0.9,173,0.1694329636548382,0.0326558088388112
Apache,kmeans_random,44,0.9,173,0.17364718490911493,0.02774167060283273
Apache,kmeans_random,45,0.9,173,0.16348679861168736,0.030803424707750503
Apache,kmeans_random,46,0.9,173,0.17859863450667432,0.03176840813319039
Apache,kmeans_random,47,0.9,173,0.18205479317941758,0.03139706186999438
Apache,kmeans_random,48,0.9,173,0.18546798317136828,0.0432213438095146
Apache,kmeans_random,49,0.9,173,0.18461669697228328,0.033507229533480336
Apache,kmeans_random,50,0.9,173,0.1902130042802358,0.0287866432070777
Apache,random,,0.9,173,0.15267835387023465,0.024109445605378553
Apache,diversity,,1.0,191,0.10556383507203146,0.0
Apache,kmeans_default,5,1.0,191,0.21414788832465298,0.19562865434668272
Apache,kmeans_default,6,1.0,191,0.16383723306608175,0.1674736311619364
Apache,kmeans_default,7,1.0,191,0.11420275877231231,0.12112416355047206
Apache,kmeans_default,8,1.0,191,0.13593502699617457,0.13782053018576107
Apache,kmeans_default,9,1.0,191,0.12362115740420676,0.09338415306082347
Apache,kmeans_default,10,1.0,191,0.10274736347685454,0.04879152926934328
Apache,kmeans_default,11,1.0,191,0.12857630318166544,0.1244381264457327
Apache,kmeans_default,12,1.0,191,0.091056459185152,0.03283025349668485
Apache,kmeans_default,13,1.0,191,0.09032835884835168,0.04976462260882528
Apache,kmeans_default,14,1.0,191,0.11076084466355506,0.04779800473424445
Apache,kmeans_default,15,1.0,191,0.10524848204627898,0.08604417469023616
Apache,kmeans_default,16,1.0,191,0.0959957200791882,0.04569688589303151
Apache,kmeans_default,17,1.0,191,0.08133303496460428,0.05404213016095547
Apache,kmeans_default,18,1.0,191,0.11332766940817275,0.05521761622127419
Apache,kmeans_default,19,1.0,191,0.11175879156159137,0.04871161830790574
Apache,kmeans_default,20,1.0,191,0.08740574959882434,0.05374695841274595
Apache,kmeans_default,21,1.0,191,0.11905388379400776,0.09317076131685595
Apache,kmeans_default,22,1.0,191,0.10805156164380962,0.09550473927507529
Apache,kmeans_default,23,1.0,191,0.11360785080248488,0.06023557310717905
Apache,kmeans_default,24,1.0,191,0.1089293753082861,0.05309820524918666
Apache,kmeans_default,25,1.0,191,0.11606486615440685,0.09798952382019567
Apache,kmeans_default,26,1.0,191,0.10794359030950665,0.051119676356723986
Apache,kmeans_default,27,1.0,191,0.11814360373850517,0.06504234408422842
Apache,kmeans_default,28,1.0,191,0.10294453539764628,0.06213847911617315
Apache,kmeans_default,29,1.0,191,0.10756079562170792,0.06875576893478258
Apache,kmeans_default,30,1.0,191,0.12827024810026744,0.09113335325729584
Apache,kmeans_default,31,1.0,191,0.11935048931743265,0.11433393192688818
Apache,kmeans_default,32,1.0,191,0.1089407999861724,0.09048297954025072
Apache,kmeans_default,33,1.0,191,0.11305371981705076,0.07392383639695574
Apache,kmeans_default,34,1.0,191,0.10860473468158037,0.06545850344235712
Apache,kmeans_default,35,1.0,191,0.15330684782311998,0.0954607318569627
Apache,kmeans_default,36,1.0,191,0.13700312284733857,0.09359631126970894
Apache,kmeans_default,37,1.0,191,0.09488071179152156,0.050339087715073706
Apache,kmeans_default,38,1.0,191,0.1157995993189665,0.054154445649695626
Apache,kmeans_default,39,1.0,191,0.11322730827611481,0.0688231749925505
Apache,kmeans_default,40,1.0,191,0.09840310841915088,0.06332760443264895
Apache,kmeans_default,41,1.0,191,0.10752654865398588,0.05536642157367425
Apache,kmeans_default,42,1.0,191,0.12375914520014221,0.07501673371648074
Apache,kmeans_default,43,1.0,191,0.12624579715904272,0.10088818777466019
Apache,kmeans_default,44,1.0,191,0.13870403240142049,0.10137766884724073
Apache,kmeans_default,45,1.0,191,0.10643679331625644,0.09083901235913368
Apache,kmeans_default,46,1.0,191,0.11331527232005457,0.0679200513785141
Apache,kmeans_default,47,1.0,191,0.1562602323400152,0.10151122200082556
Apache,kmeans_default,48,1.0,191,0.11277519816526115,0.05957897477768949
Apache,kmeans_default,49,1.0,191,0.12808898351727258,0.09853627863378885
Apache,kmeans_default,50,1.0,191,0.11472245122363459,0.07637456783350224
Apache,kmeans_hamming,5,1.0,191,0.15720796138495308,0.10491534781993929
Apache,kmeans_hamming,6,1.0,191,0.19072051341750898,0.10632331541980293
Apache,kmeans_hamming,7,1.0,191,0.16922343184022964,0.10294361124574909
Apache,kmeans_hamming,8,1.0,191,0.15957920766460437,0.09202564926244643
Apache,kmeans_hamming,9,1.0,191,0.18472462516428853,0.11233834915503281
Apache,kmeans_hamming,10,1.0,191,0.1609662588045848,0.11049490795414285
Apache,kmeans_hamming,11,1.0,191,0.18245923585897997,0.12346676003045608
Apache,kmeans_hamming,12,1.0,191,0.15912438355915526,0.111629897598683
Apache,kmeans_hamming,13,1.0,191,0.20023202252994804,0.09741033494590075
Apache,kmeans_hamming,14,1.0,191,0.1844443287439584,0.12049403624726907
Apache,kmeans_hamming,15,1.0,191,0.17688731027153046,0.08509039107874693
Apache,kmeans_hamming,16,1.0,191,0.17326221437870098,0.11902956919951485
Apache,kmeans_hamming,17,1.0,191,0.18007728240936344,0.12936398131504706
Apache,kmeans_hamming,18,1.0,191,0.18039235627257044,0.10352082842537522
Apache,kmeans_hamming,19,1.0,191,0.1572767097265535,0.11685086874204513
Apache,kmeans_hamming,20,1.0,191,0.18263616555411813,0.09994473582545296
Apache,kmeans_hamming,21,1.0,191,0.16768154507160124,0.13660758097752349
Apache,kmeans_hamming,22,1.0,191,0.1695834727002196,0.1366296848968866
Apache,kmeans_hamming,23,1.0,191,0.16891951942069097,0.10912299204930466
Apache,kmeans_hamming,24,1.0,191,0.17216993471419217,0.09477410315229662
Apache,kmeans_hamming,25,1.0,191,0.156367056669019,0.10309260331700705
Apache,kmeans_hamming,26,1.0,191,0.15421413129602582,0.10030013153399438
Apache,kmeans_hamming,27,1.0,191,0.1545161522315235,0.10466728166598657
Apache,kmeans_hamming,28,1.0,191,0.1862698175076344,0.11466565321014464
Apache,kmeans_hamming,29,1.0,191,0.17859570241232087,0.09826611726217394
Apache,kmeans_hamming,30,1.0,191,0.2066505999446041,0.10281734303816184
Apache,kmeans_hamming,31,1.0,191,0.17046004461376507,0.10824087672541358
Apache,kmeans_hamming,32,1.0,191,0.1795394170774572,0.12724486154243603
Apache,kmeans_hamming,33,1.0,191,0.13914191405958204,0.09849827726411238
Apache,kmeans_hamming,34,1.0,191,0.16278130374871386,0.11492704917633151
Apache,kmeans_hamming,35,1.0,191,0.215519401255693,0.1267012964721849
Apache,kmeans_hamming,36,1.0,191,0.17957129465409663,0.10394489817499127
Apache,kmeans_hamming,37,1.0,191,0.16272933503692474,0.11492916798806478
Apache,kmeans_hamming,38,1.0,191,0.15447879873589646,0.09494404820787308
Apache,kmeans_hamming,39,1.0,191,0.16534692376881835,0.11318737308264976
Apache,kmeans_hamming,40,1.0,191,0.2196568862236605,0.11405943989767746
Apache,kmeans_hamming,41,1.0,191,0.15683066659598485,0.08744479482379029
Apache,kmeans_hamming,42,1.0,191,0.21262800880598126,0.09783331073977321
Apache,kmeans_hamming,43,1.0,191,0.20316902930663128,0.13056963777924843
Apache,kmeans_hamming,44,1.0,191,0.17526601703560124,0.10560586526616943
Apache,kmeans_hamming,45,1.0,191,0.181639267909891,0.07521726979642772
Apache,kmeans_hamming,46,1.0,191,0.15391940438988974,0.1103583325610223
Apache,kmeans_hamming,47,1.0,191,0.2287971353839446,0.11788310531611741
Apache,kmeans_hamming,48,1.0,191,0.2011028604315906,0.10634711891013911
Apache,kmeans_hamming,49,1.0,191,0.2247870459246155,0.1169277850053471
Apache,kmeans_hamming,50,1.0,191,0.21264752426703418,0.1070956545425512
Apache,kmeans_random,5,1.0,191,0.18203995338453358,0.14259026116288676
Apache,kmeans_random,6,1.0,191,0.15314526138362425,0.11193531083728026
Apache,kmeans_random,7,1.0,191,0.1527112669019026,0.09356950493577647
Apache,kmeans_random,8,1.0,191,0.17931328856601464,0.12158254234749066
Apache,kmeans_random,9,1.0,191,0.15355473185380408,0.08530617185991282
Apache,kmeans_random,10,1.0,191,0.15581052763614955,0.11714149084888192
Apache,kmeans_random,11,1.0,191,0.166040330754193,0.11310845284397501
Apache,kmeans_random,12,1.0,191,0.17625004147486228,0.11871128486997806
Apache,kmeans_random,13,1.0,191,0.18099369696100664,0.1243342441634722
Apache,kmeans_random,14,1.0,191,0.20021066238634289,0.13389042249993902
Apache,kmeans_random,15,1.0,191,0.18165312336605044,0.09567978873384926
Apache,kmeans_random,16,1.0,191,0.15410790099050273,0.09820023545770384
Apache,kmeans_random,17,1.0,191,0.19532681345233124,0.11426526939675548
Apache,kmeans_random,18,1.0,191,0.17107411378210616,0.13081323030717382
Apache,kmeans_random,19,1.0,191,0.14987950892718965,0.10135329419055497
Apache,kmeans_random,20,1.0,191,0.17443882135305502,0.09030387268600114
Apache,kmeans_random,21,1.0,191,0.17201557904613418,0.11256492487789944
Apache,kmeans_random,22,1.0,191,0.1915652824711289,0.1493457040676584
Apache,kmeans_random,23,1.0,191,0.14063666512653758,0.09946442907190874
Apache,kmeans_random,24,1.0,191,0.1486127739290981,0.08985386096993228
Apache,kmeans_random,25,1.0,191,0.14045615760744481,0.10304594898263353
Apache,kmeans_random,26,1.0,191,0.15627431267912445,0.10163111023590066
Apache,kmeans_random,27,1.0,191,0.21771085251048947,0.14690608224243001
Apache,kmeans_random,28,1.0,191,0.1818454385225549,0.12490234449727555
Apache,kmeans_random,29,1.0,191,0.16146693967379197,0.10128891652870194
Apache,kmeans_random,30,1.0,191,0.18040912805451917,0.14159766856256964
Apache,kmeans_random,31,1.0,191,0.1878631779856671,0.1402971510449029
Apache,kmeans_random,32,1.0,191,0.1447202079605864,0.08345849709599912
Apache,kmeans_random,33,1.0,191,0.15025704278459578,0.08735505745151444
Apache,kmeans_random,34,1.0,191,0.18845239452256232,0.10082749101101261
Apache,kmeans_random,35,1.0,191,0.2187502287590717,0.12482110537239727
Apache,kmeans_random,36,1.0,191,0.19932288312563104,0.13805750489383947
Apache,kmeans_random,37,1.0,191,0.17447777578928594,0.13647649505549317
Apache,kmeans_random,38,1.0,191,0.13421885671058192,0.06622548208475212
Apache,kmeans_random,39,1.0,191,0.20963817239350802,0.1044414072017321
Apache,kmeans_random,40,1.0,191,0.1986593405324528,0.10968413772824244
Apache,kmeans_random,41,1.0,191,0.18677475355247347,0.12485813857471179
Apache,kmeans_random,42,1.0,191,0.15683706874048403,0.09874780703124367
Apache,kmeans_random,43,1.0,191,0.2108288050337885,0.14067169868684823
Apache,kmeans_random,44,1.0,191,0.18975519671490132,0.09492069903911228
Apache,kmeans_random,45,1.0,191,0.1781988354163011,0.08325759544698413
Apache,kmeans_random,46,1.0,191,0.16288084035056874,0.0821363040363903
Apache,kmeans_random,47,1.0,191,0.21323755256346108,0.12400220992079589
Apache,kmeans_random,48,1.0,191,0.18475778003322632,0.14083811068610755
Apache,kmeans_random,49,1.0,191,0.262729186121716,0.144763606277051
Apache,kmeans_random,50,1.0,191,0.20683518067174333,0.11658918280359824
Apache,random,,1.0,191,0.12672098440519958,0.0859473231863779
BDBC,diversity,,0.1,256,3.9293475129153896,0.0
BDBC,kmeans_default,5,0.1,256,2.5854999392691127,0.8811623329900661
BDBC,kmeans_default,6,0.1,256,2.378466703084897,0.9159651406477279
BDBC,kmeans_default,7,0.1,256,2.1688886135739063,1.0441179426589287
BDBC,kmeans_default,8,0.1,256,1.9817681485496836,1.2159645096665517
BDBC,kmeans_default,9,0.1,256,1.9154961293953499,0.9230518134678684
BDBC,kmeans_default,10,0.1,256,2.2435047126516223,1.0951492569801267
BDBC,kmeans_default,11,0.1,256,2.0514320962360184,0.8966689338914987
BDBC,kmeans_default,12,0.1,256,1.8902313990354875,0.7726348578348362
BDBC,kmeans_default,13,0.1,256,2.198858573818704,0.6554584843363992
BDBC,kmeans_default,14,0.1,256,2.1805568074318202,0.6158944125089149
BDBC,kmeans_default,15,0.1,256,1.8463050119255855,0.7348926609258764
BDBC,kmeans_default,16,0.1,256,1.9406896830559053,0.7170419457190852
BDBC,kmeans_default,17,0.1,256,1.7982062076247918,0.5352342691160092
BDBC,kmeans_default,18,0.1,256,1.8027285194433809,0.5468186478941607
BDBC,kmeans_default,19,0.1,256,1.6661851073935712,0.3096480407756931
BDBC,kmeans_default,20,0.1,256,1.6426219954090509,0.12176105917313156
BDBC,kmeans_default,21,0.1,256,1.7373240336280713,0.28802290061493224
BDBC,kmeans_default,22,0.1,256,1.8039291373857045,0.40941013875996096
BDBC,kmeans_default,23,0.1,256,1.819481562075021,0.47244970468538494
BDBC,kmeans_default,24,0.1,256,1.9247598544237734,0.5036871973373057
BDBC,kmeans_default,25,0.1,256,1.8960790175209448,0.5710513634803844
BDBC,kmeans_default,26,0.1,256,1.806115600454136,0.5249525414373
BDBC,kmeans_default,27,0.1,256,1.8117159172555513,0.5811730566253702
BDBC,kmeans_default,28,0.1,256,1.9092957318674328,0.522807624670363
BDBC,kmeans_default,29,0.1,256,1.7880401945990367,0.5369503565514628
BDBC,kmeans_default,30,0.1,256,1.7758681864468484,0.5484227344276962
BDBC,kmeans_default,31,0.1,256,1.9767356515877694,0.5888646782711824
BDBC,kmeans_default,32,0.1,256,2.009302062559843,0.487910247145418
BDBC,kmeans_default,33,0.1,256,2.0357243218825274,0.6607404122829549
BDBC,kmeans_default,34,0.1,256,2.0094681508675403,0.5896649770686679
BDBC,kmeans_default,35,0.1,256,2.0048425378109846,0.5015028878942007
BDBC,kmeans_default,36,0.1,256,1.9165493514288783,0.6207972422012471
BDBC,kmeans_default,37,0.1,256,2.1072873817955022,0.5680341040713476
BDBC,kmeans_default,38,0.1,256,2.0582872844294715,0.5460893772610387
BDBC,kmeans_default,39,0.1,256,2.0374097985043655,0.6060840079040697
BDBC,kmeans_default,40,0.1,256,2.133635801873515,0.4292810317367008
BDBC,kmeans_default,41,0.1,256,1.9824187240996773,0.45645131315619597
BDBC,kmeans_default,42,0.1,256,2.045496104181579,0.601871975236818
BDBC,kmeans_default,43,0.1,256,2.1645369791086777,0.5658842453568057
BDBC,kmeans_default,44,0.1,256,2.022519449747316,0.4921090739596438
BDBC,kmeans_default,45,0.1,256,1.9585686054606437,0.43467299330915526
BDBC,kmeans_default,46,0.1,256,2.084815766378501,0.5298192671914581
BDBC,kmeans_default,47,0.1,256,2.1293213879764297,0.456402493053931
BDBC,kmeans_default,48,0.1,256,2.1617960250225043,0.4207869210554014
BDBC,kmeans_default,49,0.1,256,1.9749493972835412,0.48714037388666964
BDBC,kmeans_default,50,0.1,256,2.1408255441251716,0.5611390092612748
BDBC,kmeans_hamming,5,0.1,256,4.289023109473242,0.1519262317846518
BDBC,kmeans_hamming,6,0.1,256,4.349272934195949,0.21652956195650847
BDBC,kmeans_hamming,7,0.1,256,4.253795328961628,0.33150829487688627
BDBC,kmeans_hamming,8,0.1,256,4.332475873629173,0.38838928151156965
BDBC,kmeans_hamming,9,0.1,256,4.274832097683909,0.2940657900237246
BDBC,kmeans_hamming,10,0.1,256,4.306866291734215,0.31879441063876046
BDBC,kmeans_hamming,11,0.1,256,4.3051518277743215,0.30136627284843026
BDBC,kmeans_hamming,12,0.1,256,4.275118893572395,0.3554732258006163
BDBC,kmeans_hamming,13,0.1,256,4.3086426506252655,0.25270229788013665
BDBC,kmeans_hamming,14,0.1,256,4.341722260534126,0.2762592087848038
BDBC,kmeans_hamming,15,0.1,256,4.31865641067762,0.23247314506452155
BDBC,kmeans_hamming,16,0.1,256,4.292882134866949,0.16816159171556302
BDBC,kmeans_hamming,17,0.1,256,4.282137770391558,0.1997661183874371
BDBC,kmeans_hamming,18,0.1,256,4.2736750586487915,0.18447483819992874
BDBC,kmeans_hamming,19,0.1,256,4.268342189783628,0.17124119043213296
BDBC,kmeans_hamming,20,0.1,256,4.257600047350527,0.07169505156571292
BDBC,kmeans_hamming,21,0.1,256,4.236238759674684,0.14141464638315224
BDBC,kmeans_hamming,22,0.1,256,4.319436479373386,0.26458706473959076
BDBC,kmeans_hamming,23,0.1,256,4.332660045203253,0.2627075619886611
BDBC,kmeans_hamming,24,0.1,256,4.290464018056094,0.22256272619134101
BDBC,kmeans_hamming,25,0.1,256,4.323367981565914,0.3129788978265195
BDBC,kmeans_hamming,26,0.1,256,4.3081751199462275,0.3250484434881903
BDBC,kmeans_hamming,27,0.1,256,4.28930617804346,0.2678234693435814
BDBC,kmeans_hamming,28,0.1,256,4.3523306775977995,0.2728186654856381
BDBC,kmeans_hamming,29,0.1,256,4.263407316132498,0.1935682827909074
BDBC,kmeans_hamming,30,0.1,256,4.306047456495821,0.30693259936023676
BDBC,kmeans_hamming,31,0.1,256,4.3242876080769115,0.23099047869243203
BDBC,kmeans_hamming,32,0.1,256,4.2458266987801965,0.23006001414141342
BDBC,kmeans_hamming,33,0.1,256,4.278600158820198,0.23682268664824643
BDBC,kmeans_hamming,34,0.1,256,4.285561246517483,0.18691244779239283
BDBC,kmeans_hamming,35,0.1,256,4.291363245559433,0.2402718121229802
BDBC,kmeans_hamming,36,0.1,256,4.262184135768396,0.25851737792571017
BDBC,kmeans_hamming,37,0.1,256,4.202235788287381,0.20828773626723016
BDBC,kmeans_hamming,38,0.1,256,4.291801126960329,0.24496696029658382
BDBC,kmeans_hamming,39,0.1,256,4.260648239371572,0.21052351250412116
BDBC,kmeans_hamming,40,0.1,256,4.280995772520432,0.22485057772898961
BDBC,kmeans_hamming,41,0.1,256,4.17079232589373,0.16471436717671048
BDBC,kmeans_hamming,42,0.1,256,4.253624410420492,0.21893026783956263
BDBC,kmeans_hamming,43,0.1,256,4.297161444142432,0.24827584854840196
BDBC,kmeans_hamming,44,0.1,256,4.253315292511478,0.2720883047361537
BDBC,kmeans_hamming,45,0.1,256,4.235506349219824,0.1758687054015156
BDBC,kmeans_hamming,46,0.1,256,4.237484272909574,0.21615359066822049
BDBC,kmeans_hamming,47,0.1,256,4.240698273337258,0.18971970554759107
BDBC,kmeans_hamming,48,0.1,256,4.3318994667520965,0.16538803082120768
BDBC,kmeans_hamming,49,0.1,256,4.260167897313126,0.19428595340930715
BDBC,kmeans_hamming,50,0.1,256,4.195310228718525,0.20390568991848376
BDBC,kmeans_random,5,0.1,256,4.389801730973203,0.26781903491972386
BDBC,kmeans_random,6,0.1,256,4.45690000605657,0.3944831095898851
BDBC,kmeans_random,7,0.1,256,4.429589905123119,0.4586952223613029
BDBC,kmeans_random,8,0.1,256,4.325164591244039,0.47025729481153095
BDBC,kmeans_random,9,0.1,256,4.364741950106855,0.4285566226725448
BDBC,kmeans_random,10,0.1,256,4.27518588328436,0.4352706984879862
BDBC,kmeans_random,11,0.1,256,4.344994174913258,0.4098093287394535
BDBC,kmeans_random,12,0.1,256,4.263433910234553,0.4102535375184015
BDBC,kmeans_random,13,0.1,256,4.32764091979765,0.36605814070558335
BDBC,kmeans_random,14,0.1,256,4.396502464057181,0.4401415079989622
BDBC,kmeans_random,15,0.1,256,4.329535413197726,0.2535028934728032
BDBC,kmeans_random,16,0.1,256,4.267163167016553,0.28185416563463056
BDBC,kmeans_random,17,0.1,256,4.3046821761720855,0.3431160848293923
BDBC,kmeans_random,18,0.1,256,4.299414775661869,0.2730865318342222
BDBC,kmeans_random,19,0.1,256,4.28627516514997,0.28982440032391893
BDBC,kmeans_random,20,0.1,256,4.243799395362952,0.24853525162953596
BDBC,kmeans_random,21,0.1,256,4.266017350458409,0.42303494598514796
BDBC,kmeans_random,22,0.1,256,4.3278492890339795,0.38117979260988094
BDBC,kmeans_random,23,0.1,256,4.358734165878764,0.27061799944866577
BDBC,kmeans_random,24,0.1,256,4.267299026361243,0.2589929768215985
BDBC,kmeans_random,25,0.1,256,4.25448697609716,0.3720899554919795
BDBC,kmeans_random,26,0.1,256,4.383208929584237,0.26630842343597644
BDBC,kmeans_random,27,0.1,256,4.399247175778378,0.3725754820211073
BDBC,kmeans_random,28,0.1,256,4.328862847489485,0.32138750892289564
BDBC,kmeans_random,29,0.1,256,4.4007957380045335,0.3044314293623723
BDBC,kmeans_random,30,0.1,256,4.312980694750246,0.31587264560396555
BDBC,kmeans_random,31,0.1,256,4.320479680465243,0.22557858253813196
BDBC,kmeans_random,32,0.1,256,4.206860149531537,0.32547284817779853
BDBC,kmeans_random,33,0.1,256,4.332901161938107,0.2801042462967002
BDBC,kmeans_random,34,0.1,256,4.329819935261268,0.2574540549597272
BDBC,kmeans_random,35,0.1,256,4.411133352853926,0.277599724547285
BDBC,kmeans_random,36,0.1,256,4.330107592189071,0.28392701644047735
BDBC,kmeans_random,37,0.1,256,4.332096507279508,0.31383847939674975
BDBC,kmeans_random,38,0.1,256,4.353783605199961,0.3210801025386477
BDBC,kmeans_random,39,0.1,256,4.309849293810795,0.3654412843960824
BDBC,kmeans_random,40,0.1,256,4.286356030592305,0.32157643388795976
BDBC,kmeans_random,41,0.1,256,4.320795594805338,0.22324208443374782
BDBC,kmeans_random,42,0.1,256,4.2790733240741465,0.25873253150608655
BDBC,kmeans_random,43,0.1,256,4.332185761711736,0.3315496547603379
BDBC,kmeans_random,44,0.1,256,4.345844374340454,0.333659216786526
BDBC,kmeans_random,45,0.1,256,4.23742014562723,0.28253436092760004
BDBC,kmeans_random,46,0.1,256,4.309112987072355,0.2833842237829483
BDBC,kmeans_random,47,0.1,256,4.257102672996166,0.28429320449218093
BDBC,kmeans_random,48,0.1,256,4.387575005644938,0.3116745068705299
BDBC,kmeans_random,49,0.1,256,4.298805648982254,0.3214053787785453
BDBC,kmeans_random,50,0.1,256,4.2686909554676,0.3027138866260051
BDBC,random,,0.1,256,4.2302939363259195,0.2829456584369069
BDBC,diversity,,0.2,512,5.141232165636564,0.0
BDBC,kmeans_default,5,0.2,512,3.1270067067716374,0.98451032101945
BDBC,kmeans_default,6,0.2,512,3.0281451949897122,0.9302551014253951
BDBC,kmeans_default,7,0.2,512,2.9113386220483704,0.8855039103189571
BDBC,kmeans_default,8,0.2,512,3.0407491836581215,1.239208152690075
BDBC,kmeans_default,9,0.2,512,2.8953593998192537,1.0245919405201325
BDBC,kmeans_default,10,0.2,512,3.177321831609373,1.0035078902404515
BDBC,kmeans_default,11,0.2,512,2.9697725275559588,0.6399784512726194
BDBC,kmeans_default,12,0.2,512,2.6632556795207867,0.722165918408155
BDBC,kmeans_default,13,0.2,512,2.8189006258207647,0.5341536572412804
BDBC,kmeans_default,14,0.2,512,2.9068663781247945,0.6009532219060925
BDBC,kmeans_default,15,0.2,512,2.6277726447176066,0.6049441224167186
BDBC,kmeans_default,16,0.2,512,2.5925249844441813,0.6064471767073094
BDBC,kmeans_default,17,0.2,512,2.5062509017690817,0.4578573891978658
BDBC,kmeans_default,18,0.2,512,2.6172505906122256,0.4792966098428068
BDBC,kmeans_default,19,0.2,512,2.568597364893887,0.30123527005291234
BDBC,kmeans_default,20,0.2,512,2.4958895945469317,0.04368582262979093
BDBC,kmeans_default,21,0.2,512,2.532565400378305,0.170965745270285
BDBC,kmeans_default,22,0.2,512,2.741010609508016,0.39149105552333163
BDBC,kmeans_default,23,0.2,512,2.659380792665428,0.45424444751124887
BDBC,kmeans_default,24,0.2,512,2.5905113240193827,0.34754542179772485
BDBC,kmeans_default,25,0.2,512,2.634417507537866,0.45962209632983225
BDBC,kmeans_default,26,0.2,512,2.5318233524807354,0.4465899164462901
BDBC,kmeans_default,27,0.2,512,2.4961252741248297,0.4127612931339354
BDBC,kmeans_default,28,0.2,512,2.575454256941595,0.3954833040128901
BDBC,kmeans_default,29,0.2,512,2.4326580897955257,0.33649846812264056
BDBC,kmeans_default,30,0.2,512,2.554399074030147,0.4110910376060165
BDBC,kmeans_default,31,0.2,512,2.5396403372545513,0.38208972350252346
BDBC,kmeans_default,32,0.2,512,2.4425320036423863,0.443910401732451
BDBC,kmeans_default,33,0.2,512,2.6531200605907483,0.4659308546287505
BDBC,kmeans_default,34,0.2,512,2.551694345471287,0.30678004161954003
BDBC,kmeans_default,35,0.2,512,2.604096836265349,0.38048709938265685
BDBC,kmeans_default,36,0.2,512,2.5649409043478375,0.42225502920482394
BDBC,kmeans_default,37,0.2,512,2.5488050053831732,0.44677648605675413
BDBC,kmeans_default,38,0.2,512,2.5875033212379535,0.4900478210100229
BDBC,kmeans_default,39,0.2,512,2.510428529300099,0.3227986574193035
BDBC,kmeans_default,40,0.2,512,2.595753413904975,0.3128138888984327
BDBC,kmeans_default,41,0.2,512,2.5599442562344263,0.2871777701039478
BDBC,kmeans_default,42,0.2,512,2.5454482422911706,0.41783221814566646
BDBC,kmeans_default,43,0.2,512,2.6658440588856833,0.4333340846031498
BDBC,kmeans_default,44,0.2,512,2.6080473141496627,0.3025589041061344
BDBC,kmeans_default,45,0.2,512,2.5071703310075883,0.378919460498219
BDBC,kmeans_default,46,0.2,512,2.605566891152698,0.29749789799684645
BDBC,kmeans_default,47,0.2,512,2.602247848964481,0.3362453490470534
BDBC,kmeans_default,48,0.2,512,2.633282138966209,0.3204616870148556
BDBC,kmeans_default,49,0.2,512,2.5626669947778633,0.29434957872348433
BDBC,kmeans_default,50,0.2,512,2.63704262836028,0.41529032709382147
BDBC,kmeans_hamming,5,0.2,512,4.325061101051523,0.169112845538565
BDBC,kmeans_hamming,6,0.2,512,4.401524424135686,0.2263653513872747
BDBC,kmeans_hamming,7,0.2,512,4.373017715647102,0.31459189141130767
BDBC,kmeans_hamming,8,0.2,512,4.313074078726659,0.3777791386801923
BDBC,kmeans_hamming,9,0.2,512,4.326015242205733,0.30927154478753666
BDBC,kmeans_hamming,10,0.2,512,4.344797902578367,0.4299033575155397
BDBC,kmeans_hamming,11,0.2,512,4.2828740949453605,0.2625956689329126
BDBC,kmeans_hamming,12,0.2,512,4.301863131067654,0.3642138967938034
BDBC,kmeans_hamming,13,0.2,512,4.346917124685829,0.26930667405889364
BDBC,kmeans_hamming,14,0.2,512,4.352751122837187,0.29978899130667236
BDBC,kmeans_hamming,15,0.2,512,4.288491721911679,0.2127240476483329
BDBC,kmeans_hamming,16,0.2,512,4.2552540206338225,0.21075454647612887
BDBC,kmeans_hamming,17,0.2,512,4.292972364570505,0.18846571801767412
BDBC,kmeans_hamming,18,0.2,512,4.302915905895585,0.19528149887611326
BDBC,kmeans_hamming,19,0.2,512,4.282352244466538,0.1444473424462402
BDBC,kmeans_hamming,20,0.2,512,4.303347999001267,0.1001535495075785
BDBC,kmeans_hamming,21,0.2,512,4.311722497946874,0.19238849378148748
BDBC,kmeans_hamming,22,0.2,512,4.3393358107725435,0.289613688222968
BDBC,kmeans_hamming,23,0.2,512,4.326145722168064,0.27529658760395603
BDBC,kmeans_hamming,24,0.2,512,4.285520264411361,0.22688869243843449
BDBC,kmeans_hamming,25,0.2,512,4.299582747903659,0.25849731579743057
BDBC,kmeans_hamming,26,0.2,512,4.326477667311211,0.27407178786693576
BDBC,kmeans_hamming,27,0.2,512,4.323389810806811,0.2717049568160628
BDBC,kmeans_hamming,28,0.2,512,4.390651439766076,0.24919587451088387
BDBC,kmeans_hamming,29,0.2,512,4.263219153664535,0.19670481470285223
BDBC,kmeans_hamming,30,0.2,512,4.297838058970428,0.26145186845452567
BDBC,kmeans_hamming,31,0.2,512,4.348409365337286,0.22681721254530196
BDBC,kmeans_hamming,32,0.2,512,4.262987117256547,0.20694644464461298
BDBC,kmeans_hamming,33,0.2,512,4.296436827197701,0.2443789365629046
BDBC,kmeans_hamming,34,0.2,512,4.3004486950229115,0.20126834461203985
BDBC,kmeans_hamming,35,0.2,512,4.252767451420089,0.21457472065484412
BDBC,kmeans_hamming,36,0.2,512,4.3075004231448935,0.26790244105537503
BDBC,kmeans_hamming,37,0.2,512,4.255624330587802,0.2494442742351282
BDBC,kmeans_hamming,38,0.2,512,4.326602678675091,0.23695629221452708
BDBC,kmeans_hamming,39,0.2,512,4.255337152935193,0.17776626203242263
BDBC,kmeans_hamming,40,0.2,512,4.278740899126645,0.2592730741200436
BDBC,kmeans_hamming,41,0.2,512,4.215461175554542,0.15355580073266517
BDBC,kmeans_hamming,42,0.2,512,4.292274484147151,0.19914520862593177
BDBC,kmeans_hamming,43,0.2,512,4.308493169654272,0.18953164338666403
BDBC,kmeans_hamming,44,0.2,512,4.253816718335103,0.21612541475675281
BDBC,kmeans_hamming,45,0.2,512,4.266766199231562,0.16135808113685277
BDBC,kmeans_hamming,46,0.2,512,4.260033169368725,0.18530839934883425
BDBC,kmeans_hamming,47,0.2,512,4.270477919024702,0.18212754564581074
BDBC,kmeans_hamming,48,0.2,512,4.300746474160617,0.1793724636793
BDBC,kmeans_hamming,49,0.2,512,4.271920271827807,0.14983486896162698
BDBC,kmeans_hamming,50,0.2,512,4.252585776485997,0.17989071577783852
BDBC,kmeans_random,5,0.2,512,4.287358993157401,0.21789397642631214
BDBC,kmeans_random,6,0.2,512,4.3657592202826105,0.33322815825615704
BDBC,kmeans_random,7,0.2,512,4.425918556069973,0.3812647587524086
BDBC,kmeans_random,8,0.2,512,4.364402883549314,0.502955164417039
BDBC,kmeans_random,9,0.2,512,4.347282881543793,0.3377731368705775
BDBC,kmeans_random,10,0.2,512,4.302649899352002,0.41007962562178
BDBC,kmeans_random,11,0.2,512,4.282486481668741,0.3503308479116546
BDBC,kmeans_random,12,0.2,512,4.317391368741492,0.419495625515205
BDBC,kmeans_random,13,0.2,512,4.357621833746387,0.27094353984574876
BDBC,kmeans_random,14,0.2,512,4.431082727515264,0.4250023685242593
BDBC,kmeans_random,15,0.2,512,4.318444252770672,0.23708491579460841
BDBC,kmeans_random,16,0.2,512,4.272150166590385,0.25722102182101947
BDBC,kmeans_random,17,0.2,512,4.292252281948277,0.2643030553059868
BDBC,kmeans_random,18,0.2,512,4.280549861716019,0.20782785733978226
BDBC,kmeans_random,19,0.2,512,4.2936975000975846,0.22306017717030724
BDBC,kmeans_random,20,0.2,512,4.345085583220798,0.21032602927338231
BDBC,kmeans_random,21,0.2,512,4.298853040707778,0.27477774541157524
BDBC,kmeans_random,22,0.2,512,4.321842741229078,0.3216869508838811
BDBC,kmeans_random,23,0.2,512,4.340657866814853,0.2675050491396975
BDBC,kmeans_random,24,0.2,512,4.31350616846214,0.23975461372528484
BDBC,kmeans_random,25,0.2,512,4.323049372134025,0.3545058343774436
BDBC,kmeans_random,26,0.2,512,4.368293786894722,0.2747659076015194
BDBC,kmeans_random,27,0.2,512,4.385519486698238,0.32538385020848
BDBC,kmeans_random,28,0.2,512,4.352211192067442,0.2908750710289799
BDBC,kmeans_random,29,0.2,512,4.317407462187983,0.260955063628024
BDBC,kmeans_random,30,0.2,512,4.324929353508984,0.3203723416245012
BDBC,kmeans_random,31,0.2,512,4.3231454764541235,0.282092494771862
BDBC,kmeans_random,32,0.2,512,4.2065694927257065,0.30451847433995627
BDBC,kmeans_random,33,0.2,512,4.312363614130493,0.27767211056629987
BDBC,kmeans_random,34,0.2,512,4.282038885010186,0.23861076060116482
BDBC,kmeans_random,35,0.2,512,4.350903535544735,0.21769223729525702
BDBC,kmeans_random,36,0.2,512,4.299716858266537,0.274282712140386
BDBC,kmeans_random,37,0.2,512,4.374415068413365,0.2574377635316764
BDBC,kmeans_random,38,0.2,512,4.379237958456258,0.2722390769153573
BDBC,kmeans_random,39,0.2,512,4.299661351754389,0.2805567087590416
BDBC,kmeans_random,40,0.2,512,4.314126890105213,0.2592046764962132
BDBC,kmeans_random,41,0.2,512,4.2920098277437315,0.24221027127444658
BDBC,kmeans_random,42,0.2,512,4.325204518102771,0.24797387919341404
BDBC,kmeans_random,43,0.2,512,4.292344112547474,0.2565466524257535
BDBC,kmeans_random,44,0.2,512,4.329107244139854,0.28716228161487767
BDBC,kmeans_random,45,0.2,512,4.270463080386823,0.22243097922798533
BDBC,kmeans_random,46,0.2,512,4.310778743817682,0.21942953945806054
BDBC,kmeans_random,47,0.2,512,4.338112690509586,0.25385433801270896
BDBC,kmeans_random,48,0.2,512,4.3673433488525255,0.2501943963136777
BDBC,kmeans_random,49,0.2,512,4.267103337263366,0.22720510295104973
BDBC,kmeans_random,50,0.2,512,4.266863576875336,0.21666493769957793
BDBC,random,,0.2,512,4.353280830171099,0.2519250342094653
BDBC,diversity,,0.3,768,4.250084340888054,0.0
BDBC,kmeans_default,5,0.3,768,3.9501535287464438,1.266927373554914
BDBC,kmeans_default,6,0.3,768,3.9290349004259655,1.0063094571852154
BDBC,kmeans_default,7,0.3,768,3.758611311811228,0.9737929115368764
BDBC,kmeans_default,8,0.3,768,3.8998650907600996,1.1339970269668596
BDBC,kmeans_default,9,0.3,768,3.466662905245255,0.6482632485268901
BDBC,kmeans_default,10,0.3,768,3.5264573475090866,0.9457039248329122
BDBC,kmeans_default,11,0.3,768,3.4360112049068956,0.5800348676528165
BDBC,kmeans_default,12,0.3,768,3.36580364865723,0.8757735509983122
BDBC,kmeans_default,13,0.3,768,3.393781152537718,0.5672193863464108
BDBC,kmeans_default,14,0.3,768,3.581378151549344,0.6284276473766458
BDBC,kmeans_default,15,0.3,768,3.2071649815658843,0.526800438629887
BDBC,kmeans_default,16,0.3,768,3.1325835335620167,0.3903610466788071
BDBC,kmeans_default,17,0.3,768,2.8691840747216926,0.4719313150778709
BDBC,kmeans_default,18,0.3,768,2.945582795680436,0.4694449804581635
BDBC,kmeans_default,19,0.3,768,2.7527784203268815,0.26691370753796334
BDBC,kmeans_default,20,0.3,768,2.6101267974261044,0.0518191104141097
BDBC,kmeans_default,21,0.3,768,2.6459586996775557,0.18400716727845068
BDBC,kmeans_default,22,0.3,768,2.741495723279607,0.3524544575172165
BDBC,kmeans_default,23,0.3,768,2.7149126741334006,0.39747499090218946
BDBC,kmeans_default,24,0.3,768,2.72468461426538,0.31884199387443474
BDBC,kmeans_default,25,0.3,768,2.7838584850474137,0.40856919187083507
BDBC,kmeans_default,26,0.3,768,2.7336456817224875,0.405931596147327
BDBC,kmeans_default,27,0.3,768,2.7753011084690966,0.39298149920861997
BDBC,kmeans_default,28,0.3,768,2.8474914753265925,0.3974036161596366
BDBC,kmeans_default,29,0.3,768,2.759765743553307,0.30773148621085966
BDBC,kmeans_default,30,0.3,768,2.9034549668361733,0.4467469620303937
BDBC,kmeans_default,31,0.3,768,2.8077675808508933,0.2636771336122772
BDBC,kmeans_default,32,0.3,768,2.725158563980099,0.34718569453161213
BDBC,kmeans_default,33,0.3,768,2.877594729077685,0.313803363498065
BDBC,kmeans_default,34,0.3,768,2.9241742804303144,0.3250961021822371
BDBC,kmeans_default,35,0.3,768,2.8543863799430644,0.29502862508990574
BDBC,kmeans_default,36,0.3,768,2.8572447647695585,0.38512488694754904
BDBC,kmeans_default,37,0.3,768,2.8630811018016322,0.36009480490739637
BDBC,kmeans_default,38,0.3,768,2.88971302481081,0.3742098624467129
BDBC,kmeans_default,39,0.3,768,2.8491851404580464,0.24313536351060583
BDBC,kmeans_default,40,0.3,768,2.849125075654579,0.2804424737090087
BDBC,kmeans_default,41,0.3,768,2.780887967183747,0.20381607052700934
BDBC,kmeans_default,42,0.3,768,2.7773561140978624,0.2684485586025145
BDBC,kmeans_default,43,0.3,768,2.904037278657874,0.3538929149063277
BDBC,kmeans_default,44,0.3,768,2.8702274814199993,0.2994905409300525
BDBC,kmeans_default,45,0.3,768,2.7903112310336136,0.3013038175862083
BDBC,kmeans_default,46,0.3,768,2.8224443999095468,0.3101650450206974
BDBC,kmeans_default,47,0.3,768,2.8741795000060586,0.2404236774253376
BDBC,kmeans_default,48,0.3,768,2.913178447346676,0.3028024672694564
BDBC,kmeans_default,49,0.3,768,2.877035897038518,0.18064732919724946
BDBC,kmeans_default,50,0.3,768,2.837538475957254,0.3712098976147627
BDBC,kmeans_hamming,5,0.3,768,4.312818683140408,0.127909751376671
BDBC,kmeans_hamming,6,0.3,768,4.392188807497996,0.24137525367209936
BDBC,kmeans_hamming,7,0.3,768,4.426588992759199,0.3550955871117456
BDBC,kmeans_hamming,8,0.3,768,4.363231284282053,0.4487288615807587
BDBC,kmeans_hamming,9,0.3,768,4.364867987996803,0.33495564994112564
BDBC,kmeans_hamming,10,0.3,768,4.341288865534553,0.4004787487398439
BDBC,kmeans_hamming,11,0.3,768,4.338943446342808,0.251136577508858
BDBC,kmeans_hamming,12,0.3,768,4.295309196409161,0.35222732593680656
BDBC,kmeans_hamming,13,0.3,768,4.3432654288863715,0.2887139867511293
BDBC,kmeans_hamming,14,0.3,768,4.3979976344656695,0.33159376683847536
BDBC,kmeans_hamming,15,0.3,768,4.320828564327555,0.2215719815923863
BDBC,kmeans_hamming,16,0.3,768,4.308667847660541,0.2298488698483798
BDBC,kmeans_hamming,17,0.3,768,4.303550127415983,0.1981695008182842
BDBC,kmeans_hamming,18,0.3,768,4.306510680449165,0.20142463310093547
BDBC,kmeans_hamming,19,0.3,768,4.303660502348645,0.17145209142398843
BDBC,kmeans_hamming,20,0.3,768,4.273991319403955,0.13285220252307786
BDBC,kmeans_hamming,21,0.3,768,4.311225170822714,0.15477891195970084
BDBC,kmeans_hamming,22,0.3,768,4.347040792402353,0.2510849150168751
BDBC,kmeans_hamming,23,0.3,768,4.328284469452865,0.2899556411427168
BDBC,kmeans_hamming,24,0.3,768,4.327200724013854,0.2721658846975062
BDBC,kmeans_hamming,25,0.3,768,4.368435253079713,0.29483107909304024
BDBC,kmeans_hamming,26,0.3,768,4.34415298261255,0.26923189766141326
BDBC,kmeans_hamming,27,0.3,768,4.3407115875933995,0.2990797643740012
BDBC,kmeans_hamming,28,0.3,768,4.414469863063615,0.28867670879939605
BDBC,kmeans_hamming,29,0.3,768,4.282684469417062,0.2209781345425469
BDBC,kmeans_hamming,30,0.3,768,4.305489855349644,0.28378057717794397
BDBC,kmeans_hamming,31,0.3,768,4.32342747021181,0.2339209875803502
BDBC,kmeans_hamming,32,0.3,768,4.279276986078168,0.22630676551623355
BDBC,kmeans_hamming,33,0.3,768,4.275360594627363,0.24350568107093917
BDBC,kmeans_hamming,34,0.3,768,4.285174878842936,0.2323041527311167
BDBC,kmeans_hamming,35,0.3,768,4.260661434922313,0.20447088724631485
BDBC,kmeans_hamming,36,0.3,768,4.284335165048392,0.28016960494710574
BDBC,kmeans_hamming,37,0.3,768,4.308484610011755,0.2776232218875451
BDBC,kmeans_hamming,38,0.3,768,4.314413756834813,0.2701719243186515
BDBC,kmeans_hamming,39,0.3,768,4.234607249428829,0.16895793112508886
BDBC,kmeans_hamming,40,0.3,768,4.3017487518231015,0.26691177946681643
BDBC,kmeans_hamming,41,0.3,768,4.208436962073178,0.14951557613150893
BDBC,kmeans_hamming,42,0.3,768,4.279611466841315,0.20496707870299966
BDBC,kmeans_hamming,43,0.3,768,4.312664883721635,0.26041123577300834
BDBC,kmeans_hamming,44,0.3,768,4.29207283205437,0.22406327513979019
BDBC,kmeans_hamming,45,0.3,768,4.294789604039206,0.19655236787462524
BDBC,kmeans_hamming,46,0.3,768,4.24802335432536,0.1817231912133341
BDBC,kmeans_hamming,47,0.3,768,4.305034556460809,0.16627117226721727
BDBC,kmeans_hamming,48,0.3,768,4.329168717804062,0.16816603601942545
BDBC,kmeans_hamming,49,0.3,768,4.246391060586113,0.1589509554370918
BDBC,kmeans_hamming,50,0.3,768,4.271225931176338,0.1986555880261942
BDBC,kmeans_random,5,0.3,768,4.287397526926062,0.2081123389030239
BDBC,kmeans_random,6,0.3,768,4.401853499542923,0.32770473402249223
BDBC,kmeans_random,7,0.3,768,4.43766735331755,0.38008556594292
BDBC,kmeans_random,8,0.3,768,4.37650392295527,0.5598035836433221
BDBC,kmeans_random,9,0.3,768,4.352380607451014,0.325533724658737
BDBC,kmeans_random,10,0.3,768,4.328530025938358,0.4140271239630441
BDBC,kmeans_random,11,0.3,768,4.331504752881788,0.299792517352943
BDBC,kmeans_random,12,0.3,768,4.331466675565375,0.3755299394970258
BDBC,kmeans_random,13,0.3,768,4.371507678281024,0.2782040906204577
BDBC,kmeans_random,14,0.3,768,4.409191152455512,0.4487300830420557
BDBC,kmeans_random,15,0.3,768,4.280335476188927,0.18210744306366305
BDBC,kmeans_random,16,0.3,768,4.241588891353252,0.25523320313384007
BDBC,kmeans_random,17,0.3,768,4.315046820108986,0.23638779803276982
BDBC,kmeans_random,18,0.3,768,4.307986491363208,0.19614607064525683
BDBC,kmeans_random,19,0.3,768,4.296496175847567,0.23556384587896337
BDBC,kmeans_random,20,0.3,768,4.374885451514112,0.17934947596883546
BDBC,kmeans_random,21,0.3,768,4.3217432764202295,0.24501893950180323
BDBC,kmeans_random,22,0.3,768,4.313999363762174,0.28025566231796545
BDBC,kmeans_random,23,0.3,768,4.358715404566239,0.2664113858561164
BDBC,kmeans_random,24,0.3,768,4.308003606351418,0.2294909801589462
BDBC,kmeans_random,25,0.3,768,4.359243650507384,0.3772350777693088
BDBC,kmeans_random,26,0.3,768,4.379454855365776,0.2876814406159367
BDBC,kmeans_random,27,0.3,768,4.384950016119727,0.3191553435879869
BDBC,kmeans_random,28,0.3,768,4.405380733203111,0.3294922847696623
BDBC,kmeans_random,29,0.3,768,4.333094536409066,0.2615088634085527
BDBC,kmeans_random,30,0.3,768,4.325409020089501,0.304646199045339
BDBC,kmeans_random,31,0.3,768,4.319824675418922,0.25078027693956745
BDBC,kmeans_random,32,0.3,768,4.222400384475003,0.2705309466858256
BDBC,kmeans_random,33,0.3,768,4.325548043480469,0.28098423449972376
BDBC,kmeans_random,34,0.3,768,4.274129800465853,0.264546920282704
BDBC,kmeans_random,35,0.3,768,4.379210820975105,0.2686014496977354
BDBC,kmeans_random,36,0.3,768,4.314204776852011,0.269159817429329
BDBC,kmeans_random,37,0.3,768,4.32910194035564,0.24869663264645273
BDBC,kmeans_random,38,0.3,768,4.410949288766673,0.285025040005353
BDBC,kmeans_random,39,0.3,768,4.338744349815377,0.24853338618007884
BDBC,kmeans_random,40,0.3,768,4.309523481740911,0.2914365205964842
BDBC,kmeans_random,41,0.3,768,4.26161704696818,0.24247556608500312
BDBC,kmeans_random,42,0.3,768,4.322089756916224,0.2136355291530677
BDBC,kmeans_random,43,0.3,768,4.29509888394296,0.25330174504592745
BDBC,kmeans_random,44,0.3,768,4.352568387694143,0.24160857237480646
BDBC,kmeans_random,45,0.3,768,4.25445112341911,0.19943111822904644
BDBC,kmeans_random,46,0.3,768,4.299927551581253,0.2051741086867857
BDBC,kmeans_random,47,0.3,768,4.34753410069039,0.2492483155366054
BDBC,kmeans_random,48,0.3,768,4.396143282695476,0.21500635317785854
BDBC,kmeans_random,49,0.3,768,4.290903005841116,0.21630568826559918
BDBC,kmeans_random,50,0.3,768,4.2791911591739105,0.2282741468765494
BDBC,random,,0.3,768,4.3192745978278095,0.19824748671803236
BDBC,diversity,,0.4,1024,4.32745589954424,0.0
BDBC,kmeans_default,5,0.4,1024,4.373724132285955,1.1569874315480386
BDBC,kmeans_default,6,0.4,1024,4.855709169615923,0.8629116536125868
BDBC,kmeans_default,7,0.4,1024,4.44806251878771,1.0620407305898159
BDBC,kmeans_default,8,0.4,1024,4.634396480403504,1.207524335277003
BDBC,kmeans_default,9,0.4,1024,4.153970176353137,0.7271973024808627
BDBC,kmeans_default,10,0.4,1024,4.101280007672765,1.0193314242923748
BDBC,kmeans_default,11,0.4,1024,3.9660447761909254,0.5747011692797867
BDBC,kmeans_default,12,0.4,1024,3.6391722936919426,0.5397624151831429
BDBC,kmeans_default,13,0.4,1024,3.7107185550997834,0.6276408299830992
BDBC,kmeans_default,14,0.4,1024,3.775436504084711,0.5748857554280106
BDBC,kmeans_default,15,0.4,1024,3.509295045266456,0.5305680636165685
BDBC,kmeans_default,16,0.4,1024,3.5817867201131874,0.39934743375100656
BDBC,kmeans_default,17,0.4,1024,3.2851142066010564,0.49097575545916866
BDBC,kmeans_default,18,0.4,1024,3.3488496217933834,0.4968075794870308
BDBC,kmeans_default,19,0.4,1024,3.121867659493721,0.2723897351898267
BDBC,kmeans_default,20,0.4,1024,2.968283894001032,0.07574547269733972
BDBC,kmeans_default,21,0.4,1024,2.9952048407466276,0.21676874785778627
BDBC,kmeans_default,22,0.4,1024,2.9855300289217355,0.3604816717098358
BDBC,kmeans_default,23,0.4,1024,2.947254451490344,0.36158568549470776
BDBC,kmeans_default,24,0.4,1024,2.8799091767547966,0.3432462079592561
BDBC,kmeans_default,25,0.4,1024,2.9678874128998265,0.4053273078555114
BDBC,kmeans_default,26,0.4,1024,2.940696675205993,0.41446446171245543
BDBC,kmeans_default,27,0.4,1024,2.934196059450699,0.39845874295922945
BDBC,kmeans_default,28,0.4,1024,3.025409743722653,0.32152246865695594
BDBC,kmeans_default,29,0.4,1024,2.9032555766971977,0.30314729817631875
BDBC,kmeans_default,30,0.4,1024,2.969377167075576,0.4111441974414099
BDBC,kmeans_default,31,0.4,1024,2.90316732430008,0.2911801081720919
BDBC,kmeans_default,32,0.4,1024,2.8589547878559984,0.36540691418791615
BDBC,kmeans_default,33,0.4,1024,2.947354940229964,0.3174201496873796
BDBC,kmeans_default,34,0.4,1024,3.0030737588429095,0.32589731962238583
BDBC,kmeans_default,35,0.4,1024,2.9498264059680612,0.34490896855743886
BDBC,kmeans_default,36,0.4,1024,2.950262437467429,0.36322493561512564
BDBC,kmeans_default,37,0.4,1024,2.98234580002107,0.3493372654938223
BDBC,kmeans_default,38,0.4,1024,2.9849870168546806,0.35342783672848344
BDBC,kmeans_default,39,0.4,1024,3.011666583,0.2630571000628253
BDBC,kmeans_default,40,0.4,1024,2.9290908702365166,0.331549854464209
BDBC,kmeans_default,41,0.4,1024,2.916521705370476,0.24179560271846687
BDBC,kmeans_default,42,0.4,1024,2.913555223744953,0.22203422283638957
BDBC,kmeans_default,43,0.4,1024,3.036447891209856,0.32143482537573786
BDBC,kmeans_default,44,0.4,1024,2.9524203126151987,0.2987977077993944
BDBC,kmeans_default,45,0.4,1024,2.9079559625265263,0.2473231742979885
BDBC,kmeans_default,46,0.4,1024,2.9745923573858533,0.2733558380027921
BDBC,kmeans_default,47,0.4,1024,2.9780911475940814,0.23875489216211412
BDBC,kmeans_default,48,0.4,1024,2.97453845878316,0.25202234539427515
BDBC,kmeans_default,49,0.4,1024,2.976848920845025,0.19175052757140132
BDBC,kmeans_default,50,0.4,1024,2.930563184004618,0.3089156995260359
BDBC,kmeans_hamming,5,0.4,1024,4.2956245186441615,0.16079591281246516
BDBC,kmeans_hamming,6,0.4,1024,4.400493267618409,0.22863121265754152
BDBC,kmeans_hamming,7,0.4,1024,4.366537538169791,0.3207266005957783
BDBC,kmeans_hamming,8,0.4,1024,4.365191392412881,0.546971940012045
BDBC,kmeans_hamming,9,0.4,1024,4.388345438356087,0.3478835197026164
BDBC,kmeans_hamming,10,0.4,1024,4.3482443043637,0.45822687269488854
BDBC,kmeans_hamming,11,0.4,1024,4.353478660187867,0.3180451660992935
BDBC,kmeans_hamming,12,0.4,1024,4.280099855228343,0.3356294135999577
BDBC,kmeans_hamming,13,0.4,1024,4.324594847869497,0.29215091800163967
BDBC,kmeans_hamming,14,0.4,1024,4.416263388567857,0.37403047444360105
BDBC,kmeans_hamming,15,0.4,1024,4.2870617712145345,0.26355109283816136
BDBC,kmeans_hamming,16,0.4,1024,4.341584441667962,0.26059767081741525
BDBC,kmeans_hamming,17,0.4,1024,4.283759466042789,0.23442742150091136
BDBC,kmeans_hamming,18,0.4,1024,4.304133071325672,0.22323255467688954
BDBC,kmeans_hamming,19,0.4,1024,4.299763801631888,0.18658454533604835
BDBC,kmeans_hamming,20,0.4,1024,4.3040170955670485,0.1226635469823004
BDBC,kmeans_hamming,21,0.4,1024,4.325604110595965,0.21244717462362286
BDBC,kmeans_hamming,22,0.4,1024,4.376718673595032,0.29765081941442784
BDBC,kmeans_hamming,23,0.4,1024,4.317254207855936,0.3129910711498182
BDBC,kmeans_hamming,24,0.4,1024,4.343673590580662,0.3116875487633075
BDBC,kmeans_hamming,25,0.4,1024,4.425070190195241,0.32097581702326594
BDBC,kmeans_hamming,26,0.4,1024,4.370565097120505,0.3391108599225807
BDBC,kmeans_hamming,27,0.4,1024,4.398967552776041,0.3656287257042948
BDBC,kmeans_hamming,28,0.4,1024,4.454198744414536,0.33459650798449325
BDBC,kmeans_hamming,29,0.4,1024,4.305046969098446,0.2646129662880121
BDBC,kmeans_hamming,30,0.4,1024,4.371098090833446,0.2903360210238507
BDBC,kmeans_hamming,31,0.4,1024,4.320850527541782,0.24774508115546925
BDBC,kmeans_hamming,32,0.4,1024,4.293889746331123,0.30485491287181077
BDBC,kmeans_hamming,33,0.4,1024,4.291691994677321,0.2885773669191506
BDBC,kmeans_hamming,34,0.4,1024,4.299610117664427,0.25776877464320846
BDBC,kmeans_hamming,35,0.4,1024,4.298434364505481,0.22846851842402532
BDBC,kmeans_hamming,36,0.4,1024,4.297476959040679,0.322455257273982
BDBC,kmeans_hamming,37,0.4,1024,4.286242943007947,0.2936640890035307
BDBC,kmeans_hamming,38,0.4,1024,4.344828230213593,0.27239441239714257
BDBC,kmeans_hamming,39,0.4,1024,4.243193937119569,0.16744158308546825
BDBC,kmeans_hamming,40,0.4,1024,4.288332386602058,0.3108608997533665
BDBC,kmeans_hamming,41,0.4,1024,4.202714349445576,0.1954755811365625
BDBC,kmeans_hamming,42,0.4,1024,4.298889602647171,0.2181119350287105
BDBC,kmeans_hamming,43,0.4,1024,4.328009551893408,0.2867431420435174
BDBC,kmeans_hamming,44,0.4,1024,4.297966474913355,0.25085208190936187
BDBC,kmeans_hamming,45,0.4,1024,4.297626417964713,0.20840383621199762
BDBC,kmeans_hamming,46,0.4,1024,4.256543497462155,0.17817988015619773
BDBC,kmeans_hamming,47,0.4,1024,4.315035878538591,0.1979594073884916
BDBC,kmeans_hamming,48,0.4,1024,4.328527040346254,0.20287764501160646
BDBC,kmeans_hamming,49,0.4,1024,4.242204008212878,0.15331539970020544
BDBC,kmeans_hamming,50,0.4,1024,4.243346567395705,0.20160111526664826
BDBC,kmeans_random,5,0.4,1024,4.305264524601546,0.18639837742018178
BDBC,kmeans_random,6,0.4,1024,4.424058729893331,0.2549170054690499
BDBC,kmeans_random,7,0.4,1024,4.455828810890538,0.3820581998549258
BDBC,kmeans_random,8,0.4,1024,4.426294757123576,0.6147153357387509
BDBC,kmeans_random,9,0.4,1024,4.344231468476862,0.3532974375657135
BDBC,kmeans_random,10,0.4,1024,4.359912568538485,0.4766069457415665
BDBC,kmeans_random,11,0.4,1024,4.370854169792806,0.3226189022288325
BDBC,kmeans_random,12,0.4,1024,4.344150228591005,0.36997157262424685
BDBC,kmeans_random,13,0.4,1024,4.391918768553896,0.3237737357396846
BDBC,kmeans_random,14,0.4,1024,4.472289232781809,0.46338709872449474
BDBC,kmeans_random,15,0.4,1024,4.300896909685491,0.20660671666612396
BDBC,kmeans_random,16,0.4,1024,4.269613434214678,0.2753510114843334
BDBC,kmeans_random,17,0.4,1024,4.303914802107722,0.2553835891249665
BDBC,kmeans_random,18,0.4,1024,4.298574949131505,0.22683969183151312
BDBC,kmeans_random,19,0.4,1024,4.293776800313084,0.2545622046599197
BDBC,kmeans_random,20,0.4,1024,4.356287933891352,0.14755815715490245
BDBC,kmeans_random,21,0.4,1024,4.350083799566422,0.24012992761572607
BDBC,kmeans_random,22,0.4,1024,4.319056754693597,0.3099094575668121
BDBC,kmeans_random,23,0.4,1024,4.356502103938165,0.2857378718465998
BDBC,kmeans_random,24,0.4,1024,4.3338600416684105,0.27673738588444313
BDBC,kmeans_random,25,0.4,1024,4.386149021268631,0.3787593356241323
BDBC,kmeans_random,26,0.4,1024,4.384933502174459,0.31480930421598174
BDBC,kmeans_random,27,0.4,1024,4.3901388335652936,0.37097640728215825
BDBC,kmeans_random,28,0.4,1024,4.43881458958316,0.33463594234755223
BDBC,kmeans_random,29,0.4,1024,4.324380725183567,0.28962716006701894
BDBC,kmeans_random,30,0.4,1024,4.342000172441719,0.35214333395374975
BDBC,kmeans_random,31,0.4,1024,4.344477532410735,0.2831048022535129
BDBC,kmeans_random,32,0.4,1024,4.258251900469646,0.30418313496064847
BDBC,kmeans_random,33,0.4,1024,4.318644218293803,0.3155851942424767
BDBC,kmeans_random,34,0.4,1024,4.303699459448923,0.278317605223739
BDBC,kmeans_random,35,0.4,1024,4.373838664276692,0.3054884654423023
BDBC,kmeans_random,36,0.4,1024,4.314663709344694,0.2880032183278385
BDBC,kmeans_random,37,0.4,1024,4.330175774903468,0.3004757343213706
BDBC,kmeans_random,38,0.4,1024,4.377509039070237,0.2651327985697057
BDBC,kmeans_random,39,0.4,1024,4.311301717519095,0.2633193736334583
BDBC,kmeans_random,40,0.4,1024,4.286601014173558,0.33551429035222996
BDBC,kmeans_random,41,0.4,1024,4.259737969200921,0.2516241515925492
BDBC,kmeans_random,42,0.4,1024,4.315462411543508,0.23561415022617913
BDBC,kmeans_random,43,0.4,1024,4.297326512576963,0.2630683202534485
BDBC,kmeans_random,44,0.4,1024,4.3580006397510385,0.2382086299148998
BDBC,kmeans_random,45,0.4,1024,4.272740178655709,0.21806935182123086
BDBC,kmeans_random,46,0.4,1024,4.310392782941025,0.23627670016294133
BDBC,kmeans_random,47,0.4,1024,4.348069692766186,0.2637846358230196
BDBC,kmeans_random,48,0.4,1024,4.40107917543455,0.20863406083772032
BDBC,kmeans_random,49,0.4,1024,4.271466891011633,0.19163817591414453
BDBC,kmeans_random,50,0.4,1024,4.315156715277174,0.2493817177302494
BDBC,random,,0.4,1024,4.30246742272632,0.1809197533417812
BDBC,diversity,,0.5,1280,4.795385492629803,0.0
BDBC,kmeans_default,5,0.5,1280,5.277304592489724,1.480737508422141
BDBC,kmeans_default,6,0.5,1280,5.288630631276123,1.0138570291429718
BDBC,kmeans_default,7,0.5,1280,5.373520501972245,1.1051637998556718
BDBC,kmeans_default,8,0.5,1280,4.843885170836477,1.1427296491572563
BDBC,kmeans_default,9,0.5,1280,4.5091967758132,0.9026347185463105
BDBC,kmeans_default,10,0.5,1280,4.934751605886831,1.0568713384090702
BDBC,kmeans_default,11,0.5,1280,4.47616351664808,0.5826606627042518
BDBC,kmeans_default,12,0.5,1280,4.084373190801946,0.5672832560447781
BDBC,kmeans_default,13,0.5,1280,4.242049717208752,0.7099843434054531
BDBC,kmeans_default,14,0.5,1280,4.161967362937773,0.5121675099728218
BDBC,kmeans_default,15,0.5,1280,3.6753709388790927,0.5422026820789198
BDBC,kmeans_default,16,0.5,1280,3.524754405981993,0.3808552611321619
BDBC,kmeans_default,17,0.5,1280,3.31858334799226,0.4264970044592342
BDBC,kmeans_default,18,0.5,1280,3.390454834074495,0.48930239326138314
BDBC,kmeans_default,19,0.5,1280,3.2534708379233788,0.2712042057251783
BDBC,kmeans_default,20,0.5,1280,3.2606316047504906,0.10955553516484269
BDBC,kmeans_default,21,0.5,1280,3.212272764355309,0.24836828641799608
BDBC,kmeans_default,22,0.5,1280,3.2034577771612076,0.4145118836377767
BDBC,kmeans_default,23,0.5,1280,3.244553607966054,0.4094639694230601
BDBC,kmeans_default,24,0.5,1280,3.1049483413013106,0.39572013520671545
BDBC,kmeans_default,25,0.5,1280,3.1587412102701653,0.4352841119465236
BDBC,kmeans_default,26,0.5,1280,3.1538112009088106,0.4567321438252583
BDBC,kmeans_default,27,0.5,1280,3.175574138931592,0.4561076207429245
BDBC,kmeans_default,28,0.5,1280,3.2156860426579135,0.3819166271145278
BDBC,kmeans_default,29,0.5,1280,3.019780297724032,0.31048910027848414
BDBC,kmeans_default,30,0.5,1280,3.114976733915634,0.4435049556717195
BDBC,kmeans_default,31,0.5,1280,3.1185962450917493,0.3017906923548041
BDBC,kmeans_default,32,0.5,1280,3.0184598688889968,0.3723671351169002
BDBC,kmeans_default,33,0.5,1280,3.0598535537152527,0.38210799607283974
BDBC,kmeans_default,34,0.5,1280,3.0925674701001844,0.29928558236599545
BDBC,kmeans_default,35,0.5,1280,3.1027844718637048,0.36527460117646765
BDBC,kmeans_default,36,0.5,1280,3.056601172198317,0.3765358512295106
BDBC,kmeans_default,37,0.5,1280,3.078429671767494,0.36633085412143274
BDBC,kmeans_default,38,0.5,1280,3.0906346907349453,0.38310564230186167
BDBC,kmeans_default,39,0.5,1280,3.123866795288042,0.2731361993198738
BDBC,kmeans_default,40,0.5,1280,3.055744890769924,0.39052208362475604
BDBC,kmeans_default,41,0.5,1280,3.0452817601538773,0.2996228656205095
BDBC,kmeans_default,42,0.5,1280,3.0289260969058587,0.23874681648012294
BDBC,kmeans_default,43,0.5,1280,3.119079420653248,0.34655116430766814
BDBC,kmeans_default,44,0.5,1280,3.041136830972232,0.3499505367498755
BDBC,kmeans_default,45,0.5,1280,3.004733990849579,0.2921211700401045
BDBC,kmeans_default,46,0.5,1280,3.084281830997732,0.29405224788664747
BDBC,kmeans_default,47,0.5,1280,3.070335109280744,0.30715395436489507
BDBC,kmeans_default,48,0.5,1280,3.0743683724174407,0.2700769651847185
BDBC,kmeans_default,49,0.5,1280,3.05106731829779,0.22651644191669176
BDBC,kmeans_default,50,0.5,1280,2.975437278516813,0.2980764083817624
BDBC,kmeans_hamming,5,0.5,1280,4.303537885800293,0.1594399110266333
BDBC,kmeans_hamming,6,0.5,1280,4.377990398253133,0.19265954679733982
BDBC,kmeans_hamming,7,0.5,1280,4.374626390228063,0.3456263734381277
BDBC,kmeans_hamming,8,0.5,1280,4.356226333002302,0.5470353817032222
BDBC,kmeans_hamming,9,0.5,1280,4.4001212302313375,0.369515193403505
BDBC,kmeans_hamming,10,0.5,1280,4.389468668695922,0.5164802248941651
BDBC,kmeans_hamming,11,0.5,1280,4.389175791318013,0.38460215329806907
BDBC,kmeans_hamming,12,0.5,1280,4.2783738118079695,0.41301032745936045
BDBC,kmeans_hamming,13,0.5,1280,4.359753436612497,0.31147367916404445
BDBC,kmeans_hamming,14,0.5,1280,4.458058785751077,0.4221177501685005
BDBC,kmeans_hamming,15,0.5,1280,4.258121327361625,0.3185279349886913
BDBC,kmeans_hamming,16,0.5,1280,4.357701792083687,0.3024450217584183
BDBC,kmeans_hamming,17,0.5,1280,4.29712789114025,0.27349013838832636
BDBC,kmeans_hamming,18,0.5,1280,4.309519578177572,0.2195691356534824
BDBC,kmeans_hamming,19,0.5,1280,4.311690890967446,0.22381979369745802
BDBC,kmeans_hamming,20,0.5,1280,4.297921915041888,0.13432860617151873
BDBC,kmeans_hamming,21,0.5,1280,4.357192821000839,0.24639973507863228
BDBC,kmeans_hamming,22,0.5,1280,4.427999681470681,0.3437572154194234
BDBC,kmeans_hamming,23,0.5,1280,4.3551449624470475,0.3449867797168402
BDBC,kmeans_hamming,24,0.5,1280,4.331891074805287,0.3510840572326723
BDBC,kmeans_hamming,25,0.5,1280,4.443191206531198,0.3648264563333182
BDBC,kmeans_hamming,26,0.5,1280,4.371729892739723,0.3830787222835706
BDBC,kmeans_hamming,27,0.5,1280,4.4042825077201675,0.38066120621097665
BDBC,kmeans_hamming,28,0.5,1280,4.5011077004095235,0.41020761686551854
BDBC,kmeans_hamming,29,0.5,1280,4.311751986447325,0.29778973749870685
BDBC,kmeans_hamming,30,0.5,1280,4.400729241432634,0.3379322945838265
BDBC,kmeans_hamming,31,0.5,1280,4.330075973884551,0.3073010441757472
BDBC,kmeans_hamming,32,0.5,1280,4.299335421616661,0.3318050499029686
BDBC,kmeans_hamming,33,0.5,1280,4.315204873632778,0.2988878872944268
BDBC,kmeans_hamming,34,0.5,1280,4.282675437261364,0.2674691327114853
BDBC,kmeans_hamming,35,0.5,1280,4.322346547176758,0.2759295291897354
BDBC,kmeans_hamming,36,0.5,1280,4.3125192332314395,0.3764511062530024
BDBC,kmeans_hamming,37,0.5,1280,4.302163348640198,0.28932051881323956
BDBC,kmeans_hamming,38,0.5,1280,4.337216881552676,0.30555737506261016
BDBC,kmeans_hamming,39,0.5,1280,4.238785683564653,0.19383627981747933
BDBC,kmeans_hamming,40,0.5,1280,4.293866794547346,0.3407305118509602
BDBC,kmeans_hamming,41,0.5,1280,4.194001337434465,0.21794930030382137
BDBC,kmeans_hamming,42,0.5,1280,4.345169087108376,0.24044143020163794
BDBC,kmeans_hamming,43,0.5,1280,4.319096243718144,0.3407957499671357
BDBC,kmeans_hamming,44,0.5,1280,4.303588376301418,0.3233618997426359
BDBC,kmeans_hamming,45,0.5,1280,4.331513305815578,0.22593882316542813
BDBC,kmeans_hamming,46,0.5,1280,4.273396619191167,0.18022628974748092
BDBC,kmeans_hamming,47,0.5,1280,4.326606106403388,0.2517068274979873
BDBC,kmeans_hamming,48,0.5,1280,4.311129029793056,0.22694766016491696
BDBC,kmeans_hamming,49,0.5,1280,4.264140838282027,0.20804587950904563
BDBC,kmeans_hamming,50,0.5,1280,4.274039424369605,0.22283603387216355
BDBC,kmeans_random,5,0.5,1280,4.288312692078873,0.22016064322260126
BDBC,kmeans_random,6,0.5,1280,4.413028780979472,0.26376759873655914
BDBC,kmeans_random,7,0.5,1280,4.455163465640222,0.3551857212046964
BDBC,kmeans_random,8,0.5,1280,4.388944526472703,0.5899896832377679
BDBC,kmeans_random,9,0.5,1280,4.366712336919575,0.4091850581891975
BDBC,kmeans_random,10,0.5,1280,4.364769348118046,0.5325010168802158
BDBC,kmeans_random,11,0.5,1280,4.379235868001227,0.37243473847513264
BDBC,kmeans_random,12,0.5,1280,4.341744570871637,0.43676846073211373
BDBC,kmeans_random,13,0.5,1280,4.400249771841435,0.3951628714070048
BDBC,kmeans_random,14,0.5,1280,4.4727505993883545,0.4781888456504806
BDBC,kmeans_random,15,0.5,1280,4.288202168269254,0.24794822595590568
BDBC,kmeans_random,16,0.5,1280,4.285999443577717,0.3087621511339032
BDBC,kmeans_random,17,0.5,1280,4.333944270454753,0.2928133375816371
BDBC,kmeans_random,18,0.5,1280,4.323813821718449,0.2752249695142549
BDBC,kmeans_random,19,0.5,1280,4.296310568955121,0.23135250655728953
BDBC,kmeans_random,20,0.5,1280,4.32033309780966,0.17356927379096965
BDBC,kmeans_random,21,0.5,1280,4.352820807894728,0.23684223717112018
BDBC,kmeans_random,22,0.5,1280,4.350888439199341,0.36145260894702574
BDBC,kmeans_random,23,0.5,1280,4.351616312883793,0.323946042347151
BDBC,kmeans_random,24,0.5,1280,4.370305844032314,0.3316387612363969
BDBC,kmeans_random,25,0.5,1280,4.375345766870009,0.38975086323776553
BDBC,kmeans_random,26,0.5,1280,4.423393053150213,0.3702198317976681
BDBC,kmeans_random,27,0.5,1280,4.40524135009301,0.41191056818774957
BDBC,kmeans_random,28,0.5,1280,4.487187771270427,0.36839789850716176
BDBC,kmeans_random,29,0.5,1280,4.329624126525061,0.37031682207755995
BDBC,kmeans_random,30,0.5,1280,4.355522103802594,0.37089979163136894
BDBC,kmeans_random,31,0.5,1280,4.376659995578222,0.3180953852231028
BDBC,kmeans_random,32,0.5,1280,4.233977240159092,0.3637046616074705
BDBC,kmeans_random,33,0.5,1280,4.332242612556162,0.3624723211756024
BDBC,kmeans_random,34,0.5,1280,4.303089924661202,0.2889019057947269
BDBC,kmeans_random,35,0.5,1280,4.350969215678262,0.3471741550450117
BDBC,kmeans_random,36,0.5,1280,4.325739801164935,0.3056545699592806
BDBC,kmeans_random,37,0.5,1280,4.325092991140791,0.2955144944162231
BDBC,kmeans_random,38,0.5,1280,4.37270841397245,0.33120646510381146
BDBC,kmeans_random,39,0.5,1280,4.338172486632294,0.2919225282833151
BDBC,kmeans_random,40,0.5,1280,4.292788711939852,0.35003085732590133
BDBC,kmeans_random,41,0.5,1280,4.279211426523994,0.24781463030137477
BDBC,kmeans_random,42,0.5,1280,4.29515417155419,0.2482711566799828
BDBC,kmeans_random,43,0.5,1280,4.310664885612217,0.2758570578480532
BDBC,kmeans_random,44,0.5,1280,4.375221848914096,0.2628928916460024
BDBC,kmeans_random,45,0.5,1280,4.304629313605825,0.24254971600946587
BDBC,kmeans_random,46,0.5,1280,4.294820052329298,0.24479125605529417
BDBC,kmeans_random,47,0.5,1280,4.34147889021562,0.30122673187570287
BDBC,kmeans_random,48,0.5,1280,4.390917732770959,0.24057287114731826
BDBC,kmeans_random,49,0.5,1280,4.266222056347184,0.2086664138154537
BDBC,kmeans_random,50,0.5,1280,4.339059552982107,0.2662646053512522
BDBC,random,,0.5,1280,4.3005633685947595,0.1777731879236327
BDBC,diversity,,0.6,1536,5.657911034235232,0.0
BDBC,kmeans_default,5,0.6,1536,5.547702060336487,1.3484342633078212
BDBC,kmeans_default,6,0.6,1536,5.738670795670372,0.8234826637624124
BDBC,kmeans_default,7,0.6,1536,5.666118110447957,1.1174806049134314
BDBC,kmeans_default,8,0.6,1536,5.357015107044918,1.3586936252181159
BDBC,kmeans_default,9,0.6,1536,4.857043496691892,1.1035287912463805
BDBC,kmeans_default,10,0.6,1536,4.70299644933855,0.8968890667112509
BDBC,kmeans_default,11,0.6,1536,4.558912103779116,0.802286651555373
BDBC,kmeans_default,12,0.6,1536,4.697002607714807,0.7003371228930327
BDBC,kmeans_default,13,0.6,1536,4.866783975502863,0.8735369137213101
BDBC,kmeans_default,14,0.6,1536,4.533105054235138,0.6286179560211398
BDBC,kmeans_default,15,0.6,1536,3.949892350502437,0.6084204373225313
BDBC,kmeans_default,16,0.6,1536,3.9755193264571997,0.3980584603047957
BDBC,kmeans_default,17,0.6,1536,3.730507270991881,0.4537449760247462
BDBC,kmeans_default,18,0.6,1536,3.5670102380743054,0.494990127873242
BDBC,kmeans_default,19,0.6,1536,3.2282272001674075,0.32905540577523534
BDBC,kmeans_default,20,0.6,1536,2.9865902703979006,0.08975927461474363
BDBC,kmeans_default,21,0.6,1536,3.1038605131523838,0.21718981601565387
BDBC,kmeans_default,22,0.6,1536,3.1840456809280715,0.42756217209293035
BDBC,kmeans_default,23,0.6,1536,3.2546929617499085,0.44201274376645155
BDBC,kmeans_default,24,0.6,1536,3.2655279252209524,0.5135588248016435
BDBC,kmeans_default,25,0.6,1536,3.341895167993148,0.5029942834747799
BDBC,kmeans_default,26,0.6,1536,3.3231085852434448,0.5652386730652372
BDBC,kmeans_default,27,0.6,1536,3.2945453027926144,0.5333891857769799
BDBC,kmeans_default,28,0.6,1536,3.52435643365268,0.5463971175208596
BDBC,kmeans_default,29,0.6,1536,3.189420401361425,0.4325731220034625
BDBC,kmeans_default,30,0.6,1536,3.287906769587093,0.5002931178750133
BDBC,kmeans_default,31,0.6,1536,3.2517004212771257,0.35204156063992603
BDBC,kmeans_default,32,0.6,1536,3.1742653961998424,0.4679567232415248
BDBC,kmeans_default,33,0.6,1536,3.1564238919561283,0.4665925630877299
BDBC,kmeans_default,34,0.6,1536,3.175363791334334,0.325236999885752
BDBC,kmeans_default,35,0.6,1536,3.189830498623734,0.3981222350074747
BDBC,kmeans_default,36,0.6,1536,3.141138951562894,0.40654044975619946
BDBC,kmeans_default,37,0.6,1536,3.1341641043478803,0.3956456271515766
BDBC,kmeans_default,38,0.6,1536,3.1568484543334843,0.4063673388222685
BDBC,kmeans_default,39,0.6,1536,3.17133586547231,0.26422659773474405
BDBC,kmeans_default,40,0.6,1536,3.1424841487998396,0.38984132455237774
BDBC,kmeans_default,41,0.6,1536,3.104533293226466,0.27727440768688727
BDBC,kmeans_default,42,0.6,1536,3.151844041553436,0.3407739354916344
BDBC,kmeans_default,43,0.6,1536,3.2362781551292654,0.39651191764497806
BDBC,kmeans_default,44,0.6,1536,3.100507852460996,0.3905470928914646
BDBC,kmeans_default,45,0.6,1536,3.129081658148693,0.3209757994241307
BDBC,kmeans_default,46,0.6,1536,3.1428851394797745,0.30665888223343274
BDBC,kmeans_default,47,0.6,1536,3.181948936519008,0.3679575192761092
BDBC,kmeans_default,48,0.6,1536,3.1907324450815895,0.3076724862707953
BDBC,kmeans_default,49,0.6,1536,3.135750738795177,0.2828344715861531
BDBC,kmeans_default,50,0.6,1536,3.081656676589947,0.34565314605950404
BDBC,kmeans_hamming,5,0.6,1536,4.3188168944645495,0.16184461847036447
BDBC,kmeans_hamming,6,0.6,1536,4.396164725786957,0.22997999950136105
BDBC,kmeans_hamming,7,0.6,1536,4.3800696182454555,0.38779013342944146
BDBC,kmeans_hamming,8,0.6,1536,4.353799965964055,0.5886022040666574
BDBC,kmeans_hamming,9,0.6,1536,4.410119073698099,0.40869754511186857
BDBC,kmeans_hamming,10,0.6,1536,4.412266956451493,0.49091567450361606
BDBC,kmeans_hamming,11,0.6,1536,4.365477324917673,0.41816860363629654
BDBC,kmeans_hamming,12,0.6,1536,4.269267484622668,0.505877821877269
BDBC,kmeans_hamming,13,0.6,1536,4.391655490236052,0.40835944040825095
BDBC,kmeans_hamming,14,0.6,1536,4.524389946909342,0.5150225559405701
BDBC,kmeans_hamming,15,0.6,1536,4.219742796517966,0.34337511317962355
BDBC,kmeans_hamming,16,0.6,1536,4.341104054770918,0.3634606065434471
BDBC,kmeans_hamming,17,0.6,1536,4.327506224603611,0.36640418696060323
BDBC,kmeans_hamming,18,0.6,1536,4.30215217256271,0.278571807498916
BDBC,kmeans_hamming,19,0.6,1536,4.294666724013495,0.2833690747123711
BDBC,kmeans_hamming,20,0.6,1536,4.322164206534612,0.1325386643434327
BDBC,kmeans_hamming,21,0.6,1536,4.354651195776355,0.22932870601476465
BDBC,kmeans_hamming,22,0.6,1536,4.393863804602085,0.36122062837653
BDBC,kmeans_hamming,23,0.6,1536,4.362493794054013,0.36326875233549877
BDBC,kmeans_hamming,24,0.6,1536,4.3489133958376005,0.4321991663515039
BDBC,kmeans_hamming,25,0.6,1536,4.43642102225778,0.42669226476054456
BDBC,kmeans_hamming,26,0.6,1536,4.406278107852498,0.42814279147101747
BDBC,kmeans_hamming,27,0.6,1536,4.408707475172384,0.430690614874241
BDBC,kmeans_hamming,28,0.6,1536,4.550461812276503,0.5136417213723028
BDBC,kmeans_hamming,29,0.6,1536,4.350423122880951,0.3922048584583793
BDBC,kmeans_hamming,30,0.6,1536,4.412487894170647,0.41843468228071706
BDBC,kmeans_hamming,31,0.6,1536,4.337723709385697,0.37515989155016344
BDBC,kmeans_hamming,32,0.6,1536,4.299452489401302,0.40467623160922217
BDBC,kmeans_hamming,33,0.6,1536,4.319418009545923,0.36875516274913267
BDBC,kmeans_hamming,34,0.6,1536,4.313706352193423,0.28696712677987174
BDBC,kmeans_hamming,35,0.6,1536,4.36617883277058,0.32182828072629427
BDBC,kmeans_hamming,36,0.6,1536,4.314944342314958,0.43550378234660436
BDBC,kmeans_hamming,37,0.6,1536,4.316599342168147,0.3381685236925509
BDBC,kmeans_hamming,38,0.6,1536,4.361009956965729,0.34263491301762194
BDBC,kmeans_hamming,39,0.6,1536,4.257845734886369,0.24104672983451114
BDBC,kmeans_hamming,40,0.6,1536,4.297754929294423,0.36299734552126384
BDBC,kmeans_hamming,41,0.6,1536,4.212558936235522,0.2535928019869097
BDBC,kmeans_hamming,42,0.6,1536,4.35186851109218,0.26869953036391186
BDBC,kmeans_hamming,43,0.6,1536,4.362101645856324,0.37523017439521134
BDBC,kmeans_hamming,44,0.6,1536,4.320337635342629,0.37545755484440474
BDBC,kmeans_hamming,45,0.6,1536,4.3720672382705885,0.2377024028014459
BDBC,kmeans_hamming,46,0.6,1536,4.288700933086615,0.23033782248783238
BDBC,kmeans_hamming,47,0.6,1536,4.338686522062367,0.30253439381765335
BDBC,kmeans_hamming,48,0.6,1536,4.314274509770535,0.21162104675645996
BDBC,kmeans_hamming,49,0.6,1536,4.2930823615243305,0.228016490741575
BDBC,kmeans_hamming,50,0.6,1536,4.273554607269866,0.2709645929558614
BDBC,kmeans_random,5,0.6,1536,4.301432504127384,0.21756638517394528
BDBC,kmeans_random,6,0.6,1536,4.407491556795963,0.30587686437710443
BDBC,kmeans_random,7,0.6,1536,4.40842340507984,0.3739981692012634
BDBC,kmeans_random,8,0.6,1536,4.363186617067468,0.6388494957620833
BDBC,kmeans_random,9,0.6,1536,4.392234285984951,0.44505583640968815
BDBC,kmeans_random,10,0.6,1536,4.384256304657307,0.473159372146988
BDBC,kmeans_random,11,0.6,1536,4.366795338054102,0.395001174821651
BDBC,kmeans_random,12,0.6,1536,4.297666671419813,0.5196348857039785
BDBC,kmeans_random,13,0.6,1536,4.420950211742768,0.4513018795725239
BDBC,kmeans_random,14,0.6,1536,4.492943216608245,0.5485539103769812
BDBC,kmeans_random,15,0.6,1536,4.312468214161116,0.3169089291039169
BDBC,kmeans_random,16,0.6,1536,4.296306965527394,0.376073861295854
BDBC,kmeans_random,17,0.6,1536,4.356496311582714,0.34825605401308174
BDBC,kmeans_random,18,0.6,1536,4.341363386805128,0.3571684195674039
BDBC,kmeans_random,19,0.6,1536,4.293528868083794,0.2403856078129099
BDBC,kmeans_random,20,0.6,1536,4.3107199508818805,0.16326488244452664
BDBC,kmeans_random,21,0.6,1536,4.3551276009125575,0.23873366244250113
BDBC,kmeans_random,22,0.6,1536,4.3568324916086985,0.38955514460296
BDBC,kmeans_random,23,0.6,1536,4.352129972880456,0.3610092155507
BDBC,kmeans_random,24,0.6,1536,4.382036299037927,0.41941344849830225
BDBC,kmeans_random,25,0.6,1536,4.401098331419419,0.41637490349640954
BDBC,kmeans_random,26,0.6,1536,4.50835102398783,0.46000694286113364
BDBC,kmeans_random,27,0.6,1536,4.415155850599507,0.46581803160870217
BDBC,kmeans_random,28,0.6,1536,4.48215861189222,0.4557898513074483
BDBC,kmeans_random,29,0.6,1536,4.339468823469212,0.4405892724821097
BDBC,kmeans_random,30,0.6,1536,4.388717349142593,0.4492950969755637
BDBC,kmeans_random,31,0.6,1536,4.369922005281125,0.37252115615982934
BDBC,kmeans_random,32,0.6,1536,4.232905027404062,0.4273462490929067
BDBC,kmeans_random,33,0.6,1536,4.3150774184930105,0.40027483220117194
BDBC,kmeans_random,34,0.6,1536,4.289386067405412,0.28412189974337004
BDBC,kmeans_random,35,0.6,1536,4.360727614039608,0.37876262615841094
BDBC,kmeans_random,36,0.6,1536,4.330507212369678,0.37513899010430873
BDBC,kmeans_random,37,0.6,1536,4.332283430038908,0.37075876477441266
BDBC,kmeans_random,38,0.6,1536,4.352462658038829,0.36737204687789465
BDBC,kmeans_random,39,0.6,1536,4.322387114634728,0.28732271469048853
BDBC,kmeans_random,40,0.6,1536,4.286103604578401,0.37670539901091094
BDBC,kmeans_random,41,0.6,1536,4.270971005832239,0.26422545698659117
BDBC,kmeans_random,42,0.6,1536,4.2669089726854095,0.2976081927368661
BDBC,kmeans_random,43,0.6,1536,4.2998651832949975,0.36247293952638676
BDBC,kmeans_random,44,0.6,1536,4.358812801975572,0.29583109589483947
BDBC,kmeans_random,45,0.6,1536,4.31516080783165,0.2555461435260166
BDBC,kmeans_random,46,0.6,1536,4.33409922983405,0.27714550576853686
BDBC,kmeans_random,47,0.6,1536,4.359439524844134,0.3234216515992662
BDBC,kmeans_random,48,0.6,1536,4.405885302467292,0.2944096319650919
BDBC,kmeans_random,49,0.6,1536,4.28407262610079,0.2459514700885569
BDBC,kmeans_random,50,0.6,1536,4.334171086777988,0.3008868185060957
BDBC,random,,0.6,1536,4.358168679483188,0.19141659303566205
BDBC,diversity,,0.7,1792,7.005714680416283,0.0
BDBC,kmeans_default,5,0.7,1792,5.8832402663145915,1.4843097806901098
BDBC,kmeans_default,6,0.7,1792,5.665258846296604,1.0136574182462426
BDBC,kmeans_default,7,0.7,1792,5.831777324439084,0.9292535009079576
BDBC,kmeans_default,8,0.7,1792,5.647351108600931,1.498363302826815
BDBC,kmeans_default,9,0.7,1792,5.285554888122319,1.4625334536463865
BDBC,kmeans_default,10,0.7,1792,4.963314320848509,1.0400605251536608
BDBC,kmeans_default,11,0.7,1792,4.662208752783328,1.229998741101466
BDBC,kmeans_default,12,0.7,1792,4.494783848879609,0.6904248457091438
BDBC,kmeans_default,13,0.7,1792,4.944746209666813,0.9037753739403082
BDBC,kmeans_default,14,0.7,1792,5.2441526323578245,0.8729220214699507
BDBC,kmeans_default,15,0.7,1792,4.54605462820366,0.7652481152168876
BDBC,kmeans_default,16,0.7,1792,4.346034913187733,0.47169035130146236
BDBC,kmeans_default,17,0.7,1792,3.9234743405970267,0.5329075090997726
BDBC,kmeans_default,18,0.7,1792,3.832291053166611,0.5643447639360538
BDBC,kmeans_default,19,0.7,1792,3.488217258079112,0.38249615402404746
BDBC,kmeans_default,20,0.7,1792,3.251415327409246,0.0940761385011411
BDBC,kmeans_default,21,0.7,1792,3.2977268532667905,0.2104381895743703
BDBC,kmeans_default,22,0.7,1792,3.199577980119142,0.3477766193481742
BDBC,kmeans_default,23,0.7,1792,3.1666242743435182,0.3657573978837389
BDBC,kmeans_default,24,0.7,1792,3.102270752005901,0.42015932321493865
BDBC,kmeans_default,25,0.7,1792,3.2116418967202054,0.45119637493119785
BDBC,kmeans_default,26,0.7,1792,3.263485781815546,0.5920677562264921
BDBC,kmeans_default,27,0.7,1792,3.307169194711146,0.6048390390096284
BDBC,kmeans_default,28,0.7,1792,3.6467160996612518,0.7400527345945114
BDBC,kmeans_default,29,0.7,1792,3.3298083787433703,0.5864896264039591
BDBC,kmeans_default,30,0.7,1792,3.4648127486258105,0.659203150059462
BDBC,kmeans_default,31,0.7,1792,3.373727197987652,0.5099312883685224
BDBC,kmeans_default,32,0.7,1792,3.3335101017567186,0.6239031246728022
BDBC,kmeans_default,33,0.7,1792,3.2308226348889506,0.5876326243393268
BDBC,kmeans_default,34,0.7,1792,3.301544544951938,0.40399670661698034
BDBC,kmeans_default,35,0.7,1792,3.2820263599088144,0.4616928892453452
BDBC,kmeans_default,36,0.7,1792,3.214783315438463,0.5398555271527891
BDBC,kmeans_default,37,0.7,1792,3.1621036238536084,0.5278307341168165
BDBC,kmeans_default,38,0.7,1792,3.2177211307480458,0.5123257150206542
BDBC,kmeans_default,39,0.7,1792,3.2449849131750006,0.31322058008801085
BDBC,kmeans_default,40,0.7,1792,3.1707882294007694,0.4868787273581338
BDBC,kmeans_default,41,0.7,1792,3.168530681699532,0.3277119887876887
BDBC,kmeans_default,42,0.7,1792,3.2092075025578497,0.4074608940531564
BDBC,kmeans_default,43,0.7,1792,3.2837595665994286,0.46282016766817813
BDBC,kmeans_default,44,0.7,1792,3.141743290613641,0.48519211320263933
BDBC,kmeans_default,45,0.7,1792,3.2310814871046287,0.3347336004394344
BDBC,kmeans_default,46,0.7,1792,3.1614356220620907,0.31806603043322945
BDBC,kmeans_default,47,0.7,1792,3.231480159233384,0.3664766211317837
BDBC,kmeans_default,48,0.7,1792,3.211874572647006,0.29564056273536715
BDBC,kmeans_default,49,0.7,1792,3.178634997403873,0.26831198329233236
BDBC,kmeans_default,50,0.7,1792,3.155915365622666,0.4030160754651411
BDBC,kmeans_hamming,5,0.7,1792,4.295560232089847,0.17611481814738564
BDBC,kmeans_hamming,6,0.7,1792,4.372579449601145,0.2688111962388675
BDBC,kmeans_hamming,7,0.7,1792,4.395330217760846,0.48609918891130316
BDBC,kmeans_hamming,8,0.7,1792,4.379291433075861,0.6966233174398339
BDBC,kmeans_hamming,9,0.7,1792,4.424101734036786,0.5127485915054819
BDBC,kmeans_hamming,10,0.7,1792,4.431685201752711,0.5323175756904176
BDBC,kmeans_hamming,11,0.7,1792,4.320235612619815,0.4433887966831441
BDBC,kmeans_hamming,12,0.7,1792,4.2396036703944615,0.44406359595192935
BDBC,kmeans_hamming,13,0.7,1792,4.421336937443531,0.5017111870562357
BDBC,kmeans_hamming,14,0.7,1792,4.53702325564674,0.6849583056876187
BDBC,kmeans_hamming,15,0.7,1792,4.211157948593976,0.4775682091997868
BDBC,kmeans_hamming,16,0.7,1792,4.364842071620917,0.45698829201897573
BDBC,kmeans_hamming,17,0.7,1792,4.355451597329103,0.4681170399397708
BDBC,kmeans_hamming,18,0.7,1792,4.3579220042912254,0.39049350063345367
BDBC,kmeans_hamming,19,0.7,1792,4.302083014773792,0.31666375721286405
BDBC,kmeans_hamming,20,0.7,1792,4.3185773749011025,0.12529971851315472
BDBC,kmeans_hamming,21,0.7,1792,4.348114012838206,0.2380466590069847
BDBC,kmeans_hamming,22,0.7,1792,4.349813816851947,0.3404689318876692
BDBC,kmeans_hamming,23,0.7,1792,4.346348105517479,0.330979259943241
BDBC,kmeans_hamming,24,0.7,1792,4.347068575427135,0.3594620769048494
BDBC,kmeans_hamming,25,0.7,1792,4.431899277340823,0.40354708042651255
BDBC,kmeans_hamming,26,0.7,1792,4.4231766480368675,0.4320676404618928
BDBC,kmeans_hamming,27,0.7,1792,4.4030485923632545,0.46504836085201356
BDBC,kmeans_hamming,28,0.7,1792,4.588757436887432,0.6756890514207207
BDBC,kmeans_hamming,29,0.7,1792,4.333119483895686,0.517187614098425
BDBC,kmeans_hamming,30,0.7,1792,4.499131164209422,0.5500557876666776
BDBC,kmeans_hamming,31,0.7,1792,4.341371503265001,0.4708701906912926
BDBC,kmeans_hamming,32,0.7,1792,4.300247879303853,0.5247572116200712
BDBC,kmeans_hamming,33,0.7,1792,4.335960693979414,0.4820801860749217
BDBC,kmeans_hamming,34,0.7,1792,4.363677322155277,0.34331313029250166
BDBC,kmeans_hamming,35,0.7,1792,4.425807905711655,0.40032049788014606
BDBC,kmeans_hamming,36,0.7,1792,4.340696831069153,0.5270125415427416
BDBC,kmeans_hamming,37,0.7,1792,4.3026072806546285,0.4377725477038454
BDBC,kmeans_hamming,38,0.7,1792,4.387207299174678,0.4191047753073758
BDBC,kmeans_hamming,39,0.7,1792,4.293635250773756,0.30442563798301736
BDBC,kmeans_hamming,40,0.7,1792,4.292231032530537,0.4335919258680463
BDBC,kmeans_hamming,41,0.7,1792,4.232460176596895,0.3122339538091602
BDBC,kmeans_hamming,42,0.7,1792,4.35478190386612,0.30593576152567753
BDBC,kmeans_hamming,43,0.7,1792,4.373124537697453,0.4700765730662557
BDBC,kmeans_hamming,44,0.7,1792,4.299353283815389,0.46036932628965554
BDBC,kmeans_hamming,45,0.7,1792,4.40981558735747,0.2378022194935497
BDBC,kmeans_hamming,46,0.7,1792,4.310340569945629,0.3161279901393255
BDBC,kmeans_hamming,47,0.7,1792,4.357142846048233,0.36288512838044473
BDBC,kmeans_hamming,48,0.7,1792,4.310575949305427,0.2500090988544821
BDBC,kmeans_hamming,49,0.7,1792,4.3148507443530715,0.2855667809454824
BDBC,kmeans_hamming,50,0.7,1792,4.286232580954995,0.3388734382554783
BDBC,kmeans_random,5,0.7,1792,4.311558569398792,0.2363690724175895
BDBC,kmeans_random,6,0.7,1792,4.4117631295145765,0.35018457786645957
BDBC,kmeans_random,7,0.7,1792,4.432803495783602,0.4443933720238168
BDBC,kmeans_random,8,0.7,1792,4.3613239081628175,0.7548823301324327
BDBC,kmeans_random,9,0.7,1792,4.404899389259402,0.5469922789180275
BDBC,kmeans_random,10,0.7,1792,4.387670000905377,0.4981333114074916
BDBC,kmeans_random,11,0.7,1792,4.3266194698185725,0.4336155067661602
BDBC,kmeans_random,12,0.7,1792,4.240111180353868,0.44429013207570095
BDBC,kmeans_random,13,0.7,1792,4.442309374631554,0.4909475897518526
BDBC,kmeans_random,14,0.7,1792,4.553579967556231,0.7397580593367866
BDBC,kmeans_random,15,0.7,1792,4.300428239722581,0.40521165012552984
BDBC,kmeans_random,16,0.7,1792,4.327433495516553,0.4818571850590779
BDBC,kmeans_random,17,0.7,1792,4.3750677306598424,0.4603834691866783
BDBC,kmeans_random,18,0.7,1792,4.338428369262162,0.45374663947938154
BDBC,kmeans_random,19,0.7,1792,4.262814580806213,0.32253361253783097
BDBC,kmeans_random,20,0.7,1792,4.332813054334847,0.1723071524715012
BDBC,kmeans_random,21,0.7,1792,4.3710195833005425,0.243726396169939
BDBC,kmeans_random,22,0.7,1792,4.354825257756647,0.37204906979461494
BDBC,kmeans_random,23,0.7,1792,4.317236088912925,0.3400173738978801
BDBC,kmeans_random,24,0.7,1792,4.352890052902523,0.3973993814582616
BDBC,kmeans_random,25,0.7,1792,4.410795573392606,0.3842843171769685
BDBC,kmeans_random,26,0.7,1792,4.518948064040377,0.4317297993182291
BDBC,kmeans_random,27,0.7,1792,4.407376640846802,0.5392217559628316
BDBC,kmeans_random,28,0.7,1792,4.555954469689835,0.5842532022256977
BDBC,kmeans_random,29,0.7,1792,4.327889435045525,0.551808600801976
BDBC,kmeans_random,30,0.7,1792,4.44817786674155,0.5389560915779797
BDBC,kmeans_random,31,0.7,1792,4.3581801900629555,0.4551985688692747
BDBC,kmeans_random,32,0.7,1792,4.241649798044811,0.5633737745828082
BDBC,kmeans_random,33,0.7,1792,4.324395799329939,0.5050962762223832
BDBC,kmeans_random,34,0.7,1792,4.3126966089691825,0.35418814746274596
BDBC,kmeans_random,35,0.7,1792,4.406631188534949,0.503690190768692
BDBC,kmeans_random,36,0.7,1792,4.3456462466181405,0.5044217105148115
BDBC,kmeans_random,37,0.7,1792,4.33643163357209,0.4620165325002218
BDBC,kmeans_random,38,0.7,1792,4.3555539613439676,0.43917633576461795
BDBC,kmeans_random,39,0.7,1792,4.333282024281547,0.34050333727653453
BDBC,kmeans_random,40,0.7,1792,4.269610315712216,0.4225577870427829
BDBC,kmeans_random,41,0.7,1792,4.272183629361062,0.3673526611236259
BDBC,kmeans_random,42,0.7,1792,4.286609440550951,0.3484570439042231
BDBC,kmeans_random,43,0.7,1792,4.329030968929642,0.45012523889463246
BDBC,kmeans_random,44,0.7,1792,4.385497680892434,0.3763762801607069
BDBC,kmeans_random,45,0.7,1792,4.339989114172114,0.28599794034887716
BDBC,kmeans_random,46,0.7,1792,4.336785784928202,0.2914707106866248
BDBC,kmeans_random,47,0.7,1792,4.362720558775859,0.35414131623229206
BDBC,kmeans_random,48,0.7,1792,4.395429613776145,0.3197025598010986
BDBC,kmeans_random,49,0.7,1792,4.305187826679885,0.3124022986597108
BDBC,kmeans_random,50,0.7,1792,4.318670847905637,0.3410495807889892
BDBC,random,,0.7,1792,4.234227466721978,0.18104867205723496
BDBC,diversity,,0.8,2048,7.975902761771723,0.0
BDBC,kmeans_default,5,0.8,2048,5.471684783582835,1.2978835319651663
BDBC,kmeans_default,6,0.8,2048,5.899804902393839,1.3334910081412066
BDBC,kmeans_default,7,0.8,2048,5.7602079488025035,0.9776607407481784
BDBC,kmeans_default,8,0.8,2048,5.2536166462989025,1.317072507146838
BDBC,kmeans_default,9,0.8,2048,5.358923730103738,1.4913216593398935
BDBC,kmeans_default,10,0.8,2048,5.319034642651476,1.0833637897050368
BDBC,kmeans_default,11,0.8,2048,5.083444894900737,1.3584920264166798
BDBC,kmeans_default,12,0.8,2048,4.6629885718038375,0.8755622270706671
BDBC,kmeans_default,13,0.8,2048,4.84829840141212,0.9371460302468024
BDBC,kmeans_default,14,0.8,2048,4.848240372407475,1.223044897724204
BDBC,kmeans_default,15,0.8,2048,4.488918329977897,0.9151536565399726
BDBC,kmeans_default,16,0.8,2048,5.092751529301891,0.6930263228040678
BDBC,kmeans_default,17,0.8,2048,4.724499415234746,0.7895373836236995
BDBC,kmeans_default,18,0.8,2048,4.266654098908303,0.7434367134257834
BDBC,kmeans_default,19,0.8,2048,3.5087957039690383,0.5158590776697619
BDBC,kmeans_default,20,0.8,2048,3.018324724084591,0.08405327845989338
BDBC,kmeans_default,21,0.8,2048,3.169343087345453,0.1784794615334146
BDBC,kmeans_default,22,0.8,2048,3.2155149280196733,0.3129864138749969
BDBC,kmeans_default,23,0.8,2048,3.2788926793970146,0.3328600010679898
BDBC,kmeans_default,24,0.8,2048,3.291233966774251,0.42374396221680055
BDBC,kmeans_default,25,0.8,2048,3.3572148867010205,0.4869944043875182
BDBC,kmeans_default,26,0.8,2048,3.3639491049333454,0.5031983777740584
BDBC,kmeans_default,27,0.8,2048,3.330763313977933,0.5441781569843662
BDBC,kmeans_default,28,0.8,2048,3.4563599906793496,0.6799061535362774
BDBC,kmeans_default,29,0.8,2048,3.245125786472794,0.5160204629735922
BDBC,kmeans_default,30,0.8,2048,3.3990563643340668,0.7315928818998941
BDBC,kmeans_default,31,0.8,2048,3.3102312801250497,0.611931021858678
BDBC,kmeans_default,32,0.8,2048,3.309413043842514,0.8193052866967134
BDBC,kmeans_default,33,0.8,2048,3.336987205571883,0.8356162847537858
BDBC,kmeans_default,34,0.8,2048,3.4380769802781233,0.6469298952946342
BDBC,kmeans_default,35,0.8,2048,3.44315848884678,0.7065058188310671
BDBC,kmeans_default,36,0.8,2048,3.358245855851201,0.8160389990945383
BDBC,kmeans_default,37,0.8,2048,3.23467404259253,0.8270581113490356
BDBC,kmeans_default,38,0.8,2048,3.3116235014319155,0.7601807285040668
BDBC,kmeans_default,39,0.8,2048,3.2471021009549754,0.4802177200643269
BDBC,kmeans_default,40,0.8,2048,3.1435453128326603,0.6146481745008138
BDBC,kmeans_default,41,0.8,2048,3.192860929286973,0.4479635452343949
BDBC,kmeans_default,42,0.8,2048,3.234216433555407,0.5213309868215247
BDBC,kmeans_default,43,0.8,2048,3.327266191943706,0.5121004144368035
BDBC,kmeans_default,44,0.8,2048,3.159391609516012,0.5249222354199412
BDBC,kmeans_default,45,0.8,2048,3.2552721484507483,0.39402118601341646
BDBC,kmeans_default,46,0.8,2048,3.176479742851623,0.4469197372711379
BDBC,kmeans_default,47,0.8,2048,3.216461781325459,0.4875421821109839
BDBC,kmeans_default,48,0.8,2048,3.1938653692431545,0.42599428781443277
BDBC,kmeans_default,49,0.8,2048,3.263169011314176,0.41491415265755965
BDBC,kmeans_default,50,0.8,2048,3.149110965451508,0.5415991169439657
BDBC,kmeans_hamming,5,0.8,2048,4.294584747273987,0.19938911005936594
BDBC,kmeans_hamming,6,0.8,2048,4.407432182546693,0.4045067550126106
BDBC,kmeans_hamming,7,0.8,2048,4.422286254515897,0.5370929436231267
BDBC,kmeans_hamming,8,0.8,2048,4.38519534809238,0.8613030663920834
BDBC,kmeans_hamming,9,0.8,2048,4.451913944138914,0.6629059338767093
BDBC,kmeans_hamming,10,0.8,2048,4.4426267332289955,0.7210171889032447
BDBC,kmeans_hamming,11,0.8,2048,4.296074299090721,0.6210326807120635
BDBC,kmeans_hamming,12,0.8,2048,4.255196019223727,0.4706630932994327
BDBC,kmeans_hamming,13,0.8,2048,4.381839220270859,0.6053074213088404
BDBC,kmeans_hamming,14,0.8,2048,4.527067110702717,0.7553842097886335
BDBC,kmeans_hamming,15,0.8,2048,4.180207413936792,0.5556333047350575
BDBC,kmeans_hamming,16,0.8,2048,4.4958333851226255,0.7186383815790531
BDBC,kmeans_hamming,17,0.8,2048,4.410926285354646,0.7411576631426068
BDBC,kmeans_hamming,18,0.8,2048,4.39210187017652,0.5500547768756645
BDBC,kmeans_hamming,19,0.8,2048,4.300799497366,0.456723687763852
BDBC,kmeans_hamming,20,0.8,2048,4.32570385602318,0.19269382253813716
BDBC,kmeans_hamming,21,0.8,2048,4.368208495274657,0.2782222107794341
BDBC,kmeans_hamming,22,0.8,2048,4.333297923977495,0.3500870089667294
BDBC,kmeans_hamming,23,0.8,2048,4.343080312776184,0.355872317687391
BDBC,kmeans_hamming,24,0.8,2048,4.355711741538377,0.3512459753913259
BDBC,kmeans_hamming,25,0.8,2048,4.461965018675792,0.4432425069319646
BDBC,kmeans_hamming,26,0.8,2048,4.406505711323979,0.4059743482454174
BDBC,kmeans_hamming,27,0.8,2048,4.352636748074943,0.4012258107685826
BDBC,kmeans_hamming,28,0.8,2048,4.512652257989937,0.6567619972023212
BDBC,kmeans_hamming,29,0.8,2048,4.338659324181929,0.5725611985116397
BDBC,kmeans_hamming,30,0.8,2048,4.487321269385131,0.6044778364239874
BDBC,kmeans_hamming,31,0.8,2048,4.386908807173967,0.5838953240207573
BDBC,kmeans_hamming,32,0.8,2048,4.278717226417371,0.6735347770589856
BDBC,kmeans_hamming,33,0.8,2048,4.351270807649714,0.6594538990123064
BDBC,kmeans_hamming,34,0.8,2048,4.410723785598059,0.41875605872280297
BDBC,kmeans_hamming,35,0.8,2048,4.513122037241043,0.6524987835869244
BDBC,kmeans_hamming,36,0.8,2048,4.383697758694104,0.7887453490752598
BDBC,kmeans_hamming,37,0.8,2048,4.299408489306761,0.6714979746976065
BDBC,kmeans_hamming,38,0.8,2048,4.393273324166102,0.5609209020612536
BDBC,kmeans_hamming,39,0.8,2048,4.267724546892058,0.44711190573777077
BDBC,kmeans_hamming,40,0.8,2048,4.310393080967349,0.5630247593820311
BDBC,kmeans_hamming,41,0.8,2048,4.156698735480939,0.35526083735174446
BDBC,kmeans_hamming,42,0.8,2048,4.370224268933735,0.3741727646896627
BDBC,kmeans_hamming,43,0.8,2048,4.3678289691523435,0.5202690999308293
BDBC,kmeans_hamming,44,0.8,2048,4.31744300104441,0.524610873948539
BDBC,kmeans_hamming,45,0.8,2048,4.427704068760318,0.3330078000072084
BDBC,kmeans_hamming,46,0.8,2048,4.329820387857818,0.3698338322324283
BDBC,kmeans_hamming,47,0.8,2048,4.364525367320443,0.46920618952865595
BDBC,kmeans_hamming,48,0.8,2048,4.280352871726959,0.34512700275960345
BDBC,kmeans_hamming,49,0.8,2048,4.34641841002613,0.428572085632477
BDBC,kmeans_hamming,50,0.8,2048,4.288379642874288,0.4499059246696877
BDBC,kmeans_random,5,0.8,2048,4.276903564407514,0.21331738904624187
BDBC,kmeans_random,6,0.8,2048,4.391622764492943,0.5385382210946356
BDBC,kmeans_random,7,0.8,2048,4.426200590812183,0.5170471736742387
BDBC,kmeans_random,8,0.8,2048,4.349411971545119,0.8752136197776176
BDBC,kmeans_random,9,0.8,2048,4.436200098322419,0.7279694530096396
BDBC,kmeans_random,10,0.8,2048,4.423736329127973,0.6889838767663413
BDBC,kmeans_random,11,0.8,2048,4.287206258014034,0.6072830970235531
BDBC,kmeans_random,12,0.8,2048,4.228804233321604,0.45265682767212007
BDBC,kmeans_random,13,0.8,2048,4.4098741243849675,0.5457941386605469
BDBC,kmeans_random,14,0.8,2048,4.514317856715873,0.7707958182122451
BDBC,kmeans_random,15,0.8,2048,4.242428223074805,0.5207623514121077
BDBC,kmeans_random,16,0.8,2048,4.383916604571487,0.6962774788638013
BDBC,kmeans_random,17,0.8,2048,4.442344972639291,0.6949101270520874
BDBC,kmeans_random,18,0.8,2048,4.409712185496147,0.6686118172982647
BDBC,kmeans_random,19,0.8,2048,4.261409921703516,0.4537722786872291
BDBC,kmeans_random,20,0.8,2048,4.304799688729961,0.21690285093598247
BDBC,kmeans_random,21,0.8,2048,4.400446006234643,0.2197080949146447
BDBC,kmeans_random,22,0.8,2048,4.276108786524421,0.3282145004006059
BDBC,kmeans_random,23,0.8,2048,4.2986983693345895,0.38808275296006284
BDBC,kmeans_random,24,0.8,2048,4.332444972189781,0.3624787764639075
BDBC,kmeans_random,25,0.8,2048,4.40608390703556,0.37033917713097864
BDBC,kmeans_random,26,0.8,2048,4.486271316947196,0.3754207623017956
BDBC,kmeans_random,27,0.8,2048,4.425040137876539,0.4844149670392766
BDBC,kmeans_random,28,0.8,2048,4.486855321718047,0.5838449088961867
BDBC,kmeans_random,29,0.8,2048,4.285921264009117,0.5378148382356065
BDBC,kmeans_random,30,0.8,2048,4.4244792466973335,0.5670807544711238
BDBC,kmeans_random,31,0.8,2048,4.4006577008666135,0.6031625448572322
BDBC,kmeans_random,32,0.8,2048,4.29850632598117,0.70446750552732
BDBC,kmeans_random,33,0.8,2048,4.329401054261824,0.6680325969671073
BDBC,kmeans_random,34,0.8,2048,4.376284227942078,0.4309787621986167
BDBC,kmeans_random,35,0.8,2048,4.505024385324012,0.7430632622162554
BDBC,kmeans_random,36,0.8,2048,4.348037155284154,0.6996915495446314
BDBC,kmeans_random,37,0.8,2048,4.366313789608885,0.6769099000634291
BDBC,kmeans_random,38,0.8,2048,4.363485165210657,0.6122568552997147
BDBC,kmeans_random,39,0.8,2048,4.33127552349556,0.4322787964980963
BDBC,kmeans_random,40,0.8,2048,4.272871557955435,0.5493622157663232
BDBC,kmeans_random,41,0.8,2048,4.306812957435452,0.4389170492509359
BDBC,kmeans_random,42,0.8,2048,4.311888215315469,0.4263229220231895
BDBC,kmeans_random,43,0.8,2048,4.325552766255214,0.5168646700025902
BDBC,kmeans_random,44,0.8,2048,4.400889931029741,0.4416955166347001
BDBC,kmeans_random,45,0.8,2048,4.343900355404011,0.3485223914800942
BDBC,kmeans_random,46,0.8,2048,4.344973963818981,0.37529459699585194
BDBC,kmeans_random,47,0.8,2048,4.33950629751661,0.4273606554569519
BDBC,kmeans_random,48,0.8,2048,4.327550713810576,0.3942877105614017
BDBC,kmeans_random,49,0.8,2048,4.300953418899056,0.4065574369992824
BDBC,kmeans_random,50,0.8,2048,4.303255159764182,0.42780747712390355
BDBC,random,,0.8,2048,4.267389207870699,0.2412710563778179
BDBC,diversity,,0.9,2304,6.601434624886777,0.0
BDBC,kmeans_default,5,0.9,2304,4.617899524328993,0.9435249289645594
BDBC,kmeans_default,6,0.9,2304,5.496679659493833,1.2632897180178309
BDBC,kmeans_default,7,0.9,2304,5.499444722551528,1.1493695213125048
BDBC,kmeans_default,8,0.9,2304,5.079080759518052,1.4656724609775948
BDBC,kmeans_default,9,0.9,2304,5.074220039356408,1.596781522940255
BDBC,kmeans_default,10,0.9,2304,5.286609389528974,1.225730661242267
BDBC,kmeans_default,11,0.9,2304,5.123646890251043,1.5134787522581878
BDBC,kmeans_default,12,0.9,2304,4.926400208273642,1.1832256729376474
BDBC,kmeans_default,13,0.9,2304,4.8886382497406675,1.2552785159182975
BDBC,kmeans_default,14,0.9,2304,4.778467169867161,1.3606315986402078
BDBC,kmeans_default,15,0.9,2304,4.524377874230819,1.2427466402398173
BDBC,kmeans_default,16,0.9,2304,4.3775378830230345,1.0690674456083598
BDBC,kmeans_default,17,0.9,2304,4.804091822663152,1.3480263837904545
BDBC,kmeans_default,18,0.9,2304,5.5063564012626625,1.4221980894975326
BDBC,kmeans_default,19,0.9,2304,4.290169611047345,1.0242556724565852
BDBC,kmeans_default,20,0.9,2304,3.1821376299098847,0.10412825308688933
BDBC,kmeans_default,21,0.9,2304,3.2455173177383028,0.18323211222026314
BDBC,kmeans_default,22,0.9,2304,3.208264000073037,0.29081992560381836
BDBC,kmeans_default,23,0.9,2304,3.275960470251746,0.32570861318802063
BDBC,kmeans_default,24,0.9,2304,3.188731518506179,0.37035118179542154
BDBC,kmeans_default,25,0.9,2304,3.189267775138177,0.43202069455290676
BDBC,kmeans_default,26,0.9,2304,3.139599258302749,0.41147093895236436
BDBC,kmeans_default,27,0.9,2304,3.0270021296807483,0.4830550929253732
BDBC,kmeans_default,28,0.9,2304,3.1899988274538535,0.6304587327099276
BDBC,kmeans_default,29,0.9,2304,2.9983634519049667,0.47088872050814345
BDBC,kmeans_default,30,0.9,2304,3.1677370382954573,0.6617584140536997
BDBC,kmeans_default,31,0.9,2304,3.301673258588743,0.7098045277611873
BDBC,kmeans_default,32,0.9,2304,3.2139015520292427,0.8104774845942421
BDBC,kmeans_default,33,0.9,2304,3.3444078733362477,0.8568188465159245
BDBC,kmeans_default,34,0.9,2304,3.451179079576817,0.6601135618154933
BDBC,kmeans_default,35,0.9,2304,3.511205721016972,1.0143527650838688
BDBC,kmeans_default,36,0.9,2304,3.3148639464869523,1.191372063929904
BDBC,kmeans_default,37,0.9,2304,3.2236238438799805,1.272355551291329
BDBC,kmeans_default,38,0.9,2304,3.263689185451788,1.2818387280238386
BDBC,kmeans_default,39,0.9,2304,3.2320119060405057,0.9059955238777148
BDBC,kmeans_default,40,0.9,2304,3.1626251020318383,1.0524106750525761
BDBC,kmeans_default,41,0.9,2304,3.1854158081947315,0.8777597241516492
BDBC,kmeans_default,42,0.9,2304,3.235589142208326,0.897567299548366
BDBC,kmeans_default,43,0.9,2304,3.2928167104783466,0.8175154994222923
BDBC,kmeans_default,44,0.9,2304,3.163646760376287,0.7821322926475575
BDBC,kmeans_default,45,0.9,2304,3.1692676923694734,0.5781411440783064
BDBC,kmeans_default,46,0.9,2304,3.137152382788209,0.7412185548595304
BDBC,kmeans_default,47,0.9,2304,3.1615214215675422,0.6788909378078651
BDBC,kmeans_default,48,0.9,2304,3.0914341418186138,0.6662092940801719
BDBC,kmeans_default,49,0.9,2304,3.2535526828187002,0.6498244408392682
BDBC,kmeans_default,50,0.9,2304,3.0911399871505667,0.712754421982338
BDBC,kmeans_hamming,5,0.9,2304,4.364953264472571,0.23946131404228715
BDBC,kmeans_hamming,6,0.9,2304,4.4694429875731,0.775398185998141
BDBC,kmeans_hamming,7,0.9,2304,4.423905199630904,0.7377115766990096
BDBC,kmeans_hamming,8,0.9,2304,4.391711211352299,1.1703377889518498
BDBC,kmeans_hamming,9,0.9,2304,4.5400008953731215,0.8173862934615406
BDBC,kmeans_hamming,10,0.9,2304,4.344450730050416,0.8126986879525899
BDBC,kmeans_hamming,11,0.9,2304,4.264192779158599,0.9347750082119353
BDBC,kmeans_hamming,12,0.9,2304,4.23531116158352,0.8188676029429025
BDBC,kmeans_hamming,13,0.9,2304,4.305957385752664,0.941847250386545
BDBC,kmeans_hamming,14,0.9,2304,4.518792911185117,1.1269649801695325
BDBC,kmeans_hamming,15,0.9,2304,4.186548600869061,0.6602196523057695
BDBC,kmeans_hamming,16,0.9,2304,4.356313837633621,0.6701748140811363
BDBC,kmeans_hamming,17,0.9,2304,4.456060207427471,0.9331190907819502
BDBC,kmeans_hamming,18,0.9,2304,4.485714767854775,1.2184515937161084
BDBC,kmeans_hamming,19,0.9,2304,4.324040941161882,0.8402453901190803
BDBC,kmeans_hamming,20,0.9,2304,4.327693403091652,0.2760735163122433
BDBC,kmeans_hamming,21,0.9,2304,4.367922422767322,0.24996770973781465
BDBC,kmeans_hamming,22,0.9,2304,4.324030134091763,0.41343554675039507
BDBC,kmeans_hamming,23,0.9,2304,4.327564830571101,0.394604621116084
BDBC,kmeans_hamming,24,0.9,2304,4.3498450124163295,0.36063918623033037
BDBC,kmeans_hamming,25,0.9,2304,4.468932287377515,0.4855998236712362
BDBC,kmeans_hamming,26,0.9,2304,4.4044779604958775,0.34045736830662127
BDBC,kmeans_hamming,27,0.9,2304,4.338044904752256,0.3937650378555731
BDBC,kmeans_hamming,28,0.9,2304,4.517446019634862,0.6901139481835172
BDBC,kmeans_hamming,29,0.9,2304,4.407756531962854,0.6244688527866615
BDBC,kmeans_hamming,30,0.9,2304,4.466164887160881,0.6007846028553294
BDBC,kmeans_hamming,31,0.9,2304,4.38507727393658,0.6610022945390676
BDBC,kmeans_hamming,32,0.9,2304,4.26576491951583,0.653160300304281
BDBC,kmeans_hamming,33,0.9,2304,4.35354611723885,0.7241365682692527
BDBC,kmeans_hamming,34,0.9,2304,4.502573937246172,0.5161437727920787
BDBC,kmeans_hamming,35,0.9,2304,4.568833783193917,0.9229042014111178
BDBC,kmeans_hamming,36,0.9,2304,4.3959781762639745,1.0940815495321348
BDBC,kmeans_hamming,37,0.9,2304,4.347379979209342,0.9434237890284936
BDBC,kmeans_hamming,38,0.9,2304,4.384789158590631,0.9609225464240145
BDBC,kmeans_hamming,39,0.9,2304,4.299428581544004,0.8127974890641425
BDBC,kmeans_hamming,40,0.9,2304,4.311277980818759,0.9585790341959302
BDBC,kmeans_hamming,41,0.9,2304,4.079373157633728,0.785103629204315
BDBC,kmeans_hamming,42,0.9,2304,4.424259637407281,0.7279149422928707
BDBC,kmeans_hamming,43,0.9,2304,4.3014135339554365,0.7777835336600664
BDBC,kmeans_hamming,44,0.9,2304,4.426612062149343,0.7320513249935457
BDBC,kmeans_hamming,45,0.9,2304,4.44298434344867,0.5796926193797369
BDBC,kmeans_hamming,46,0.9,2304,4.299143081929403,0.5830884273438521
BDBC,kmeans_hamming,47,0.9,2304,4.317683376272092,0.6077099818588321
BDBC,kmeans_hamming,48,0.9,2304,4.267783923529986,0.5194403478069313
BDBC,kmeans_hamming,49,0.9,2304,4.381519141816088,0.6610804387433166
BDBC,kmeans_hamming,50,0.9,2304,4.295141111897504,0.6570614056106225
BDBC,kmeans_random,5,0.9,2304,4.2508331755932165,0.261438288939351
BDBC,kmeans_random,6,0.9,2304,4.409951994488641,0.9883976490676151
BDBC,kmeans_random,7,0.9,2304,4.392025660593343,0.7997238209486304
BDBC,kmeans_random,8,0.9,2304,4.383083965068221,1.1187240684693862
BDBC,kmeans_random,9,0.9,2304,4.454366087522825,0.9169257379360952
BDBC,kmeans_random,10,0.9,2304,4.3981898448211005,0.887273322642511
BDBC,kmeans_random,11,0.9,2304,4.315053100145348,0.9608218401764901
BDBC,kmeans_random,12,0.9,2304,4.207261743119824,0.7660671589887448
BDBC,kmeans_random,13,0.9,2304,4.432899783950119,0.9562859988785377
BDBC,kmeans_random,14,0.9,2304,4.525420611709621,1.065559696027472
BDBC,kmeans_random,15,0.9,2304,4.306325032308169,0.7592556030014581
BDBC,kmeans_random,16,0.9,2304,4.304676013669357,0.6877326301666182
BDBC,kmeans_random,17,0.9,2304,4.408868441397136,0.902289141434421
BDBC,kmeans_random,18,0.9,2304,4.566999772389887,1.324544386573967
BDBC,kmeans_random,19,0.9,2304,4.300954739430952,0.8509609425082778
BDBC,kmeans_random,20,0.9,2304,4.3010390310829925,0.25765436362266897
BDBC,kmeans_random,21,0.9,2304,4.367320820970216,0.2961979084682457
BDBC,kmeans_random,22,0.9,2304,4.300410232321933,0.37188990175339515
BDBC,kmeans_random,23,0.9,2304,4.271101169679018,0.38540217083272554
BDBC,kmeans_random,24,0.9,2304,4.305355107926759,0.41252944881178594
BDBC,kmeans_random,25,0.9,2304,4.392626275915427,0.41107703243220983
BDBC,kmeans_random,26,0.9,2304,4.467899459893344,0.45155277407318806
BDBC,kmeans_random,27,0.9,2304,4.356776511445,0.4785409329389628
BDBC,kmeans_random,28,0.9,2304,4.523661108365037,0.6795223106513456
BDBC,kmeans_random,29,0.9,2304,4.30189863381974,0.5910436877612144
BDBC,kmeans_random,30,0.9,2304,4.401357907920521,0.5583718450290459
BDBC,kmeans_random,31,0.9,2304,4.404419346257662,0.6507483814447141
BDBC,kmeans_random,32,0.9,2304,4.326226312148687,0.6887293082000873
BDBC,kmeans_random,33,0.9,2304,4.328695100801171,0.623234051181546
BDBC,kmeans_random,34,0.9,2304,4.384850659321907,0.4970149122335691
BDBC,kmeans_random,35,0.9,2304,4.564396147255111,0.8868225161900084
BDBC,kmeans_random,36,0.9,2304,4.333515632540908,0.9555297748815538
BDBC,kmeans_random,37,0.9,2304,4.379322367172335,0.9779951832485669
BDBC,kmeans_random,38,0.9,2304,4.365074365850067,0.886193701221429
BDBC,kmeans_random,39,0.9,2304,4.3522485268923,0.8184248907805731
BDBC,kmeans_random,40,0.9,2304,4.240187055973673,0.9477153590692815
BDBC,kmeans_random,41,0.9,2304,4.148121643613978,0.8474432487315157
BDBC,kmeans_random,42,0.9,2304,4.354265823771812,0.7345412777421149
BDBC,kmeans_random,43,0.9,2304,4.364716227353087,0.7843397566870209
BDBC,kmeans_random,44,0.9,2304,4.398265274083906,0.7121983931602276
BDBC,kmeans_random,45,0.9,2304,4.31523837636799,0.5336984435373435
BDBC,kmeans_random,46,0.9,2304,4.300422565093504,0.5758556380639999
BDBC,kmeans_random,47,0.9,2304,4.337708065290593,0.6681623812119286
BDBC,kmeans_random,48,0.9,2304,4.2525490396266505,0.5092452992623253
BDBC,kmeans_random,49,0.9,2304,4.33081468087001,0.5294899354052076
BDBC,kmeans_random,50,0.9,2304,4.299950415533849,0.6215221821230676
BDBC,random,,0.9,2304,4.315041185467427,0.3366999881887424
BDBC,diversity,,1.0,2559,8.397920997334722,0.0
BDBC,kmeans_default,5,1.0,2559,1.6973566158414435,2.7164929350302747
BDBC,kmeans_default,6,1.0,2559,3.2222346144807172,3.739365875230804
BDBC,kmeans_default,7,1.0,2559,2.431408735852486,3.0594723210465413
BDBC,kmeans_default,8,1.0,2559,2.628339832584962,3.4322583332768586
BDBC,kmeans_default,9,1.0,2559,2.4427075483832668,2.877648652071244
BDBC,kmeans_default,10,1.0,2559,2.390537325382046,2.8953543167868476
BDBC,kmeans_default,11,1.0,2559,2.5282389241769874,3.021993308258769
BDBC,kmeans_default,12,1.0,2559,2.2860673784695886,3.046293806326911
BDBC,kmeans_default,13,1.0,2559,2.2024029070700513,3.10253020579551
BDBC,kmeans_default,14,1.0,2559,2.252408974937589,2.7343774771612055
BDBC,kmeans_default,15,1.0,2559,1.9502493666798728,2.624906808880477
BDBC,kmeans_default,16,1.0,2559,2.1525963232531264,2.727223894139594
BDBC,kmeans_default,17,1.0,2559,2.468170144405641,3.185781749810186
BDBC,kmeans_default,18,1.0,2559,2.0538706922904293,2.128874232301296
BDBC,kmeans_default,19,1.0,2559,1.9477494037393703,2.3362983397971946
BDBC,kmeans_default,20,1.0,2559,1.9953437789646478,2.809330975993895
BDBC,kmeans_default,21,1.0,2559,0.7253525482527673,1.015524829046911
BDBC,kmeans_default,22,1.0,2559,1.0780840840833366,1.832095251751073
BDBC,kmeans_default,23,1.0,2559,1.0592757722019654,1.7574498100617544
BDBC,kmeans_default,24,1.0,2559,1.0692332597915433,1.7681694738163927
BDBC,kmeans_default,25,1.0,2559,1.235094049854982,1.4760417594292614
BDBC,kmeans_default,26,1.0,2559,1.3127144318358972,1.8667279167630455
BDBC,kmeans_default,27,1.0,2559,1.3164830612859388,1.845759528971266
BDBC,kmeans_default,28,1.0,2559,1.1527294755858066,1.7713474236395281
BDBC,kmeans_default,29,1.0,2559,1.8234866434361943,2.295059163027639
BDBC,kmeans_default,30,1.0,2559,0.8957128095666643,1.2033767027640874
BDBC,kmeans_default,31,1.0,2559,1.5622965170442098,2.2026576596807956
BDBC,kmeans_default,32,1.0,2559,1.194489790193798,2.153656888535762
BDBC,kmeans_default,33,1.0,2559,1.6194850374773841,1.820169249386131
BDBC,kmeans_default,34,1.0,2559,1.5546687320531123,2.249847467727745
BDBC,kmeans_default,35,1.0,2559,1.058110703446056,1.7080941250656154
BDBC,kmeans_default,36,1.0,2559,1.3005931514748703,1.8042982000570273
BDBC,kmeans_default,37,1.0,2559,1.4662505105689665,2.179847786583755
BDBC,kmeans_default,38,1.0,2559,1.6115999661355849,2.2295328255795144
BDBC,kmeans_default,39,1.0,2559,0.8235253488345736,1.6481149955980057
BDBC,kmeans_default,40,1.0,2559,1.7641458512358381,2.8327547087675162
BDBC,kmeans_default,41,1.0,2559,1.489625133298822,2.2790488624971053
BDBC,kmeans_default,42,1.0,2559,1.5460094082005171,2.842280420557213
BDBC,kmeans_default,43,1.0,2559,1.1244596890461718,1.748728968622255
BDBC,kmeans_default,44,1.0,2559,1.2098653382043567,1.3854998702941714
BDBC,kmeans_default,45,1.0,2559,1.3124491393723443,2.298697125123368
BDBC,kmeans_default,46,1.0,2559,1.2717854726707536,2.257963203901689
BDBC,kmeans_default,47,1.0,2559,1.5720580792503291,2.572729411307619
BDBC,kmeans_default,48,1.0,2559,2.4205113140677077,3.6893742294332923
BDBC,kmeans_default,49,1.0,2559,2.2657040673419777,3.7142330624383786
BDBC,kmeans_default,50,1.0,2559,2.4920800238090264,4.531028384753994
BDBC,kmeans_hamming,5,1.0,2559,2.931082272144643,4.4269399406550045
BDBC,kmeans_hamming,6,1.0,2559,4.41105150372162,4.468772915623018
BDBC,kmeans_hamming,7,1.0,2559,4.348516282772541,5.203851371787352
BDBC,kmeans_hamming,8,1.0,2559,3.795855871393989,3.4219088139596097
BDBC,kmeans_hamming,9,1.0,2559,3.855345218284481,4.553751306200119
BDBC,kmeans_hamming,10,1.0,2559,3.6084048525371433,4.3780115986835995
BDBC,kmeans_hamming,11,1.0,2559,3.077356575922896,4.351617643220206
BDBC,kmeans_hamming,12,1.0,2559,5.090626265919431,5.747961359469937
BDBC,kmeans_hamming,13,1.0,2559,1.9115873696049386,2.559179870232702
BDBC,kmeans_hamming,14,1.0,2559,3.570240807132428,4.933365735853352
BDBC,kmeans_hamming,15,1.0,2559,4.348676642751466,4.796975759635603
BDBC,kmeans_hamming,16,1.0,2559,4.681651999983812,5.401015501294265
BDBC,kmeans_hamming,17,1.0,2559,3.9225472391679697,4.208084676117844
BDBC,kmeans_hamming,18,1.0,2559,3.874887718433082,4.955600616897772
BDBC,kmeans_hamming,19,1.0,2559,4.673366528267949,5.356335559562569
BDBC,kmeans_hamming,20,1.0,2559,4.7812272283678805,4.623591183888442
BDBC,kmeans_hamming,21,1.0,2559,3.471449786551822,4.121729411315355
BDBC,kmeans_hamming,22,1.0,2559,4.507841424818068,4.551269744062577
BDBC,kmeans_hamming,23,1.0,2559,4.809620453321933,5.166865942108289
BDBC,kmeans_hamming,24,1.0,2559,4.980782489575234,4.600835429850955
BDBC,kmeans_hamming,25,1.0,2559,5.2212141197910995,5.787031965645076
BDBC,kmeans_hamming,26,1.0,2559,4.126694964021632,4.757280918240976
BDBC,kmeans_hamming,27,1.0,2559,6.370117245060441,5.930817247042394
BDBC,kmeans_hamming,28,1.0,2559,3.678523829739469,5.224309635324609
BDBC,kmeans_hamming,29,1.0,2559,5.215705659783911,5.323333447244445
BDBC,kmeans_hamming,30,1.0,2559,4.2400991429103785,5.39144617069404
BDBC,kmeans_hamming,31,1.0,2559,5.897384040129359,5.3399398641909235
BDBC,kmeans_hamming,32,1.0,2559,4.030214607112361,4.693945979495272
BDBC,kmeans_hamming,33,1.0,2559,5.819119785631321,4.8559812250507335
BDBC,kmeans_hamming,34,1.0,2559,4.514043578263706,4.989637028929217
BDBC,kmeans_hamming,35,1.0,2559,5.15448238193782,4.965410158388092
BDBC,kmeans_hamming,36,1.0,2559,4.755986241874756,6.0481953587329835
BDBC,kmeans_hamming,37,1.0,2559,5.60124488072619,5.571065369556441
BDBC,kmeans_hamming,38,1.0,2559,6.500438796906282,6.212435010115362
BDBC,kmeans_hamming,39,1.0,2559,2.6600497779806873,2.8394916075741086
BDBC,kmeans_hamming,40,1.0,2559,5.5788297666546445,5.298016815508192
BDBC,kmeans_hamming,41,1.0,2559,4.740314269622963,5.516656912392158
BDBC,kmeans_hamming,42,1.0,2559,5.116552553902037,5.356423886581761
BDBC,kmeans_hamming,43,1.0,2559,3.7694084928713636,4.517620690014074
BDBC,kmeans_hamming,44,1.0,2559,4.113065515694472,4.168796681380963
BDBC,kmeans_hamming,45,1.0,2559,3.73359395432917,4.345612539114795
BDBC,kmeans_hamming,46,1.0,2559,4.0723490027732945,4.708733889147694
BDBC,kmeans_hamming,47,1.0,2559,4.044833189609235,3.989827905997444
BDBC,kmeans_hamming,48,1.0,2559,3.846678635034013,5.228849937812438
BDBC,kmeans_hamming,49,1.0,2559,4.269206630977534,5.351009041344346
BDBC,kmeans_hamming,50,1.0,2559,5.528066929360913,5.332720224112635
BDBC,kmeans_random,5,1.0,2559,5.211016985043897,5.669680914013814
BDBC,kmeans_random,6,1.0,2559,5.1160026658308215,5.186099195277781
BDBC,kmeans_random,7,1.0,2559,2.904406277991548,3.3493149475150883
BDBC,kmeans_random,8,1.0,2559,4.663859950083376,5.5181522944499335
BDBC,kmeans_random,9,1.0,2559,5.477128398710857,5.557260654220214
BDBC,kmeans_random,10,1.0,2559,4.356456347766783,4.563295707030096
BDBC,kmeans_random,11,1.0,2559,3.7837115851038163,5.324505038343931
BDBC,kmeans_random,12,1.0,2559,3.0057019548459647,4.477356738860404
BDBC,kmeans_random,13,1.0,2559,4.612807147827867,5.068929234738418
BDBC,kmeans_random,14,1.0,2559,4.688125908719566,5.486762904378945
BDBC,kmeans_random,15,1.0,2559,3.923817447213752,4.234810417779125
BDBC,kmeans_random,16,1.0,2559,4.445774688429116,5.425716403640324
BDBC,kmeans_random,17,1.0,2559,3.7096281525815282,4.931541143318157
BDBC,kmeans_random,18,1.0,2559,4.354429984942187,5.335703603723561
BDBC,kmeans_random,19,1.0,2559,3.7130939701119927,4.875879204935472
BDBC,kmeans_random,20,1.0,2559,4.055737253328416,4.873328606248385
BDBC,kmeans_random,21,1.0,2559,4.341410990775474,4.880570731823768
BDBC,kmeans_random,22,1.0,2559,2.6016913601522536,2.9572081744617593
BDBC,kmeans_random,23,1.0,2559,5.265883919477387,5.934816737990793
BDBC,kmeans_random,24,1.0,2559,4.66600100058712,4.622983486148108
BDBC,kmeans_random,25,1.0,2559,4.990544695760138,5.357534031774713
BDBC,kmeans_random,26,1.0,2559,5.342592408479504,5.197931008982533
BDBC,kmeans_random,27,1.0,2559,4.72577602491731,5.341071303917082
BDBC,kmeans_random,28,1.0,2559,5.563186252674699,5.888688102923056
BDBC,kmeans_random,29,1.0,2559,3.7875246246902825,4.840989460027212
BDBC,kmeans_random,30,1.0,2559,4.018007735807434,4.938349374480874
BDBC,kmeans_random,31,1.0,2559,3.601360557222547,4.378616827835828
BDBC,kmeans_random,32,1.0,2559,5.716072936297853,5.108810181415356
BDBC,kmeans_random,33,1.0,2559,4.954623193499513,4.986303422938026
BDBC,kmeans_random,34,1.0,2559,3.476540794698195,4.179272129658671
BDBC,kmeans_random,35,1.0,2559,4.348603783833491,5.288655873935064
BDBC,kmeans_random,36,1.0,2559,4.325159494933481,4.235811524375794
BDBC,kmeans_random,37,1.0,2559,3.4152643140606824,3.809161279993467
BDBC,kmeans_random,38,1.0,2559,4.257606864449019,4.424443942078244
BDBC,kmeans_random,39,1.0,2559,3.7002546258219553,3.559013424006085
BDBC,kmeans_random,40,1.0,2559,4.544517852641445,5.807674985182942
BDBC,kmeans_random,41,1.0,2559,5.314535354390619,5.484507964714745
BDBC,kmeans_random,42,1.0,2559,4.511497844144666,5.052227599916108
BDBC,kmeans_random,43,1.0,2559,4.353575868845898,4.842064788481765
BDBC,kmeans_random,44,1.0,2559,4.057188465049141,4.264860216257553
BDBC,kmeans_random,45,1.0,2559,3.9444183671626027,4.682870643580037
BDBC,kmeans_random,46,1.0,2559,6.079274976336176,6.15705735158749
BDBC,kmeans_random,47,1.0,2559,5.053454457224166,4.974665449982058
BDBC,kmeans_random,48,1.0,2559,4.54578407083283,5.129474129728928
BDBC,kmeans_random,49,1.0,2559,3.4777541398998864,4.040322000128733
BDBC,kmeans_random,50,1.0,2559,4.145456784075133,4.505925784369136
BDBC,random,,1.0,2559,4.380957793640805,4.741189843710233
BDBJ,diversity,,0.1,18,0.47172671949466705,0.0
BDBJ,kmeans_default,5,0.1,18,0.3278209963142162,0.1351972761475666
BDBJ,kmeans_default,6,0.1,18,0.3265941450037258,0.12824461742878876
BDBJ,kmeans_default,7,0.1,18,0.37116231375738534,0.0964947968251861
BDBJ,kmeans_default,8,0.1,18,0.4139607411294372,0.19492073624212397
BDBJ,kmeans_default,9,0.1,18,0.3913980749868788,0.13432979154287522
BDBJ,kmeans_default,10,0.1,18,0.3969354681325398,0.14188194088029077
BDBJ,kmeans_default,11,0.1,18,0.39245833112314016,0.07870010117712017
BDBJ,kmeans_default,12,0.1,18,0.4146840608730161,0.07463783413358767
BDBJ,kmeans_default,13,0.1,18,0.4104682899870126,0.06147751392484532
BDBJ,kmeans_default,14,0.1,18,0.4471050010429869,0.1499982145466569
BDBJ,kmeans_default,15,0.1,18,0.42778995465835246,0.1054622229299783
BDBJ,kmeans_default,16,0.1,18,0.390525443911674,0.09065770053111341
BDBJ,kmeans_default,17,0.1,18,0.4305809764597604,0.1036308048827068
BDBJ,kmeans_default,18,0.1,18,0.39340274078884796,0.0865003729576481
BDBJ,kmeans_hamming,5,0.1,18,0.5168134056431779,0.15771515985598095
BDBJ,kmeans_hamming,6,0.1,18,0.4953318420577401,0.10622291521374454
BDBJ,kmeans_hamming,7,0.1,18,0.4943136658289711,0.09740572641487759
BDBJ,kmeans_hamming,8,0.1,18,0.5374698370312276,0.23001682391797676
BDBJ,kmeans_hamming,9,0.1,18,0.39766134062622993,0.044961759026494894
BDBJ,kmeans_hamming,10,0.1,18,0.40813686587716924,0.11084152240038869
BDBJ,kmeans_hamming,11,0.1,18,0.44011820592158746,0.08427191981118881
BDBJ,kmeans_hamming,12,0.1,18,0.4512843500745556,0.09741892451965187
BDBJ,kmeans_hamming,13,0.1,18,0.47723128589746316,0.0987956776980053
BDBJ,kmeans_hamming,14,0.1,18,0.48979812502729186,0.12356570981819805
BDBJ,kmeans_hamming,15,0.1,18,0.485253255000029,0.1634685931873949
BDBJ,kmeans_hamming,16,0.1,18,0.4592515886784158,0.1119755017794421
BDBJ,kmeans_hamming,17,0.1,18,0.42579512814287696,0.057338558402082546
BDBJ,kmeans_hamming,18,0.1,18,0.4332764842172212,0.08272253826699964
BDBJ,kmeans_random,5,0.1,18,0.512364743022699,0.12047469611366245
BDBJ,kmeans_random,6,0.1,18,0.501438080355195,0.10716082094623777
BDBJ,kmeans_random,7,0.1,18,0.4650899905476222,0.13381011992245043
BDBJ,kmeans_random,8,0.1,18,0.4256228460882258,0.11103707223589139
BDBJ,kmeans_random,9,0.1,18,0.46119099863831947,0.1179266098845302
BDBJ,kmeans_random,10,0.1,18,0.4533064504163197,0.10327823816206672
BDBJ,kmeans_random,11,0.1,18,0.46480515479043694,0.09759799626325227
BDBJ,kmeans_random,12,0.1,18,0.47256664911196283,0.1072071263988662
BDBJ,kmeans_random,13,0.1,18,0.4894672244435347,0.1307508139935949
BDBJ,kmeans_random,14,0.1,18,0.47599247864271016,0.09140753207188808
BDBJ,kmeans_random,15,0.1,18,0.47746150587718356,0.1212187206126539
BDBJ,kmeans_random,16,0.1,18,0.48456956227297476,0.09793137951337982
BDBJ,kmeans_random,17,0.1,18,0.4662138754714134,0.07770572215439195
BDBJ,kmeans_random,18,0.1,18,0.4624373576734825,0.07791121251299343
BDBJ,random,,0.1,18,0.45071254329330873,0.11113781603803732
BDBJ,diversity,,0.2,36,0.32074734384648906,0.0
BDBJ,kmeans_default,5,0.2,36,0.3720435487606529,0.1921633950182898
BDBJ,kmeans_default,6,0.2,36,0.3641615905003987,0.14404266335100113
BDBJ,kmeans_default,7,0.2,36,0.39971977177986723,0.10628689870512781
BDBJ,kmeans_default,8,0.2,36,0.4570334025263268,0.22474520239338858
BDBJ,kmeans_default,9,0.2,36,0.40447475154826235,0.09846380059666955
BDBJ,kmeans_default,10,0.2,36,0.4130316736266616,0.10946890744166175
BDBJ,kmeans_default,11,0.2,36,0.3788409850784964,0.06205427410042428
BDBJ,kmeans_default,12,0.2,36,0.39163937741861604,0.048567820795585324
BDBJ,kmeans_default,13,0.2,36,0.3792761344967069,0.04801491516725233
BDBJ,kmeans_default,14,0.2,36,0.40926907433784626,0.10109377086839078
BDBJ,kmeans_default,15,0.2,36,0.39761085785647776,0.07305114789691781
BDBJ,kmeans_default,16,0.2,36,0.39335233965875055,0.10595193820208966
BDBJ,kmeans_default,17,0.2,36,0.3938113282535092,0.07034167843155831
BDBJ,kmeans_default,18,0.2,36,0.4311999427561901,0.11136543454515918
BDBJ,kmeans_default,19,0.2,36,0.4308955054208772,0.07258313043668914
BDBJ,kmeans_default,20,0.2,36,0.4311048243907773,0.07665037476990987
BDBJ,kmeans_default,21,0.2,36,0.42294357159494517,0.08641537047217071
BDBJ,kmeans_default,22,0.2,36,0.4022487393669452,0.06018350682664825
BDBJ,kmeans_default,23,0.2,36,0.3959297996523467,0.07128394450586924
BDBJ,kmeans_default,24,0.2,36,0.405393732203768,0.07759918449724316
BDBJ,kmeans_default,25,0.2,36,0.39860438573078666,0.04986586624793479
BDBJ,kmeans_default,26,0.2,36,0.3908671807402956,0.056870146593972735
BDBJ,kmeans_default,27,0.2,36,0.39660129920556497,0.06545029814902753
BDBJ,kmeans_default,28,0.2,36,0.3995122698363294,0.06399967854559059
BDBJ,kmeans_default,29,0.2,36,0.3942320677694263,0.06780796667670531
BDBJ,kmeans_default,30,0.2,36,0.39069805969077537,0.047125932363314645
BDBJ,kmeans_default,31,0.2,36,0.3867772856478508,0.04703538952169424
BDBJ,kmeans_default,32,0.2,36,0.387750161281823,0.05258523093695473
BDBJ,kmeans_default,33,0.2,36,0.37892759406501264,0.04289871206749359
BDBJ,kmeans_default,34,0.2,36,0.37015103658990267,0.039684365016299836
BDBJ,kmeans_default,35,0.2,36,0.40085464248605657,0.07013621900135457
BDBJ,kmeans_default,36,0.2,36,0.3821785734455497,0.05731887214124545
BDBJ,kmeans_hamming,5,0.2,36,0.36000512146841446,0.03663121064309749
BDBJ,kmeans_hamming,6,0.2,36,0.38289628730089603,0.0661758588883134
BDBJ,kmeans_hamming,7,0.2,36,0.3774286132961511,0.026595986514277425
BDBJ,kmeans_hamming,8,0.2,36,0.3676439550667628,0.03816597075313137
BDBJ,kmeans_hamming,9,0.2,36,0.37254220095783513,0.03803278757898631
BDBJ,kmeans_hamming,10,0.2,36,0.3734484352754567,0.0458453315159778
BDBJ,kmeans_hamming,11,0.2,36,0.38076076882219545,0.037714225422262784
BDBJ,kmeans_hamming,12,0.2,36,0.3971615789704788,0.07821453126948023
BDBJ,kmeans_hamming,13,0.2,36,0.38486246697390547,0.061697443324050166
BDBJ,kmeans_hamming,14,0.2,36,0.42828733430673505,0.09545150814620434
BDBJ,kmeans_hamming,15,0.2,36,0.4303669135718791,0.06561500541608245
BDBJ,kmeans_hamming,16,0.2,36,0.4325146364490726,0.09593356000618358
BDBJ,kmeans_hamming,17,0.2,36,0.4224808146637752,0.08352208539524976
BDBJ,kmeans_hamming,18,0.2,36,0.4500626166988736,0.11338312139059481
BDBJ,kmeans_hamming,19,0.2,36,0.42219584931547177,0.06839121264775483
BDBJ,kmeans_hamming,20,0.2,36,0.43023953352336647,0.09388443010084441
BDBJ,kmeans_hamming,21,0.2,36,0.3946119053875435,0.04962560197918018
BDBJ,kmeans_hamming,22,0.2,36,0.4046168464699009,0.05626079843475725
BDBJ,kmeans_hamming,23,0.2,36,0.41161804042798594,0.056555885426921276
BDBJ,kmeans_hamming,24,0.2,36,0.38570229123478883,0.05049873844869023
BDBJ,kmeans_hamming,25,0.2,36,0.4031223975878238,0.05250247258507917
BDBJ,kmeans_hamming,26,0.2,36,0.37665229224904523,0.03205105173963682
BDBJ,kmeans_hamming,27,0.2,36,0.3842563850445695,0.03932366114533778
BDBJ,kmeans_hamming,28,0.2,36,0.4030877022806702,0.03828752114456863
BDBJ,kmeans_hamming,29,0.2,36,0.3997000337458624,0.037841177457830874
BDBJ,kmeans_hamming,30,0.2,36,0.4004501698240414,0.03639015519718081
BDBJ,kmeans_hamming,31,0.2,36,0.4001918924352545,0.028005735481708326
BDBJ,kmeans_hamming,32,0.2,36,0.39061256035561914,0.03489171052450405
BDBJ,kmeans_hamming,33,0.2,36,0.42495899926052705,0.06931992875111694
BDBJ,kmeans_hamming,34,0.2,36,0.41175633077730817,0.05227276670346305
BDBJ,kmeans_hamming,35,0.2,36,0.40390721308857486,0.041439619939402955
BDBJ,kmeans_hamming,36,0.2,36,0.42405013180442946,0.062067468557736885
BDBJ,kmeans_random,5,0.2,36,0.40878977408808803,0.0538329388881356
BDBJ,kmeans_random,6,0.2,36,0.39921213248994086,0.05407677914498439
BDBJ,kmeans_random,7,0.2,36,0.401318137373593,0.044702560306064024
BDBJ,kmeans_random,8,0.2,36,0.3710230677787228,0.03965865385955819
BDBJ,kmeans_random,9,0.2,36,0.38021573023589866,0.04851780639352276
BDBJ,kmeans_random,10,0.2,36,0.3815609189285174,0.066995758381361
BDBJ,kmeans_random,11,0.2,36,0.38225728916992285,0.052838804274420136
BDBJ,kmeans_random,12,0.2,36,0.38168579866327373,0.05300965940326071
BDBJ,kmeans_random,13,0.2,36,0.3772311946622269,0.044632289336148115
BDBJ,kmeans_random,14,0.2,36,0.38444424109676517,0.05555646852401469
BDBJ,kmeans_random,15,0.2,36,0.3728378788479467,0.03628711683553053
BDBJ,kmeans_random,16,0.2,36,0.38170143470203793,0.04239839202812009
BDBJ,kmeans_random,17,0.2,36,0.3809509343511432,0.032330501746334034
BDBJ,kmeans_random,18,0.2,36,0.3805768453943586,0.0399577388001379
BDBJ,kmeans_random,19,0.2,36,0.37324123220612065,0.03192368541726101
BDBJ,kmeans_random,20,0.2,36,0.37518869275993805,0.03207263964688366
BDBJ,kmeans_random,21,0.2,36,0.37144147782143516,0.03904506380012405
BDBJ,kmeans_random,22,0.2,36,0.37090264939114376,0.03414429621442449
BDBJ,kmeans_random,23,0.2,36,0.38047695164413053,0.029797875437563376
BDBJ,kmeans_random,24,0.2,36,0.3696551217461807,0.03560021007676888
BDBJ,kmeans_random,25,0.2,36,0.3716107490849873,0.03030611035988855
BDBJ,kmeans_random,26,0.2,36,0.3691059454626201,0.04317642937098001
BDBJ,kmeans_random,27,0.2,36,0.3803499228928238,0.046517910487803724
BDBJ,kmeans_random,28,0.2,36,0.36902744582876956,0.03201038519227573
BDBJ,kmeans_random,29,0.2,36,0.3687063001265548,0.030571130332371278
BDBJ,kmeans_random,30,0.2,36,0.3832478630819141,0.03435843212799186
BDBJ,kmeans_random,31,0.2,36,0.3738810347009497,0.03200582179039083
BDBJ,kmeans_random,32,0.2,36,0.3741522723461555,0.0345932276655221
BDBJ,kmeans_random,33,0.2,36,0.37645367028567567,0.03875779982357736
BDBJ,kmeans_random,34,0.2,36,0.3700812028348334,0.03295696388776906
BDBJ,kmeans_random,35,0.2,36,0.3704940973227084,0.03505602896759666
BDBJ,kmeans_random,36,0.2,36,0.374906154460726,0.03979623158653039
BDBJ,random,,0.2,36,0.40209877089325297,0.06034899100492038
BDBJ,diversity,,0.3,54,0.3193697445926414,0.0
BDBJ,kmeans_default,5,0.3,54,0.4224928446614527,0.22099581914511315
BDBJ,kmeans_default,6,0.3,54,0.4168043027499912,0.16920348948874606
BDBJ,kmeans_default,7,0.3,54,0.45817332825029805,0.1203848762812624
BDBJ,kmeans_default,8,0.3,54,0.504675825931842,0.2193667054567643
BDBJ,kmeans_default,9,0.3,54,0.4270146041809875,0.07597170512197417
BDBJ,kmeans_default,10,0.3,54,0.43077755696644654,0.08431372508049562
BDBJ,kmeans_default,11,0.3,54,0.4022335585936739,0.06537191685272561
BDBJ,kmeans_default,12,0.3,54,0.4297507379478004,0.05543333023486926
BDBJ,kmeans_default,13,0.3,54,0.40635907564569035,0.047702416138729026
BDBJ,kmeans_default,14,0.3,54,0.4298803151525244,0.13181104560083962
BDBJ,kmeans_default,15,0.3,54,0.40301122355983904,0.06140145548492309
BDBJ,kmeans_default,16,0.3,54,0.3695860812201263,0.045547129132966255
BDBJ,kmeans_default,17,0.3,54,0.37979351057467725,0.041539647227718295
BDBJ,kmeans_default,18,0.3,54,0.38398449913741683,0.05110698398318557
BDBJ,kmeans_default,19,0.3,54,0.39265097593173426,0.05700449755538513
BDBJ,kmeans_default,20,0.3,54,0.38335142487266255,0.045310563435602844
BDBJ,kmeans_default,21,0.3,54,0.3882870868386664,0.0562132026594103
BDBJ,kmeans_default,22,0.3,54,0.37765323897571407,0.04343763453752013
BDBJ,kmeans_default,23,0.3,54,0.39026591220404006,0.05364847319962867
BDBJ,kmeans_default,24,0.3,54,0.394632813165266,0.06719895540843072
BDBJ,kmeans_default,25,0.3,54,0.3820855138449412,0.05026783017789785
BDBJ,kmeans_default,26,0.3,54,0.36688533055306755,0.03127990424007692
BDBJ,kmeans_default,27,0.3,54,0.38358080675676337,0.049028957449351936
BDBJ,kmeans_default,28,0.3,54,0.3771882520161667,0.031151399845200094
BDBJ,kmeans_default,29,0.3,54,0.37114980586387974,0.0466343741541666
BDBJ,kmeans_default,30,0.3,54,0.37134972547777806,0.022182327761357905
BDBJ,kmeans_default,31,0.3,54,0.38792977704503834,0.04293259021446778
BDBJ,kmeans_default,32,0.3,54,0.3634715269439667,0.03810808273382547
BDBJ,kmeans_default,33,0.3,54,0.37186306439532935,0.03220878120875349
BDBJ,kmeans_default,34,0.3,54,0.357894979912196,0.01807867967745547
BDBJ,kmeans_default,35,0.3,54,0.3656932199888583,0.038257305354809645
BDBJ,kmeans_default,36,0.3,54,0.36333574451493417,0.032215603042621645
BDBJ,kmeans_default,37,0.3,54,0.3676307352558877,0.03132173195406323
BDBJ,kmeans_default,38,0.3,54,0.3564852394536043,0.028458255004758397
BDBJ,kmeans_default,39,0.3,54,0.36061439863483563,0.021566091425694232
BDBJ,kmeans_default,40,0.3,54,0.3600527831990507,0.02201671552719886
BDBJ,kmeans_default,41,0.3,54,0.36321386657696575,0.029385988448713245
BDBJ,kmeans_default,42,0.3,54,0.36263510568234697,0.023992596914952726
BDBJ,kmeans_default,43,0.3,54,0.35940538389355137,0.03141511380715113
BDBJ,kmeans_default,44,0.3,54,0.3547762693719096,0.020736499126642917
BDBJ,kmeans_default,45,0.3,54,0.35259788187575924,0.02660313264480666
BDBJ,kmeans_default,46,0.3,54,0.3506667363653209,0.01770944957845955
BDBJ,kmeans_default,47,0.3,54,0.3553650182494482,0.026102657596799347
BDBJ,kmeans_default,48,0.3,54,0.3541958159218808,0.029164260609129126
BDBJ,kmeans_default,49,0.3,54,0.35951103992574224,0.026441800901142926
BDBJ,kmeans_default,50,0.3,54,0.3546581809623822,0.029220589521699966
BDBJ,kmeans_hamming,5,0.3,54,0.3556263570286537,0.04057751840527714
BDBJ,kmeans_hamming,6,0.3,54,0.3599699012383342,0.03602772996164274
BDBJ,kmeans_hamming,7,0.3,54,0.3618066495518567,0.015162431364275518
BDBJ,kmeans_hamming,8,0.3,54,0.34954359535226043,0.015099328793067624
BDBJ,kmeans_hamming,9,0.3,54,0.3522388360646937,0.026684274806839933
BDBJ,kmeans_hamming,10,0.3,54,0.35649049921940423,0.024579901939260757
BDBJ,kmeans_hamming,11,0.3,54,0.35485781211977163,0.02376919914249849
BDBJ,kmeans_hamming,12,0.3,54,0.36229355506300875,0.02778049790296179
BDBJ,kmeans_hamming,13,0.3,54,0.3631414458212157,0.025352703550038717
BDBJ,kmeans_hamming,14,0.3,54,0.36792365098573826,0.033339224270703544
BDBJ,kmeans_hamming,15,0.3,54,0.36255675534988646,0.01693076016763504
BDBJ,kmeans_hamming,16,0.3,54,0.3580356135240824,0.02152535124052158
BDBJ,kmeans_hamming,17,0.3,54,0.3660522374498024,0.030470308336740873
BDBJ,kmeans_hamming,18,0.3,54,0.36167060140443363,0.029059939701618773
BDBJ,kmeans_hamming,19,0.3,54,0.3613343930731875,0.02401829851167766
BDBJ,kmeans_hamming,20,0.3,54,0.36356841698165115,0.019870608680931504
BDBJ,kmeans_hamming,21,0.3,54,0.36093487757618065,0.024715687203854593
BDBJ,kmeans_hamming,22,0.3,54,0.3684958947035689,0.02829116688368157
BDBJ,kmeans_hamming,23,0.3,54,0.36967302370411653,0.029435380180113848
BDBJ,kmeans_hamming,24,0.3,54,0.36188800088838563,0.027249391934226857
BDBJ,kmeans_hamming,25,0.3,54,0.36254388405160776,0.018134823999004717
BDBJ,kmeans_hamming,26,0.3,54,0.35933253236100426,0.023332730786693623
BDBJ,kmeans_hamming,27,0.3,54,0.3616978748579049,0.02385591623510833
BDBJ,kmeans_hamming,28,0.3,54,0.3626452324938822,0.017210806977647135
BDBJ,kmeans_hamming,29,0.3,54,0.36200063371744623,0.017434250756472914
BDBJ,kmeans_hamming,30,0.3,54,0.36350369778657843,0.01666287780369766
BDBJ,kmeans_hamming,31,0.3,54,0.3668678348008908,0.014805289678576727
BDBJ,kmeans_hamming,32,0.3,54,0.3557821253202781,0.018122770802199206
BDBJ,kmeans_hamming,33,0.3,54,0.36623066418009687,0.019049021863448316
BDBJ,kmeans_hamming,34,0.3,54,0.3673798455785943,0.016490310380847646
BDBJ,kmeans_hamming,35,0.3,54,0.36750701467521146,0.024779777061796134
BDBJ,kmeans_hamming,36,0.3,54,0.37360782270606696,0.025499774776189206
BDBJ,kmeans_hamming,37,0.3,54,0.3749730783681761,0.0214742329866715
BDBJ,kmeans_hamming,38,0.3,54,0.3628674107078305,0.024437576371352115
BDBJ,kmeans_hamming,39,0.3,54,0.377332659109521,0.023113180837201024
BDBJ,kmeans_hamming,40,0.3,54,0.37890988536131576,0.018500560961596746
BDBJ,kmeans_hamming,41,0.3,54,0.3742111070318112,0.020845062184311203
BDBJ,kmeans_hamming,42,0.3,54,0.3825577101061316,0.020683662792119747
BDBJ,kmeans_hamming,43,0.3,54,0.37253826738873663,0.0181207720646132
BDBJ,kmeans_hamming,44,0.3,54,0.3785695029291353,0.024904617976802483
BDBJ,kmeans_hamming,45,0.3,54,0.379483400593507,0.02113810697579051
BDBJ,kmeans_hamming,46,0.3,54,0.37997020703191964,0.019093948221336254
BDBJ,kmeans_hamming,47,0.3,54,0.37453036943991547,0.020580066979177008
BDBJ,kmeans_hamming,48,0.3,54,0.3785951571751378,0.028924169329529476
BDBJ,kmeans_hamming,49,0.3,54,0.3806211313287344,0.018791130354443984
BDBJ,kmeans_hamming,50,0.3,54,0.3879208265763049,0.030514778260007824
BDBJ,kmeans_random,5,0.3,54,0.38152188056793696,0.05811672493029269
BDBJ,kmeans_random,6,0.3,54,0.39197736612296197,0.04424210252687111
BDBJ,kmeans_random,7,0.3,54,0.3863566559391631,0.03980825546272532
BDBJ,kmeans_random,8,0.3,54,0.36277302494284014,0.03629819546666472
BDBJ,kmeans_random,9,0.3,54,0.3682357186737843,0.036879420232381575
BDBJ,kmeans_random,10,0.3,54,0.3673158774454725,0.051423215356129384
BDBJ,kmeans_random,11,0.3,54,0.36706887186975057,0.04003239194272089
BDBJ,kmeans_random,12,0.3,54,0.3781249192993367,0.05398170264073805
BDBJ,kmeans_random,13,0.3,54,0.3785961900746812,0.03313478800316105
BDBJ,kmeans_random,14,0.3,54,0.3712430632983994,0.0379155037095815
BDBJ,kmeans_random,15,0.3,54,0.3746299196227735,0.028190301877615977
BDBJ,kmeans_random,16,0.3,54,0.3762770588822068,0.023463381979498474
BDBJ,kmeans_random,17,0.3,54,0.3721075171465676,0.02950629943066742
BDBJ,kmeans_random,18,0.3,54,0.3711288212838098,0.027830590367570993
BDBJ,kmeans_random,19,0.3,54,0.36476640974178737,0.030584274222001013
BDBJ,kmeans_random,20,0.3,54,0.36526346672248383,0.022283703211642126
BDBJ,kmeans_random,21,0.3,54,0.3658458895294597,0.03288709468689458
BDBJ,kmeans_random,22,0.3,54,0.3704163013656273,0.02953892448919467
BDBJ,kmeans_random,23,0.3,54,0.37832582440553375,0.0350829198417531
BDBJ,kmeans_random,24,0.3,54,0.3654701538880612,0.0277988025025685
BDBJ,kmeans_random,25,0.3,54,0.3663502456569816,0.02353650421884655
BDBJ,kmeans_random,26,0.3,54,0.36607084882829294,0.02784648368014456
BDBJ,kmeans_random,27,0.3,54,0.37051705380087163,0.03256067546405747
BDBJ,kmeans_random,28,0.3,54,0.3690131523324754,0.027694760724201926
BDBJ,kmeans_random,29,0.3,54,0.366915880563839,0.025063977623406293
BDBJ,kmeans_random,30,0.3,54,0.3770175390290436,0.02125485222475326
BDBJ,kmeans_random,31,0.3,54,0.3769651064452958,0.022369952024857424
BDBJ,kmeans_random,32,0.3,54,0.3640519881171512,0.025162236612028543
BDBJ,kmeans_random,33,0.3,54,0.3659760047200701,0.03147051111369937
BDBJ,kmeans_random,34,0.3,54,0.3684615476225787,0.0256373324077201
BDBJ,kmeans_random,35,0.3,54,0.3711332803459983,0.029173047048898986
BDBJ,kmeans_random,36,0.3,54,0.3709347120911099,0.0348786549384558
BDBJ,kmeans_random,37,0.3,54,0.3686005277316285,0.0259772084957757
BDBJ,kmeans_random,38,0.3,54,0.3719176124609495,0.0284112087696528
BDBJ,kmeans_random,39,0.3,54,0.37495657862248827,0.02384302616720605
BDBJ,kmeans_random,40,0.3,54,0.36896690557510575,0.030524333946957343
BDBJ,kmeans_random,41,0.3,54,0.3753935710399718,0.030565193496076747
BDBJ,kmeans_random,42,0.3,54,0.37453195820342056,0.030711958199640826
BDBJ,kmeans_random,43,0.3,54,0.3667746965736748,0.03108788340916229
BDBJ,kmeans_random,44,0.3,54,0.3639507362242699,0.026815120522662432
BDBJ,kmeans_random,45,0.3,54,0.3703753274482896,0.029728352886197948
BDBJ,kmeans_random,46,0.3,54,0.36386438582238534,0.027393286832091263
BDBJ,kmeans_random,47,0.3,54,0.36629403658885146,0.026440945717922052
BDBJ,kmeans_random,48,0.3,54,0.3646943648693181,0.021962892625387503
BDBJ,kmeans_random,49,0.3,54,0.3715264028321776,0.024177920695929403
BDBJ,kmeans_random,50,0.3,54,0.3638067443922983,0.02408447021639052
BDBJ,random,,0.3,54,0.3926549941519903,0.05805859248355555
BDBJ,diversity,,0.4,72,0.33830147696885327,0.0
BDBJ,kmeans_default,5,0.4,72,0.4823350266295781,0.12171162337145468
BDBJ,kmeans_default,6,0.4,72,0.46115100144154403,0.18857057041645722
BDBJ,kmeans_default,7,0.4,72,0.5225867472700132,0.1367152231673221
BDBJ,kmeans_default,8,0.4,72,0.577160948372089,0.26042177599599164
BDBJ,kmeans_default,9,0.4,72,0.47867982816797006,0.08935221714085309
BDBJ,kmeans_default,10,0.4,72,0.46081581988569975,0.08564492874593671
BDBJ,kmeans_default,11,0.4,72,0.42907597158014293,0.06668060283395133
BDBJ,kmeans_default,12,0.4,72,0.445973582695698,0.06393980571535181
BDBJ,kmeans_default,13,0.4,72,0.41503547048129363,0.05055492463311681
BDBJ,kmeans_default,14,0.4,72,0.41665549916639344,0.07161185332760726
BDBJ,kmeans_default,15,0.4,72,0.4029304386516243,0.04948823238144766
BDBJ,kmeans_default,16,0.4,72,0.3741983106889794,0.03327831196451386
BDBJ,kmeans_default,17,0.4,72,0.3927595032963788,0.04601528593108653
BDBJ,kmeans_default,18,0.4,72,0.3948278733509618,0.048364568070608495
BDBJ,kmeans_default,19,0.4,72,0.3981155429352784,0.04860710729548768
BDBJ,kmeans_default,20,0.4,72,0.38644698711849107,0.04385496990212951
BDBJ,kmeans_default,21,0.4,72,0.3830276865076708,0.03754720621471607
BDBJ,kmeans_default,22,0.4,72,0.3762862839225483,0.03513692408818627
BDBJ,kmeans_default,23,0.4,72,0.3819252118994229,0.04424117603204987
BDBJ,kmeans_default,24,0.4,72,0.365536648458969,0.03524648796714504
BDBJ,kmeans_default,25,0.4,72,0.3655770537036182,0.03206864251314166
BDBJ,kmeans_default,26,0.4,72,0.35983489533378066,0.026913050989427992
BDBJ,kmeans_default,27,0.4,72,0.37416573039249973,0.038180433761510625
BDBJ,kmeans_default,28,0.4,72,0.3649157979440015,0.02581063752713282
BDBJ,kmeans_default,29,0.4,72,0.35769271435361755,0.026537341694858264
BDBJ,kmeans_default,30,0.4,72,0.36884892636122746,0.021761529100331835
BDBJ,kmeans_default,31,0.4,72,0.3748408834913872,0.029487873385744115
BDBJ,kmeans_default,32,0.4,72,0.36228574107572686,0.031087092620437712
BDBJ,kmeans_default,33,0.4,72,0.3650618135614454,0.02479626666591929
BDBJ,kmeans_default,34,0.4,72,0.3572934137451473,0.019122195425264745
BDBJ,kmeans_default,35,0.4,72,0.3639100197466513,0.029259857088825197
BDBJ,kmeans_default,36,0.4,72,0.3609770980173735,0.023170260237051033
BDBJ,kmeans_default,37,0.4,72,0.36853050845462554,0.02414346182373793
BDBJ,kmeans_default,38,0.4,72,0.3538951122138366,0.027215654919906865
BDBJ,kmeans_default,39,0.4,72,0.35966914417126505,0.022547554372783673
BDBJ,kmeans_default,40,0.4,72,0.35663165548054904,0.019097464423677952
BDBJ,kmeans_default,41,0.4,72,0.35655265951726683,0.02145840961402115
BDBJ,kmeans_default,42,0.4,72,0.35702422211189755,0.02144981518205271
BDBJ,kmeans_default,43,0.4,72,0.3556594179911607,0.02295997133027336
BDBJ,kmeans_default,44,0.4,72,0.351360612347206,0.01517873588431709
BDBJ,kmeans_default,45,0.4,72,0.35194984094085974,0.019396483414695794
BDBJ,kmeans_default,46,0.4,72,0.35187606575735314,0.01324903021465176
BDBJ,kmeans_default,47,0.4,72,0.35416225117100425,0.01771404255572022
BDBJ,kmeans_default,48,0.4,72,0.351066001231773,0.022769794899686276
BDBJ,kmeans_default,49,0.4,72,0.3534668615729303,0.02287892140634021
BDBJ,kmeans_default,50,0.4,72,0.351792310483751,0.018857649021370552
BDBJ,kmeans_hamming,5,0.4,72,0.3625274340140275,0.04318894092598197
BDBJ,kmeans_hamming,6,0.4,72,0.3629408565700588,0.038875513997961526
BDBJ,kmeans_hamming,7,0.4,72,0.3655861310233598,0.022255506049304694
BDBJ,kmeans_hamming,8,0.4,72,0.3482577744894725,0.008627541126168746
BDBJ,kmeans_hamming,9,0.4,72,0.3528767702832999,0.020160433153623255
BDBJ,kmeans_hamming,10,0.4,72,0.3529701807251154,0.029469077785906454
BDBJ,kmeans_hamming,11,0.4,72,0.36129374148682136,0.021236623844936416
BDBJ,kmeans_hamming,12,0.4,72,0.3640883020105935,0.03443712369035888
BDBJ,kmeans_hamming,13,0.4,72,0.3601192327308479,0.026294161424792895
BDBJ,kmeans_hamming,14,0.4,72,0.35979463080244517,0.02658554902885852
BDBJ,kmeans_hamming,15,0.4,72,0.359284337054307,0.016912491289442194
BDBJ,kmeans_hamming,16,0.4,72,0.35635949846741727,0.017905340302554685
BDBJ,kmeans_hamming,17,0.4,72,0.3615773485087894,0.02361081128444912
BDBJ,kmeans_hamming,18,0.4,72,0.3605566317446713,0.021893731851887352
BDBJ,kmeans_hamming,19,0.4,72,0.362696583850596,0.020376646947600725
BDBJ,kmeans_hamming,20,0.4,72,0.3573383622837814,0.017384106224975843
BDBJ,kmeans_hamming,21,0.4,72,0.36370197994279585,0.024232937253650624
BDBJ,kmeans_hamming,22,0.4,72,0.36549194294177406,0.02289204328949598
BDBJ,kmeans_hamming,23,0.4,72,0.3713389542288933,0.027198077625835596
BDBJ,kmeans_hamming,24,0.4,72,0.3616546519192838,0.02596743010276201
BDBJ,kmeans_hamming,25,0.4,72,0.35948620402508974,0.017579744955331596
BDBJ,kmeans_hamming,26,0.4,72,0.36405648341914165,0.02077765134625426
BDBJ,kmeans_hamming,27,0.4,72,0.3635504846195964,0.023713630583389596
BDBJ,kmeans_hamming,28,0.4,72,0.3625506671558133,0.019518612513013154
BDBJ,kmeans_hamming,29,0.4,72,0.3579296538603421,0.01795569561105387
BDBJ,kmeans_hamming,30,0.4,72,0.3633410261338851,0.01471952720190002
BDBJ,kmeans_hamming,31,0.4,72,0.3653289828757923,0.015055665882483079
BDBJ,kmeans_hamming,32,0.4,72,0.35690289203427544,0.01955374517171367
BDBJ,kmeans_hamming,33,0.4,72,0.36431099796030114,0.016391504664028386
BDBJ,kmeans_hamming,34,0.4,72,0.3621156631015776,0.01758813770943051
BDBJ,kmeans_hamming,35,0.4,72,0.36504796491573566,0.02643047220661075
BDBJ,kmeans_hamming,36,0.4,72,0.3663304413606992,0.01950947846940937
BDBJ,kmeans_hamming,37,0.4,72,0.3691063752543932,0.018841431762556603
BDBJ,kmeans_hamming,38,0.4,72,0.35869246023336204,0.0243458138121539
BDBJ,kmeans_hamming,39,0.4,72,0.36613461605430514,0.022677332412078356
BDBJ,kmeans_hamming,40,0.4,72,0.36594026280618375,0.015550480594510582
BDBJ,kmeans_hamming,41,0.4,72,0.3617365599218411,0.018880857162260588
BDBJ,kmeans_hamming,42,0.4,72,0.36978673186538497,0.018734084621057155
BDBJ,kmeans_hamming,43,0.4,72,0.363862290520138,0.01904496994098702
BDBJ,kmeans_hamming,44,0.4,72,0.3654480285861811,0.016376368117081534
BDBJ,kmeans_hamming,45,0.4,72,0.36917368332585965,0.018273274692063145
BDBJ,kmeans_hamming,46,0.4,72,0.3668837696978919,0.016735982996360997
BDBJ,kmeans_hamming,47,0.4,72,0.3680370132952287,0.0164698617286064
BDBJ,kmeans_hamming,48,0.4,72,0.3649117206033802,0.02189469852334709
BDBJ,kmeans_hamming,49,0.4,72,0.36840455009112244,0.020078694886898854
BDBJ,kmeans_hamming,50,0.4,72,0.37530972483476327,0.017245702415003682
BDBJ,kmeans_random,5,0.4,72,0.37630602435723176,0.05648523427615274
BDBJ,kmeans_random,6,0.4,72,0.3837507729266824,0.04408233370427108
BDBJ,kmeans_random,7,0.4,72,0.38464624942118675,0.03314044443846422
BDBJ,kmeans_random,8,0.4,72,0.35913577833141647,0.027973166082985085
BDBJ,kmeans_random,9,0.4,72,0.3674121027938791,0.03339815842381363
BDBJ,kmeans_random,10,0.4,72,0.36414543468357474,0.0393970114560506
BDBJ,kmeans_random,11,0.4,72,0.36697635629778685,0.03893441487213733
BDBJ,kmeans_random,12,0.4,72,0.37751730962471736,0.04312723441292448
BDBJ,kmeans_random,13,0.4,72,0.37282168229469953,0.028180279333887902
BDBJ,kmeans_random,14,0.4,72,0.3721882809258646,0.036175661268981016
BDBJ,kmeans_random,15,0.4,72,0.3732697322725714,0.02641509591781904
BDBJ,kmeans_random,16,0.4,72,0.3714005367806452,0.0243258987975191
BDBJ,kmeans_random,17,0.4,72,0.3706685409913571,0.02780277614972515
BDBJ,kmeans_random,18,0.4,72,0.3696872141016929,0.02208071038861096
BDBJ,kmeans_random,19,0.4,72,0.3696073383596538,0.030147318584598445
BDBJ,kmeans_random,20,0.4,72,0.3657156753939814,0.025929687724053224
BDBJ,kmeans_random,21,0.4,72,0.36217026482058023,0.025224180313312854
BDBJ,kmeans_random,22,0.4,72,0.3705623014447118,0.02953047847184499
BDBJ,kmeans_random,23,0.4,72,0.37829936519528623,0.024318519381822626
BDBJ,kmeans_random,24,0.4,72,0.3673336281305833,0.026195916962135392
BDBJ,kmeans_random,25,0.4,72,0.3633223619134652,0.023682949243585823
BDBJ,kmeans_random,26,0.4,72,0.36239953331150226,0.02655401787902653
BDBJ,kmeans_random,27,0.4,72,0.3722339053825012,0.031052353171459813
BDBJ,kmeans_random,28,0.4,72,0.3668242556226803,0.023868730533089834
BDBJ,kmeans_random,29,0.4,72,0.3635726511069634,0.02228559405941325
BDBJ,kmeans_random,30,0.4,72,0.3764086404716764,0.019907467944812123
BDBJ,kmeans_random,31,0.4,72,0.37665968916987214,0.01828042393096721
BDBJ,kmeans_random,32,0.4,72,0.3676899587932543,0.019618104280527786
BDBJ,kmeans_random,33,0.4,72,0.3709601457930694,0.024546295787660002
BDBJ,kmeans_random,34,0.4,72,0.3756521379196229,0.019530138829948515
BDBJ,kmeans_random,35,0.4,72,0.3703742270717204,0.026716097083060313
BDBJ,kmeans_random,36,0.4,72,0.3684028588939894,0.028923403661593163
BDBJ,kmeans_random,37,0.4,72,0.36759707352671495,0.020852668258283462
BDBJ,kmeans_random,38,0.4,72,0.3684046706048229,0.02670977690794755
BDBJ,kmeans_random,39,0.4,72,0.37522586579151634,0.027813573561693495
BDBJ,kmeans_random,40,0.4,72,0.3762907184782555,0.02064555265452361
BDBJ,kmeans_random,41,0.4,72,0.37252140115337723,0.02537660692332878
BDBJ,kmeans_random,42,0.4,72,0.375469456977717,0.02368463878210818
BDBJ,kmeans_random,43,0.4,72,0.36099416904373777,0.02671965665281791
BDBJ,kmeans_random,44,0.4,72,0.3671577524211823,0.022114780237256083
BDBJ,kmeans_random,45,0.4,72,0.371850862552799,0.030462541937660934
BDBJ,kmeans_random,46,0.4,72,0.36729685625354364,0.02028618967205936
BDBJ,kmeans_random,47,0.4,72,0.3641893689464928,0.025152894193025094
BDBJ,kmeans_random,48,0.4,72,0.36499522828285685,0.02437340002929352
BDBJ,kmeans_random,49,0.4,72,0.36915906775214175,0.025015183334987225
BDBJ,kmeans_random,50,0.4,72,0.3662371763758792,0.023448995657378614
BDBJ,random,,0.4,72,0.38042181606760567,0.03193657878438731
BDBJ,diversity,,0.5,90,0.3375356112079941,0.0
BDBJ,kmeans_default,5,0.5,90,0.5062595653861498,0.12454128191777664
BDBJ,kmeans_default,6,0.5,90,0.4752186901725526,0.10354395165349628
BDBJ,kmeans_default,7,0.5,90,0.5073139145447799,0.07902938783977295
BDBJ,kmeans_default,8,0.5,90,0.6749431452635224,0.3182173932783874
BDBJ,kmeans_default,9,0.5,90,0.5308113736804082,0.11754259570873207
BDBJ,kmeans_default,10,0.5,90,0.49356094239213566,0.10969553104291169
BDBJ,kmeans_default,11,0.5,90,0.45826578052366135,0.09009769388507535
BDBJ,kmeans_default,12,0.5,90,0.457098910466334,0.07807277992166878
BDBJ,kmeans_default,13,0.5,90,0.4150086328752678,0.049717757036203306
BDBJ,kmeans_default,14,0.5,90,0.4246217909380263,0.0630883804361667
BDBJ,kmeans_default,15,0.5,90,0.4148042211290297,0.04913743530176676
BDBJ,kmeans_default,16,0.5,90,0.3718868721090755,0.03169987666971342
BDBJ,kmeans_default,17,0.5,90,0.3775289577971183,0.030954591609844366
BDBJ,kmeans_default,18,0.5,90,0.3682663158919136,0.031680370460332015
BDBJ,kmeans_default,19,0.5,90,0.3741415955063113,0.02826711404228088
BDBJ,kmeans_default,20,0.5,90,0.37563963629655767,0.03022666876797149
BDBJ,kmeans_default,21,0.5,90,0.36721624950926757,0.0271457827362151
BDBJ,kmeans_default,22,0.5,90,0.37941338223967136,0.037816227158768714
BDBJ,kmeans_default,23,0.5,90,0.37870984370517885,0.029148184220153583
BDBJ,kmeans_default,24,0.5,90,0.37760613169225665,0.04335655610494429
BDBJ,kmeans_default,25,0.5,90,0.3715467511276769,0.028098317680810156
BDBJ,kmeans_default,26,0.5,90,0.3685352115246559,0.029563020652142558
BDBJ,kmeans_default,27,0.5,90,0.37173292178729844,0.02908810808718133
BDBJ,kmeans_default,28,0.5,90,0.36845154841274,0.0250193480281804
BDBJ,kmeans_default,29,0.5,90,0.3607601586958211,0.025978648354533226
BDBJ,kmeans_default,30,0.5,90,0.37311310567060413,0.027151409910386292
BDBJ,kmeans_default,31,0.5,90,0.3728269453978956,0.021880589890378072
BDBJ,kmeans_default,32,0.5,90,0.35846618534633684,0.019543218560014175
BDBJ,kmeans_default,33,0.5,90,0.36274985742268623,0.022243613483182954
BDBJ,kmeans_default,34,0.5,90,0.3611900844983531,0.020949636925493266
BDBJ,kmeans_default,35,0.5,90,0.36396866357388447,0.02740816782604603
BDBJ,kmeans_default,36,0.5,90,0.36108093507132344,0.01643371148407215
BDBJ,kmeans_default,37,0.5,90,0.3697481597590608,0.02650449360144494
BDBJ,kmeans_default,38,0.5,90,0.35456907273752714,0.02510419714615051
BDBJ,kmeans_default,39,0.5,90,0.3617347881147009,0.02075190558571448
BDBJ,kmeans_default,40,0.5,90,0.36506980160922226,0.022531001798752868
BDBJ,kmeans_default,41,0.5,90,0.3611389994956363,0.020741848655507475
BDBJ,kmeans_default,42,0.5,90,0.3648017925529772,0.024608435793232016
BDBJ,kmeans_default,43,0.5,90,0.35824161815535116,0.02376308462940621
BDBJ,kmeans_default,44,0.5,90,0.3618895453871987,0.017652403913834956
BDBJ,kmeans_default,45,0.5,90,0.35755991300508166,0.020820950848282345
BDBJ,kmeans_default,46,0.5,90,0.3603022758451068,0.018667392921254532
BDBJ,kmeans_default,47,0.5,90,0.3573201631870839,0.020803323872288938
BDBJ,kmeans_default,48,0.5,90,0.3572073232854963,0.022434547118289242
BDBJ,kmeans_default,49,0.5,90,0.36356406703397437,0.023813790161160683
BDBJ,kmeans_default,50,0.5,90,0.3549823615285297,0.020189492888512198
BDBJ,kmeans_hamming,5,0.5,90,0.36700347998916594,0.04018110559877717
BDBJ,kmeans_hamming,6,0.5,90,0.36806168491128405,0.04037295775811231
BDBJ,kmeans_hamming,7,0.5,90,0.3663236486173771,0.024252269726690274
BDBJ,kmeans_hamming,8,0.5,90,0.3514893837496356,0.01317655507263822
BDBJ,kmeans_hamming,9,0.5,90,0.35498950216986025,0.024562850639434697
BDBJ,kmeans_hamming,10,0.5,90,0.3611936540100842,0.031330962177214004
BDBJ,kmeans_hamming,11,0.5,90,0.3618824207675511,0.026959301042421155
BDBJ,kmeans_hamming,12,0.5,90,0.36618799284344095,0.03272708107870008
BDBJ,kmeans_hamming,13,0.5,90,0.36617097542275107,0.025856994225642197
BDBJ,kmeans_hamming,14,0.5,90,0.3595112955124234,0.023121026358497217
BDBJ,kmeans_hamming,15,0.5,90,0.3608879768898244,0.012745039885243585
BDBJ,kmeans_hamming,16,0.5,90,0.3561383368994058,0.01452357011228411
BDBJ,kmeans_hamming,17,0.5,90,0.3622077741190251,0.023076632642002107
BDBJ,kmeans_hamming,18,0.5,90,0.3592678318230857,0.023489064139372677
BDBJ,kmeans_hamming,19,0.5,90,0.36371785964486497,0.022343274977505885
BDBJ,kmeans_hamming,20,0.5,90,0.3618801173579603,0.020480419427208955
BDBJ,kmeans_hamming,21,0.5,90,0.3615698758871124,0.02698478334818816
BDBJ,kmeans_hamming,22,0.5,90,0.36645086759431883,0.02465728215343048
BDBJ,kmeans_hamming,23,0.5,90,0.3722052139046489,0.030082373711826847
BDBJ,kmeans_hamming,24,0.5,90,0.3672466975670801,0.02723704996135078
BDBJ,kmeans_hamming,25,0.5,90,0.3610270174727948,0.02460428832022398
BDBJ,kmeans_hamming,26,0.5,90,0.36612892957423426,0.025509504061303593
BDBJ,kmeans_hamming,27,0.5,90,0.3669503644646106,0.024804078817187634
BDBJ,kmeans_hamming,28,0.5,90,0.36637786977170284,0.021483502087868624
BDBJ,kmeans_hamming,29,0.5,90,0.3583333451165026,0.023695606770755946
BDBJ,kmeans_hamming,30,0.5,90,0.36644106824270073,0.018273243547211243
BDBJ,kmeans_hamming,31,0.5,90,0.3695315576384888,0.01995790322540034
BDBJ,kmeans_hamming,32,0.5,90,0.35573104384587784,0.01852802320084551
BDBJ,kmeans_hamming,33,0.5,90,0.3628849762034838,0.01823733788840565
BDBJ,kmeans_hamming,34,0.5,90,0.367908376186531,0.022892541602869305
BDBJ,kmeans_hamming,35,0.5,90,0.3644814132634729,0.02371369115986624
BDBJ,kmeans_hamming,36,0.5,90,0.36743114377384195,0.01349169920648455
BDBJ,kmeans_hamming,37,0.5,90,0.371774668675398,0.026862587726357367
BDBJ,kmeans_hamming,38,0.5,90,0.35889197305600135,0.02166011563376435
BDBJ,kmeans_hamming,39,0.5,90,0.36624578093378257,0.02271344938721467
BDBJ,kmeans_hamming,40,0.5,90,0.3707469961382818,0.019705617605178253
BDBJ,kmeans_hamming,41,0.5,90,0.36363205430646617,0.019463715052532485
BDBJ,kmeans_hamming,42,0.5,90,0.3726614639387294,0.02642259991334686
BDBJ,kmeans_hamming,43,0.5,90,0.3641017541731013,0.022972324166328717
BDBJ,kmeans_hamming,44,0.5,90,0.3690579358912969,0.0162843936346581
BDBJ,kmeans_hamming,45,0.5,90,0.3674731460943926,0.019984890062050682
BDBJ,kmeans_hamming,46,0.5,90,0.36825123725656106,0.01956406006582197
BDBJ,kmeans_hamming,47,0.5,90,0.3644276825367699,0.01817670910197863
BDBJ,kmeans_hamming,48,0.5,90,0.36788958353800444,0.024353177333731903
BDBJ,kmeans_hamming,49,0.5,90,0.3675794797274381,0.019817465889333585
BDBJ,kmeans_hamming,50,0.5,90,0.36686204878033807,0.021502227947298672
BDBJ,kmeans_random,5,0.5,90,0.3802008320161837,0.05445818370130534
BDBJ,kmeans_random,6,0.5,90,0.3834393294695856,0.042204917193430246
BDBJ,kmeans_random,7,0.5,90,0.37918427373991,0.030086692646547432
BDBJ,kmeans_random,8,0.5,90,0.36206795796369823,0.02419664146095597
BDBJ,kmeans_random,9,0.5,90,0.3661204813764939,0.024075214272960995
BDBJ,kmeans_random,10,0.5,90,0.3713261476397121,0.04374900141467364
BDBJ,kmeans_random,11,0.5,90,0.37656038601101416,0.042797656832034486
BDBJ,kmeans_random,12,0.5,90,0.3785359083066364,0.04103976053443074
BDBJ,kmeans_random,13,0.5,90,0.37410548342637695,0.03378510715011169
BDBJ,kmeans_random,14,0.5,90,0.37187735179141995,0.03548637052224808
BDBJ,kmeans_random,15,0.5,90,0.37055968435245024,0.018073268656799882
BDBJ,kmeans_random,16,0.5,90,0.365973749895484,0.02235818776023286
BDBJ,kmeans_random,17,0.5,90,0.3681654807637211,0.02650056049589616
BDBJ,kmeans_random,18,0.5,90,0.36936647394246974,0.027117869774965307
BDBJ,kmeans_random,19,0.5,90,0.36953912286059454,0.028619253291966656
BDBJ,kmeans_random,20,0.5,90,0.3672773232898838,0.024906147134389073
BDBJ,kmeans_random,21,0.5,90,0.36556546812061036,0.02490450176078384
BDBJ,kmeans_random,22,0.5,90,0.3766980271010991,0.032965383266621844
BDBJ,kmeans_random,23,0.5,90,0.3797296130327951,0.028109307781603598
BDBJ,kmeans_random,24,0.5,90,0.37298742447412053,0.030914401902862813
BDBJ,kmeans_random,25,0.5,90,0.3661200493475391,0.02494254167108178
BDBJ,kmeans_random,26,0.5,90,0.36667298595777176,0.032000084790568616
BDBJ,kmeans_random,27,0.5,90,0.3758657804858635,0.029961721865763263
BDBJ,kmeans_random,28,0.5,90,0.3668528841578294,0.021181469656324732
BDBJ,kmeans_random,29,0.5,90,0.36759112271756245,0.02385998370700031
BDBJ,kmeans_random,30,0.5,90,0.3757507350414686,0.018624544108281366
BDBJ,kmeans_random,31,0.5,90,0.3739121951875698,0.020096668841341855
BDBJ,kmeans_random,32,0.5,90,0.3688269915101358,0.020203311722464437
BDBJ,kmeans_random,33,0.5,90,0.37096103258493945,0.02755033204156193
BDBJ,kmeans_random,34,0.5,90,0.3742679273261916,0.02479844680665046
BDBJ,kmeans_random,35,0.5,90,0.3730419404011161,0.0268317202748484
BDBJ,kmeans_random,36,0.5,90,0.3734703283089067,0.030555504179810858
BDBJ,kmeans_random,37,0.5,90,0.3726756896880548,0.02906476451298192
BDBJ,kmeans_random,38,0.5,90,0.3720430011581072,0.033544672963536644
BDBJ,kmeans_random,39,0.5,90,0.37722798042924643,0.02360777233456878
BDBJ,kmeans_random,40,0.5,90,0.3785860816131718,0.02353726587991463
BDBJ,kmeans_random,41,0.5,90,0.3717715551712722,0.02737636169224715
BDBJ,kmeans_random,42,0.5,90,0.3798316101116413,0.028426302646183208
BDBJ,kmeans_random,43,0.5,90,0.3665216286867295,0.024358348812935502
BDBJ,kmeans_random,44,0.5,90,0.3702662657476566,0.02291001570422565
BDBJ,kmeans_random,45,0.5,90,0.36948839011200174,0.01999328476035068
BDBJ,kmeans_random,46,0.5,90,0.37007882981048706,0.01992298751648805
BDBJ,kmeans_random,47,0.5,90,0.365749856564392,0.02225761781547398
BDBJ,kmeans_random,48,0.5,90,0.35995617821675735,0.020280279071107393
BDBJ,kmeans_random,49,0.5,90,0.3695474362848109,0.025980938739058008
BDBJ,kmeans_random,50,0.5,90,0.36422858074699405,0.020058789264890995
BDBJ,random,,0.5,90,0.383750568834172,0.035550547716125404
BDBJ,diversity,,0.6,108,0.3315310722929088,0.0
BDBJ,kmeans_default,5,0.6,108,0.5368415132509535,0.2012407079862393
BDBJ,kmeans_default,6,0.6,108,0.4771847584262425,0.13810295319211946
BDBJ,kmeans_default,7,0.6,108,0.486563076371994,0.09237636255670452
BDBJ,kmeans_default,8,0.6,108,0.5555328107564145,0.09391879008639621
BDBJ,kmeans_default,9,0.6,108,0.5855843944290552,0.1556151429694438
BDBJ,kmeans_default,10,0.6,108,0.5552114220222505,0.15581276703014996
BDBJ,kmeans_default,11,0.6,108,0.48192636559196367,0.12860092178500665
BDBJ,kmeans_default,12,0.6,108,0.4687373884223051,0.09206739364194334
BDBJ,kmeans_default,13,0.6,108,0.4355897336428654,0.0579820582092179
BDBJ,kmeans_default,14,0.6,108,0.4137554554884648,0.05018538878518218
BDBJ,kmeans_default,15,0.6,108,0.4062380904229876,0.06134463193421156
BDBJ,kmeans_default,16,0.6,108,0.3712755268860295,0.030891638436203527
BDBJ,kmeans_default,17,0.6,108,0.379168194321361,0.02647167237266842
BDBJ,kmeans_default,18,0.6,108,0.3770046886575327,0.03157072550132135
BDBJ,kmeans_default,19,0.6,108,0.3745685530354035,0.030737200261435907
BDBJ,kmeans_default,20,0.6,108,0.37579805155695717,0.03680276715192018
BDBJ,kmeans_default,21,0.6,108,0.3635695433925497,0.026360878447031832
BDBJ,kmeans_default,22,0.6,108,0.3775660427159003,0.03412316111637224
BDBJ,kmeans_default,23,0.6,108,0.3730933979312049,0.029945417446581836
BDBJ,kmeans_default,24,0.6,108,0.3758812061347516,0.03492168301039992
BDBJ,kmeans_default,25,0.6,108,0.376048045589404,0.028349319281039762
BDBJ,kmeans_default,26,0.6,108,0.3714091998078714,0.034283445784516677
BDBJ,kmeans_default,27,0.6,108,0.3838585180108577,0.03454974836641277
BDBJ,kmeans_default,28,0.6,108,0.37323991360711367,0.025246599292722098
BDBJ,kmeans_default,29,0.6,108,0.36836147110912054,0.0299459963422042
BDBJ,kmeans_default,30,0.6,108,0.3767074561764944,0.030751244781134435
BDBJ,kmeans_default,31,0.6,108,0.37665051157613016,0.02633728275930633
BDBJ,kmeans_default,32,0.6,108,0.36511473299029734,0.02193041580332775
BDBJ,kmeans_default,33,0.6,108,0.37311979411444274,0.02565062676075372
BDBJ,kmeans_default,34,0.6,108,0.3677948810120235,0.023317725153190944
BDBJ,kmeans_default,35,0.6,108,0.376071952418536,0.03356710671676657
BDBJ,kmeans_default,36,0.6,108,0.37002957525604874,0.022392648526410316
BDBJ,kmeans_default,37,0.6,108,0.3754881679444805,0.026549408139054688
BDBJ,kmeans_default,38,0.6,108,0.3600459629567658,0.02933401174485961
BDBJ,kmeans_default,39,0.6,108,0.3662294593628771,0.02561374375982201
BDBJ,kmeans_default,40,0.6,108,0.36776002810952313,0.023621182265170324
BDBJ,kmeans_default,41,0.6,108,0.3620224014455494,0.02284386487149903
BDBJ,kmeans_default,42,0.6,108,0.36784775171773193,0.024953935960174967
BDBJ,kmeans_default,43,0.6,108,0.36156982818177963,0.024592034327218973
BDBJ,kmeans_default,44,0.6,108,0.36037642069890546,0.01768955077193691
BDBJ,kmeans_default,45,0.6,108,0.3588128591816015,0.026893468012707325
BDBJ,kmeans_default,46,0.6,108,0.3613372014555941,0.023418194736498286
BDBJ,kmeans_default,47,0.6,108,0.36470929609349745,0.026794305191588024
BDBJ,kmeans_default,48,0.6,108,0.35855261547269,0.02404759812849231
BDBJ,kmeans_default,49,0.6,108,0.36697689046663395,0.02392253119779525
BDBJ,kmeans_default,50,0.6,108,0.35963951431290336,0.0238962686247523
BDBJ,kmeans_hamming,5,0.6,108,0.37209314327719123,0.04411857851065156
BDBJ,kmeans_hamming,6,0.6,108,0.37047672484584004,0.03583988681065029
BDBJ,kmeans_hamming,7,0.6,108,0.3748950528538721,0.024510000581980777
BDBJ,kmeans_hamming,8,0.6,108,0.3578621822978543,0.019870631937986567
BDBJ,kmeans_hamming,9,0.6,108,0.3604647485014673,0.029006723834419566
BDBJ,kmeans_hamming,10,0.6,108,0.36422846541324944,0.038166892590567734
BDBJ,kmeans_hamming,11,0.6,108,0.3696060944864982,0.0321847263401226
BDBJ,kmeans_hamming,12,0.6,108,0.37560609161848607,0.03974769299506575
BDBJ,kmeans_hamming,13,0.6,108,0.3653374943187226,0.02825855906668492
BDBJ,kmeans_hamming,14,0.6,108,0.3668173436395531,0.028982025029268117
BDBJ,kmeans_hamming,15,0.6,108,0.3648149652836677,0.014999251025064234
BDBJ,kmeans_hamming,16,0.6,108,0.36006813751589317,0.012936128110579356
BDBJ,kmeans_hamming,17,0.6,108,0.36263226825776745,0.021117998947654128
BDBJ,kmeans_hamming,18,0.6,108,0.3642398253298405,0.02640698739818898
BDBJ,kmeans_hamming,19,0.6,108,0.3624048472212412,0.027525146850065466
BDBJ,kmeans_hamming,20,0.6,108,0.36322042707754787,0.03127904829287846
BDBJ,kmeans_hamming,21,0.6,108,0.3595793008632577,0.021502800826326895
BDBJ,kmeans_hamming,22,0.6,108,0.3718618364848106,0.026061440098388056
BDBJ,kmeans_hamming,23,0.6,108,0.3736863606013596,0.03189474379881983
BDBJ,kmeans_hamming,24,0.6,108,0.3717953449073821,0.03150548700715197
BDBJ,kmeans_hamming,25,0.6,108,0.36947443932916557,0.027681581873741496
BDBJ,kmeans_hamming,26,0.6,108,0.3660393043970138,0.028347817318073967
BDBJ,kmeans_hamming,27,0.6,108,0.3749397320600802,0.031762344202124725
BDBJ,kmeans_hamming,28,0.6,108,0.36743885684947075,0.02483782030554422
BDBJ,kmeans_hamming,29,0.6,108,0.36153859423579165,0.023093401443916462
BDBJ,kmeans_hamming,30,0.6,108,0.3707736008794245,0.024488432904160706
BDBJ,kmeans_hamming,31,0.6,108,0.3710013969007695,0.022751207088896285
BDBJ,kmeans_hamming,32,0.6,108,0.35772827183308153,0.02184247553833591
BDBJ,kmeans_hamming,33,0.6,108,0.3686105177095817,0.02170845313802346
BDBJ,kmeans_hamming,34,0.6,108,0.368012672741618,0.024753222666272594
BDBJ,kmeans_hamming,35,0.6,108,0.3733199157597985,0.03186672109116778
BDBJ,kmeans_hamming,36,0.6,108,0.37353107562038623,0.023891439313975155
BDBJ,kmeans_hamming,37,0.6,108,0.37626069312413396,0.030093235108962023
BDBJ,kmeans_hamming,38,0.6,108,0.36249395107777327,0.027893748644309768
BDBJ,kmeans_hamming,39,0.6,108,0.36954549663223174,0.030608540151710287
BDBJ,kmeans_hamming,40,0.6,108,0.3708122783859519,0.020837696900432398
BDBJ,kmeans_hamming,41,0.6,108,0.36546771816068063,0.021997705883197126
BDBJ,kmeans_hamming,42,0.6,108,0.37296549240296206,0.027463216664507052
BDBJ,kmeans_hamming,43,0.6,108,0.36624460965759975,0.024199739824535747
BDBJ,kmeans_hamming,44,0.6,108,0.36672523567465926,0.017025758427531363
BDBJ,kmeans_hamming,45,0.6,108,0.37013024371131575,0.028664265195802337
BDBJ,kmeans_hamming,46,0.6,108,0.3700895544795607,0.02561473849137155
BDBJ,kmeans_hamming,47,0.6,108,0.37064130010059276,0.02610529758766468
BDBJ,kmeans_hamming,48,0.6,108,0.3660750057303466,0.022629221133641762
BDBJ,kmeans_hamming,49,0.6,108,0.36890707122521155,0.023254406853815374
BDBJ,kmeans_hamming,50,0.6,108,0.36831390898268085,0.02589427484315027
BDBJ,kmeans_random,5,0.6,108,0.38751867389157774,0.04605456354799424
BDBJ,kmeans_random,6,0.6,108,0.38582374192248653,0.03836470526897891
BDBJ,kmeans_random,7,0.6,108,0.3808532536673754,0.029411646725683353
BDBJ,kmeans_random,8,0.6,108,0.36193924911624753,0.020691378302403647
BDBJ,kmeans_random,9,0.6,108,0.3722327036737129,0.017961584083164204
BDBJ,kmeans_random,10,0.6,108,0.3726814978288794,0.04445475183060319
BDBJ,kmeans_random,11,0.6,108,0.3827216482734277,0.04553737991085957
BDBJ,kmeans_random,12,0.6,108,0.39033438618571065,0.04292520426489056
BDBJ,kmeans_random,13,0.6,108,0.37992848784924044,0.03994739021613642
BDBJ,kmeans_random,14,0.6,108,0.37341801764648686,0.03499298349104972
BDBJ,kmeans_random,15,0.6,108,0.37650453409697643,0.021086407685551534
BDBJ,kmeans_random,16,0.6,108,0.3686974008839776,0.01960757232101648
BDBJ,kmeans_random,17,0.6,108,0.3681177455096519,0.02431857509340199
BDBJ,kmeans_random,18,0.6,108,0.3694904746979599,0.030035090939180564
BDBJ,kmeans_random,19,0.6,108,0.3700679381006888,0.027837404249593693
BDBJ,kmeans_random,20,0.6,108,0.3691892519824248,0.025902883300530217
BDBJ,kmeans_random,21,0.6,108,0.3662307263164914,0.02479137944978589
BDBJ,kmeans_random,22,0.6,108,0.3817473897956175,0.03471800306661302
BDBJ,kmeans_random,23,0.6,108,0.3832519919466284,0.032633723463503767
BDBJ,kmeans_random,24,0.6,108,0.3778825486406154,0.026808679494167178
BDBJ,kmeans_random,25,0.6,108,0.374717678809953,0.031051090871267416
BDBJ,kmeans_random,26,0.6,108,0.37183094323161475,0.035446904835195435
BDBJ,kmeans_random,27,0.6,108,0.37788296300074947,0.03352764992033298
BDBJ,kmeans_random,28,0.6,108,0.37485320873072675,0.02494691884189068
BDBJ,kmeans_random,29,0.6,108,0.3702739716677596,0.027486013823872054
BDBJ,kmeans_random,30,0.6,108,0.3797110165599657,0.018397263662017903
BDBJ,kmeans_random,31,0.6,108,0.376972485105994,0.02742005500328098
BDBJ,kmeans_random,32,0.6,108,0.371263458945896,0.020682883899594422
BDBJ,kmeans_random,33,0.6,108,0.3739352593465109,0.024404639560779026
BDBJ,kmeans_random,34,0.6,108,0.3787744768764688,0.02994227551319538
BDBJ,kmeans_random,35,0.6,108,0.376315761572939,0.030861035223476333
BDBJ,kmeans_random,36,0.6,108,0.38287954947640696,0.0322600354069089
BDBJ,kmeans_random,37,0.6,108,0.3727843125090165,0.02795484782653186
BDBJ,kmeans_random,38,0.6,108,0.3711400261249164,0.036023316831973455
BDBJ,kmeans_random,39,0.6,108,0.38244113776638233,0.032044302672897415
BDBJ,kmeans_random,40,0.6,108,0.3851189917653584,0.027584153842118847
BDBJ,kmeans_random,41,0.6,108,0.38165279655663326,0.029756005854117622
BDBJ,kmeans_random,42,0.6,108,0.3811582738997247,0.02855958625554169
BDBJ,kmeans_random,43,0.6,108,0.37118486641885773,0.031803587909858794
BDBJ,kmeans_random,44,0.6,108,0.3719437487067582,0.024629942942144992
BDBJ,kmeans_random,45,0.6,108,0.3744975763964298,0.024142676742060068
BDBJ,kmeans_random,46,0.6,108,0.3750761279212548,0.021076767758933825
BDBJ,kmeans_random,47,0.6,108,0.36606606401448105,0.026011863347199154
BDBJ,kmeans_random,48,0.6,108,0.36598463872004816,0.02086460079022814
BDBJ,kmeans_random,49,0.6,108,0.3736853148473084,0.02654999072601437
BDBJ,kmeans_random,50,0.6,108,0.3709926974213148,0.022235718940676785
BDBJ,random,,0.6,108,0.37718740208839535,0.030469952810252946
BDBJ,diversity,,0.7,126,0.35037456675888173,0.0
BDBJ,kmeans_default,5,0.7,126,0.6071763016720545,0.19681386673986648
BDBJ,kmeans_default,6,0.7,126,0.46103070498587023,0.15107738396827702
BDBJ,kmeans_default,7,0.7,126,0.4774917259558019,0.12094601153730715
BDBJ,kmeans_default,8,0.7,126,0.5088350332151618,0.05837704361777359
BDBJ,kmeans_default,9,0.7,126,0.5357925974388722,0.10154201107834553
BDBJ,kmeans_default,10,0.7,126,0.599920037755141,0.17340503601114912
BDBJ,kmeans_default,11,0.7,126,0.5314887805658638,0.18999066107288956
BDBJ,kmeans_default,12,0.7,126,0.508403553594252,0.11338454772900149
BDBJ,kmeans_default,13,0.7,126,0.4440874122101556,0.07135602432367526
BDBJ,kmeans_default,14,0.7,126,0.40845122427947067,0.05708645225381002
BDBJ,kmeans_default,15,0.7,126,0.404259436710508,0.06516130895980451
BDBJ,kmeans_default,16,0.7,126,0.37228082396639955,0.027661855369835835
BDBJ,kmeans_default,17,0.7,126,0.3739080567195798,0.0209756045136175
BDBJ,kmeans_default,18,0.7,126,0.381845524072628,0.03272077033084243
BDBJ,kmeans_default,19,0.7,126,0.3766040823204841,0.034164263148924644
BDBJ,kmeans_default,20,0.7,126,0.38341686355312377,0.035267216573857965
BDBJ,kmeans_default,21,0.7,126,0.3735464534514875,0.03337291140711576
BDBJ,kmeans_default,22,0.7,126,0.3853137089513706,0.037667448565015325
BDBJ,kmeans_default,23,0.7,126,0.3823266652032521,0.0381344308754463
BDBJ,kmeans_default,24,0.7,126,0.37543598184362437,0.04026668812477401
BDBJ,kmeans_default,25,0.7,126,0.37693444839930323,0.03870662413186797
BDBJ,kmeans_default,26,0.7,126,0.37378934119325147,0.047722371670318904
BDBJ,kmeans_default,27,0.7,126,0.3847589576661442,0.040762607883885936
BDBJ,kmeans_default,28,0.7,126,0.37508700448893234,0.024036482918195243
BDBJ,kmeans_default,29,0.7,126,0.3694300932004374,0.03240882633880625
BDBJ,kmeans_default,30,0.7,126,0.37987183774658045,0.03158258100070574
BDBJ,kmeans_default,31,0.7,126,0.377873483984999,0.030247429594858058
BDBJ,kmeans_default,32,0.7,126,0.36939430341649687,0.024987808051302542
BDBJ,kmeans_default,33,0.7,126,0.3731894335271078,0.033940694902799544
BDBJ,kmeans_default,34,0.7,126,0.3709230210460593,0.029957947528137324
BDBJ,kmeans_default,35,0.7,126,0.37640204802151694,0.03214767604717684
BDBJ,kmeans_default,36,0.7,126,0.3759548500618218,0.02517404328403795
BDBJ,kmeans_default,37,0.7,126,0.3797615052633461,0.03021642024119556
BDBJ,kmeans_default,38,0.7,126,0.3723070590691801,0.035165104242574095
BDBJ,kmeans_default,39,0.7,126,0.37306958158366216,0.03379562704390511
BDBJ,kmeans_default,40,0.7,126,0.37763785499458874,0.032954804351812125
BDBJ,kmeans_default,41,0.7,126,0.3668232013813232,0.025784882941658174
BDBJ,kmeans_default,42,0.7,126,0.3773114364353469,0.029365606823760354
BDBJ,kmeans_default,43,0.7,126,0.3658640152594462,0.028910668287181092
BDBJ,kmeans_default,44,0.7,126,0.36821182795111057,0.021864934944279435
BDBJ,kmeans_default,45,0.7,126,0.36420552891797126,0.03749327211893562
BDBJ,kmeans_default,46,0.7,126,0.3706963973091153,0.02641183226957594
BDBJ,kmeans_default,47,0.7,126,0.3754949693364113,0.03795172537001454
BDBJ,kmeans_default,48,0.7,126,0.36371447308709665,0.028291581940186314
BDBJ,kmeans_default,49,0.7,126,0.376171857867698,0.026709495927312303
BDBJ,kmeans_default,50,0.7,126,0.3679709116048384,0.0304829003759517
BDBJ,kmeans_hamming,5,0.7,126,0.37369239428051565,0.045081797366863074
BDBJ,kmeans_hamming,6,0.7,126,0.37892765389260746,0.03486261349721517
BDBJ,kmeans_hamming,7,0.7,126,0.38622237788101166,0.024701657573264896
BDBJ,kmeans_hamming,8,0.7,126,0.36208791715530414,0.024520601706841613
BDBJ,kmeans_hamming,9,0.7,126,0.36939223739670524,0.02632976572024772
BDBJ,kmeans_hamming,10,0.7,126,0.3755547852233937,0.03923587098472043
BDBJ,kmeans_hamming,11,0.7,126,0.3839302201613305,0.040570145680131744
BDBJ,kmeans_hamming,12,0.7,126,0.3848660198512285,0.04472243234451735
BDBJ,kmeans_hamming,13,0.7,126,0.37403225269814033,0.0410347541855775
BDBJ,kmeans_hamming,14,0.7,126,0.37750648544406346,0.0391471278084996
BDBJ,kmeans_hamming,15,0.7,126,0.36969693789929753,0.016312135456041505
BDBJ,kmeans_hamming,16,0.7,126,0.3659284562166148,0.018226819292606018
BDBJ,kmeans_hamming,17,0.7,126,0.36447433617326175,0.01961065059000295
BDBJ,kmeans_hamming,18,0.7,126,0.3675651386819373,0.02624110804462149
BDBJ,kmeans_hamming,19,0.7,126,0.36208601593663003,0.028974773161687145
BDBJ,kmeans_hamming,20,0.7,126,0.36852256343965295,0.03197589551686249
BDBJ,kmeans_hamming,21,0.7,126,0.36921917651276104,0.027246126529564273
BDBJ,kmeans_hamming,22,0.7,126,0.37697653239021633,0.031827278230837225
BDBJ,kmeans_hamming,23,0.7,126,0.3790913857932311,0.041470711197100954
BDBJ,kmeans_hamming,24,0.7,126,0.37469656912741484,0.04167817507904968
BDBJ,kmeans_hamming,25,0.7,126,0.3716894408343063,0.035279363313713515
BDBJ,kmeans_hamming,26,0.7,126,0.3705659982261201,0.03541711729829123
BDBJ,kmeans_hamming,27,0.7,126,0.3805318638378592,0.03661580057997865
BDBJ,kmeans_hamming,28,0.7,126,0.3708779385363567,0.02676760729157373
BDBJ,kmeans_hamming,29,0.7,126,0.3644923825705417,0.026323194406514854
BDBJ,kmeans_hamming,30,0.7,126,0.375122254565856,0.025989961511743032
BDBJ,kmeans_hamming,31,0.7,126,0.37627616199100156,0.028459838066319347
BDBJ,kmeans_hamming,32,0.7,126,0.36254248256602445,0.02575172659595105
BDBJ,kmeans_hamming,33,0.7,126,0.3698850257696719,0.03002224201387899
BDBJ,kmeans_hamming,34,0.7,126,0.3699901619555097,0.030900430200054663
BDBJ,kmeans_hamming,35,0.7,126,0.374197692617911,0.030812260532707622
BDBJ,kmeans_hamming,36,0.7,126,0.3741166422716455,0.02588267973425559
BDBJ,kmeans_hamming,37,0.7,126,0.3798604936303779,0.03372131000828166
BDBJ,kmeans_hamming,38,0.7,126,0.36922542694785615,0.03497811486995944
BDBJ,kmeans_hamming,39,0.7,126,0.3746709648762944,0.03670136792247648
BDBJ,kmeans_hamming,40,0.7,126,0.38074889926037325,0.027358533386981146
BDBJ,kmeans_hamming,41,0.7,126,0.3667538165505937,0.025335646834462763
BDBJ,kmeans_hamming,42,0.7,126,0.37952129910838994,0.02991415718903669
BDBJ,kmeans_hamming,43,0.7,126,0.36885875357889264,0.02936542367540599
BDBJ,kmeans_hamming,44,0.7,126,0.3692081520630623,0.019789637465146295
BDBJ,kmeans_hamming,45,0.7,126,0.3720748535030316,0.03933010800147221
BDBJ,kmeans_hamming,46,0.7,126,0.37926118304833367,0.027914506068885257
BDBJ,kmeans_hamming,47,0.7,126,0.37732561655004127,0.036977978698440196
BDBJ,kmeans_hamming,48,0.7,126,0.36927624605276327,0.02547265152790731
BDBJ,kmeans_hamming,49,0.7,126,0.3777689361909579,0.025106055871619244
BDBJ,kmeans_hamming,50,0.7,126,0.3722767512285223,0.02929733014024478
BDBJ,kmeans_random,5,0.7,126,0.39462868117898764,0.04117044193354018
BDBJ,kmeans_random,6,0.7,126,0.3926594095283105,0.039134665162626946
BDBJ,kmeans_random,7,0.7,126,0.38517761177643156,0.02706731482713363
BDBJ,kmeans_random,8,0.7,126,0.36802881029048645,0.0179197105710377
BDBJ,kmeans_random,9,0.7,126,0.3774318949749252,0.01990145394688433
BDBJ,kmeans_random,10,0.7,126,0.3780003454617493,0.04384167858657194
BDBJ,kmeans_random,11,0.7,126,0.38990580307932093,0.04771180906192435
BDBJ,kmeans_random,12,0.7,126,0.39619489306091027,0.052570199844481434
BDBJ,kmeans_random,13,0.7,126,0.38467920210255246,0.047220328821062724
BDBJ,kmeans_random,14,0.7,126,0.3753273128682149,0.03546534567324396
BDBJ,kmeans_random,15,0.7,126,0.37539779329200934,0.0206070409488865
BDBJ,kmeans_random,16,0.7,126,0.3698057604474994,0.01566693620114005
BDBJ,kmeans_random,17,0.7,126,0.37090886535089224,0.025451953429125145
BDBJ,kmeans_random,18,0.7,126,0.36575212312491007,0.02800560010865106
BDBJ,kmeans_random,19,0.7,126,0.36962143019948646,0.0344062329175429
BDBJ,kmeans_random,20,0.7,126,0.37835511267570915,0.026322200150171702
BDBJ,kmeans_random,21,0.7,126,0.37098729927687757,0.024166907731726053
BDBJ,kmeans_random,22,0.7,126,0.3887443925388087,0.03474201069830424
BDBJ,kmeans_random,23,0.7,126,0.3891799683945071,0.043077069328655467
BDBJ,kmeans_random,24,0.7,126,0.38189041259367174,0.030675325413187148
BDBJ,kmeans_random,25,0.7,126,0.3809251853275585,0.03718445741963573
BDBJ,kmeans_random,26,0.7,126,0.3756946214020286,0.04375893297315989
BDBJ,kmeans_random,27,0.7,126,0.38358219299692187,0.03672444123900636
BDBJ,kmeans_random,28,0.7,126,0.3765804851548893,0.027019034768800267
BDBJ,kmeans_random,29,0.7,126,0.37330517607485664,0.03369512722685134
BDBJ,kmeans_random,30,0.7,126,0.38451439076896576,0.02448846055415483
BDBJ,kmeans_random,31,0.7,126,0.38125687793224317,0.02845693536053393
BDBJ,kmeans_random,32,0.7,126,0.3772886926575242,0.028852278931382768
BDBJ,kmeans_random,33,0.7,126,0.3782346602727088,0.02846456919463513
BDBJ,kmeans_random,34,0.7,126,0.3843469326466692,0.029472473564597233
BDBJ,kmeans_random,35,0.7,126,0.37952109652363536,0.034213434862291996
BDBJ,kmeans_random,36,0.7,126,0.38144233465509386,0.033331476790810555
BDBJ,kmeans_random,37,0.7,126,0.37844026068558745,0.02640471797087984
BDBJ,kmeans_random,38,0.7,126,0.3739571999679493,0.036777795687820664
BDBJ,kmeans_random,39,0.7,126,0.3907403246979434,0.035872084128530025
BDBJ,kmeans_random,40,0.7,126,0.3912552876214225,0.033924160311419885
BDBJ,kmeans_random,41,0.7,126,0.3856076528873019,0.0354538438669744
BDBJ,kmeans_random,42,0.7,126,0.3846529609187655,0.029506178392696744
BDBJ,kmeans_random,43,0.7,126,0.37904621595690496,0.03426883703199846
BDBJ,kmeans_random,44,0.7,126,0.37993302311331806,0.027646996071703685
BDBJ,kmeans_random,45,0.7,126,0.3759964684498202,0.02757412684451089
BDBJ,kmeans_random,46,0.7,126,0.37826691374917887,0.025694784855651086
BDBJ,kmeans_random,47,0.7,126,0.37139861698640964,0.02937208441084905
BDBJ,kmeans_random,48,0.7,126,0.37005805123296026,0.023682073278178586
BDBJ,kmeans_random,49,0.7,126,0.3798640006364833,0.03058997287459791
BDBJ,kmeans_random,50,0.7,126,0.37476907635411727,0.0275681343444809
BDBJ,random,,0.7,126,0.379434781277543,0.027794503657174317
BDBJ,diversity,,0.8,144,0.39864511849903717,0.0
BDBJ,kmeans_default,5,0.8,144,0.6913780608110146,0.19078718123441588
BDBJ,kmeans_default,6,0.8,144,0.45533243090375014,0.1368918859311414
BDBJ,kmeans_default,7,0.8,144,0.4604585944435659,0.16178614928145021
BDBJ,kmeans_default,8,0.8,144,0.5009763585061953,0.05297976663161193
BDBJ,kmeans_default,9,0.8,144,0.5315076860388074,0.0871228337988187
BDBJ,kmeans_default,10,0.8,144,0.5681661110693087,0.13137852919879112
BDBJ,kmeans_default,11,0.8,144,0.5433609515702231,0.1764273178595919
BDBJ,kmeans_default,12,0.8,144,0.577374082585814,0.15026744449962032
BDBJ,kmeans_default,13,0.8,144,0.48514044361879755,0.11500092836899281
BDBJ,kmeans_default,14,0.8,144,0.4293747978828302,0.07356195472984083
BDBJ,kmeans_default,15,0.8,144,0.41003332147212873,0.10373317293891035
BDBJ,kmeans_default,16,0.8,144,0.3630762013454447,0.02635770876625816
BDBJ,kmeans_default,17,0.8,144,0.37398322981721427,0.02700623664917636
BDBJ,kmeans_default,18,0.8,144,0.38068453302180244,0.039175615674083474
BDBJ,kmeans_default,19,0.8,144,0.37717254892003205,0.03521028113393943
BDBJ,kmeans_default,20,0.8,144,0.3844851881793545,0.037323300806704617
BDBJ,kmeans_default,21,0.8,144,0.37728908016099566,0.0354603494468664
BDBJ,kmeans_default,22,0.8,144,0.3918036236776621,0.041231949620839876
BDBJ,kmeans_default,23,0.8,144,0.39108649390032874,0.04342912946167821
BDBJ,kmeans_default,24,0.8,144,0.38875079841650934,0.04870240305876653
BDBJ,kmeans_default,25,0.8,144,0.3884956528629324,0.047227565002192974
BDBJ,kmeans_default,26,0.8,144,0.38745598488871114,0.059002513807451876
BDBJ,kmeans_default,27,0.8,144,0.40023360319093143,0.04936122689348756
BDBJ,kmeans_default,28,0.8,144,0.38994794950813905,0.03733558303617272
BDBJ,kmeans_default,29,0.8,144,0.3736597403354739,0.038631493659355434
BDBJ,kmeans_default,30,0.8,144,0.3912366437753201,0.03485197764027791
BDBJ,kmeans_default,31,0.8,144,0.38647644482979104,0.0351044636738699
BDBJ,kmeans_default,32,0.8,144,0.3718729624379414,0.04188258855634314
BDBJ,kmeans_default,33,0.8,144,0.37883814654958275,0.041217312303500925
BDBJ,kmeans_default,34,0.8,144,0.37130241454665786,0.0372680063381071
BDBJ,kmeans_default,35,0.8,144,0.38123721595287413,0.033355472232170384
BDBJ,kmeans_default,36,0.8,144,0.37321035294280447,0.027228366249055527
BDBJ,kmeans_default,37,0.8,144,0.38139760114043497,0.03418815124493675
BDBJ,kmeans_default,38,0.8,144,0.3760763612073361,0.04087226744405247
BDBJ,kmeans_default,39,0.8,144,0.377912996428468,0.044982621587998324
BDBJ,kmeans_default,40,0.8,144,0.384053655626672,0.0385579119519426
BDBJ,kmeans_default,41,0.8,144,0.3699300608352677,0.0343336408549597
BDBJ,kmeans_default,42,0.8,144,0.37919878922412664,0.033283333332292955
BDBJ,kmeans_default,43,0.8,144,0.37106895992636,0.037929688626361556
BDBJ,kmeans_default,44,0.8,144,0.36914098301808435,0.031318309589278163
BDBJ,kmeans_default,45,0.8,144,0.3744126484167511,0.041455238782620335
BDBJ,kmeans_default,46,0.8,144,0.37788367217181057,0.03172315890257892
BDBJ,kmeans_default,47,0.8,144,0.37825357278986577,0.04025583403282535
BDBJ,kmeans_default,48,0.8,144,0.3680982423666988,0.03482735280137676
BDBJ,kmeans_default,49,0.8,144,0.38052873256572595,0.03586417902580541
BDBJ,kmeans_default,50,0.8,144,0.3678512123529624,0.038489656346676816
BDBJ,kmeans_hamming,5,0.8,144,0.37316122307289257,0.03928732537841619
BDBJ,kmeans_hamming,6,0.8,144,0.3848408202188999,0.030936667247609607
BDBJ,kmeans_hamming,7,0.8,144,0.3931319045910898,0.028589881761144614
BDBJ,kmeans_hamming,8,0.8,144,0.37021653188649084,0.02343746662237617
BDBJ,kmeans_hamming,9,0.8,144,0.37471618065008383,0.03307108276602328
BDBJ,kmeans_hamming,10,0.8,144,0.3801771520848815,0.041308538198060143
BDBJ,kmeans_hamming,11,0.8,144,0.3892803669215756,0.0422114538764717
BDBJ,kmeans_hamming,12,0.8,144,0.3986787961613768,0.06041477702462045
BDBJ,kmeans_hamming,13,0.8,144,0.39020431581573156,0.06113864843740824
BDBJ,kmeans_hamming,14,0.8,144,0.3889435784361428,0.05119006250157336
BDBJ,kmeans_hamming,15,0.8,144,0.37328145785841127,0.027326002269688076
BDBJ,kmeans_hamming,16,0.8,144,0.3683405303474846,0.022475284798098846
BDBJ,kmeans_hamming,17,0.8,144,0.3718044207618549,0.02137802011250386
BDBJ,kmeans_hamming,18,0.8,144,0.3697554072805468,0.029286233844078673
BDBJ,kmeans_hamming,19,0.8,144,0.3687349439504599,0.03207682613157016
BDBJ,kmeans_hamming,20,0.8,144,0.36771821287078027,0.034098138691398654
BDBJ,kmeans_hamming,21,0.8,144,0.3710089441848785,0.027668116822958215
BDBJ,kmeans_hamming,22,0.8,144,0.3839049295506762,0.04000647694622151
BDBJ,kmeans_hamming,23,0.8,144,0.38366497045930564,0.04587899967637902
BDBJ,kmeans_hamming,24,0.8,144,0.3839284471654247,0.05134314851846665
BDBJ,kmeans_hamming,25,0.8,144,0.3761480860013714,0.04177022978489584
BDBJ,kmeans_hamming,26,0.8,144,0.38309437205722063,0.05260614873572113
BDBJ,kmeans_hamming,27,0.8,144,0.3941558145653566,0.04438445846167566
BDBJ,kmeans_hamming,28,0.8,144,0.38772620446335004,0.04138270780992628
BDBJ,kmeans_hamming,29,0.8,144,0.36941692134445164,0.03491119212705159
BDBJ,kmeans_hamming,30,0.8,144,0.38631222067841503,0.030060299760219737
BDBJ,kmeans_hamming,31,0.8,144,0.3873977249850747,0.03514978350055685
BDBJ,kmeans_hamming,32,0.8,144,0.3687616174340339,0.04154136962777557
BDBJ,kmeans_hamming,33,0.8,144,0.3737053905592733,0.03722507214560582
BDBJ,kmeans_hamming,34,0.8,144,0.37223553623777494,0.034306430545161526
BDBJ,kmeans_hamming,35,0.8,144,0.3796220578069895,0.03292158996251573
BDBJ,kmeans_hamming,36,0.8,144,0.3760607424834986,0.03327027623617273
BDBJ,kmeans_hamming,37,0.8,144,0.38178163075444155,0.03424478375352892
BDBJ,kmeans_hamming,38,0.8,144,0.3752977530396237,0.0421776534862211
BDBJ,kmeans_hamming,39,0.8,144,0.3767950651789385,0.04500493267830472
BDBJ,kmeans_hamming,40,0.8,144,0.3856406624098622,0.03835143393037897
BDBJ,kmeans_hamming,41,0.8,144,0.36842341104609194,0.03144208497088065
BDBJ,kmeans_hamming,42,0.8,144,0.3797998342832355,0.034850471800766544
BDBJ,kmeans_hamming,43,0.8,144,0.3725256494077018,0.036700203589820034
BDBJ,kmeans_hamming,44,0.8,144,0.3686245275032041,0.03200437058562566
BDBJ,kmeans_hamming,45,0.8,144,0.3798190832486068,0.04366557605285543
BDBJ,kmeans_hamming,46,0.8,144,0.3821411596764533,0.035110445626057446
BDBJ,kmeans_hamming,47,0.8,144,0.38004650492769615,0.03926989511782417
BDBJ,kmeans_hamming,48,0.8,144,0.36949764435347876,0.035836485205474215
BDBJ,kmeans_hamming,49,0.8,144,0.38059295526684356,0.03233002558436332
BDBJ,kmeans_hamming,50,0.8,144,0.3682376379513471,0.03872126891502242
BDBJ,kmeans_random,5,0.8,144,0.3912595763331792,0.03454090048694704
BDBJ,kmeans_random,6,0.8,144,0.39172956448209484,0.04265386256422125
BDBJ,kmeans_random,7,0.8,144,0.3941790180295563,0.03852654080687701
BDBJ,kmeans_random,8,0.8,144,0.37372728554821155,0.025649875419461326
BDBJ,kmeans_random,9,0.8,144,0.3831087740443089,0.028051182225956622
BDBJ,kmeans_random,10,0.8,144,0.387606420109077,0.03941962067351707
BDBJ,kmeans_random,11,0.8,144,0.3908559099389424,0.04813153291213653
BDBJ,kmeans_random,12,0.8,144,0.4044759218416216,0.06303995804335172
BDBJ,kmeans_random,13,0.8,144,0.40164591952693257,0.0674285155006284
BDBJ,kmeans_random,14,0.8,144,0.38624774047822424,0.05453118390590557
BDBJ,kmeans_random,15,0.8,144,0.3811354594466326,0.03280850467784674
BDBJ,kmeans_random,16,0.8,144,0.3747781764932581,0.018949039835093922
BDBJ,kmeans_random,17,0.8,144,0.37186063936072183,0.024991664263975005
BDBJ,kmeans_random,18,0.8,144,0.36692698054717543,0.027047233972301556
BDBJ,kmeans_random,19,0.8,144,0.3656467969905278,0.03502403629057211
BDBJ,kmeans_random,20,0.8,144,0.37767325561399523,0.031960044525301566
BDBJ,kmeans_random,21,0.8,144,0.3718192927954584,0.029803632210639978
BDBJ,kmeans_random,22,0.8,144,0.39793532090529266,0.04637003610561012
BDBJ,kmeans_random,23,0.8,144,0.39132080960268173,0.046952398491603146
BDBJ,kmeans_random,24,0.8,144,0.3851307014049425,0.04100946740311187
BDBJ,kmeans_random,25,0.8,144,0.39373921630440223,0.05219185786290409
BDBJ,kmeans_random,26,0.8,144,0.3798488854009868,0.04849990958108294
BDBJ,kmeans_random,27,0.8,144,0.3987208970111802,0.05226525630587275
BDBJ,kmeans_random,28,0.8,144,0.39147968939446104,0.04217139117254517
BDBJ,kmeans_random,29,0.8,144,0.378767741440103,0.042990897200813366
BDBJ,kmeans_random,30,0.8,144,0.39554150755298356,0.03092724641324876
BDBJ,kmeans_random,31,0.8,144,0.39209675517507336,0.04188663712315642
BDBJ,kmeans_random,32,0.8,144,0.37924931808602197,0.033877717184125265
BDBJ,kmeans_random,33,0.8,144,0.3791559310718779,0.03445621167307907
BDBJ,kmeans_random,34,0.8,144,0.3801270997129704,0.03395061125609998
BDBJ,kmeans_random,35,0.8,144,0.3852866704383501,0.04054576134247032
BDBJ,kmeans_random,36,0.8,144,0.3799690144002771,0.033882909041568675
BDBJ,kmeans_random,37,0.8,144,0.381615327089734,0.03162602162755968
BDBJ,kmeans_random,38,0.8,144,0.38160404705035195,0.04788269715367872
BDBJ,kmeans_random,39,0.8,144,0.4013846079514505,0.045233512320429575
BDBJ,kmeans_random,40,0.8,144,0.3928180062054617,0.038144394628626815
BDBJ,kmeans_random,41,0.8,144,0.3844764507297857,0.04299789981482987
BDBJ,kmeans_random,42,0.8,144,0.3889011217591992,0.041540538372698194
BDBJ,kmeans_random,43,0.8,144,0.3845613139353993,0.03870003817101723
BDBJ,kmeans_random,44,0.8,144,0.3892596647258445,0.03265543709968339
BDBJ,kmeans_random,45,0.8,144,0.38065825920010715,0.028257308113210585
BDBJ,kmeans_random,46,0.8,144,0.38213033964880727,0.033353375457370806
BDBJ,kmeans_random,47,0.8,144,0.3777510280293217,0.044434669577636116
BDBJ,kmeans_random,48,0.8,144,0.3784263001270857,0.0350667221004372
BDBJ,kmeans_random,49,0.8,144,0.38520270957279007,0.032745070070662616
BDBJ,kmeans_random,50,0.8,144,0.3775932304212493,0.03464781830523935
BDBJ,random,,0.8,144,0.383777992979754,0.03456214054338365
BDBJ,diversity,,0.9,162,0.7503012557094713,0.0
BDBJ,kmeans_default,5,0.9,162,0.5922235144420139,0.12033366186896398
BDBJ,kmeans_default,6,0.9,162,0.5622881251643428,0.11568767262886916
BDBJ,kmeans_default,7,0.9,162,0.48464123289146216,0.15849872855379682
BDBJ,kmeans_default,8,0.9,162,0.46643920751118007,0.04480445805230347
BDBJ,kmeans_default,9,0.9,162,0.4968363092542789,0.07296548278701197
BDBJ,kmeans_default,10,0.9,162,0.5381734275973674,0.11595655067931686
BDBJ,kmeans_default,11,0.9,162,0.524235409419396,0.14383611258651385
BDBJ,kmeans_default,12,0.9,162,0.5522429683740496,0.10727907566484483
BDBJ,kmeans_default,13,0.9,162,0.5334405733596073,0.14589257519528856
BDBJ,kmeans_default,14,0.9,162,0.4813657995389818,0.13887613787826064
BDBJ,kmeans_default,15,0.9,162,0.4268132545924445,0.15065998051363363
BDBJ,kmeans_default,16,0.9,162,0.3679248971964994,0.030655568057485087
BDBJ,kmeans_default,17,0.9,162,0.3660748847552909,0.032499436831800656
BDBJ,kmeans_default,18,0.9,162,0.3766362162962988,0.037756240802852226
BDBJ,kmeans_default,19,0.9,162,0.37260971974979806,0.04625029968426957
BDBJ,kmeans_default,20,0.9,162,0.37751843741446706,0.0516276765748899
BDBJ,kmeans_default,21,0.9,162,0.3812815158321313,0.03657842358947266
BDBJ,kmeans_default,22,0.9,162,0.3910610100981442,0.05491122753593536
BDBJ,kmeans_default,23,0.9,162,0.38897073512039815,0.04804979045303525
BDBJ,kmeans_default,24,0.9,162,0.3928093293504438,0.05269107017650088
BDBJ,kmeans_default,25,0.9,162,0.3924435337497124,0.06860621367585269
BDBJ,kmeans_default,26,0.9,162,0.3823709632056359,0.06559309080957298
BDBJ,kmeans_default,27,0.9,162,0.40910819424030637,0.07351017660734072
BDBJ,kmeans_default,28,0.9,162,0.40572793689762376,0.05893127520888565
BDBJ,kmeans_default,29,0.9,162,0.37343010594659354,0.05295159169183749
BDBJ,kmeans_default,30,0.9,162,0.4079212023084101,0.06000991803808446
BDBJ,kmeans_default,31,0.9,162,0.39073859419040413,0.045753882618546265
BDBJ,kmeans_default,32,0.9,162,0.3837079539728358,0.07522312234418643
BDBJ,kmeans_default,33,0.9,162,0.3955990105966298,0.05128977394304106
BDBJ,kmeans_default,34,0.9,162,0.3738825346734336,0.040199049218781105
BDBJ,kmeans_default,35,0.9,162,0.3875384288531414,0.05223774261002621
BDBJ,kmeans_default,36,0.9,162,0.37378182536370247,0.03537566012034051
BDBJ,kmeans_default,37,0.9,162,0.39746488686976966,0.03635088733712797
BDBJ,kmeans_default,38,0.9,162,0.3766317380459501,0.05189593541794897
BDBJ,kmeans_default,39,0.9,162,0.3770058885690811,0.04897019694442653
BDBJ,kmeans_default,40,0.9,162,0.37792682979133413,0.04974791373650326
BDBJ,kmeans_default,41,0.9,162,0.37601504540101754,0.049390262154502276
BDBJ,kmeans_default,42,0.9,162,0.3905440995233106,0.044460412538145366
BDBJ,kmeans_default,43,0.9,162,0.37653546276844413,0.046823080344814506
BDBJ,kmeans_default,44,0.9,162,0.38073353247652086,0.03848909177268158
BDBJ,kmeans_default,45,0.9,162,0.3803221738363792,0.04745212904966645
BDBJ,kmeans_default,46,0.9,162,0.3841854886412221,0.05767883415438806
BDBJ,kmeans_default,47,0.9,162,0.3824913212035517,0.052082091539531084
BDBJ,kmeans_default,48,0.9,162,0.3678490943153861,0.0400414745315621
BDBJ,kmeans_default,49,0.9,162,0.38560132481906806,0.040921200906739785
BDBJ,kmeans_default,50,0.9,162,0.3759139436205363,0.05005090213358178
BDBJ,kmeans_hamming,5,0.9,162,0.3715905341475614,0.04173021158954764
BDBJ,kmeans_hamming,6,0.9,162,0.38043173728499996,0.03203626394962149
BDBJ,kmeans_hamming,7,0.9,162,0.39998671142491343,0.048807015506081866
BDBJ,kmeans_hamming,8,0.9,162,0.37469996110605547,0.03203778482510862
BDBJ,kmeans_hamming,9,0.9,162,0.3786520360713023,0.040890066393631484
BDBJ,kmeans_hamming,10,0.9,162,0.3860753179408619,0.04689102569125989
BDBJ,kmeans_hamming,11,0.9,162,0.38991815382667816,0.037049401022750124
BDBJ,kmeans_hamming,12,0.9,162,0.3894876103117227,0.05900675572380567
BDBJ,kmeans_hamming,13,0.9,162,0.40864394633531875,0.08404506093595758
BDBJ,kmeans_hamming,14,0.9,162,0.41655189757370886,0.10097926626758644
BDBJ,kmeans_hamming,15,0.9,162,0.3833442485360783,0.03979291231136011
BDBJ,kmeans_hamming,16,0.9,162,0.3741653428687582,0.024444948945396547
BDBJ,kmeans_hamming,17,0.9,162,0.3731154296450401,0.024985210044301126
BDBJ,kmeans_hamming,18,0.9,162,0.3704376641203645,0.032417421023977995
BDBJ,kmeans_hamming,19,0.9,162,0.3638338410061733,0.04102507001287281
BDBJ,kmeans_hamming,20,0.9,162,0.3686269562621926,0.04933618523679752
BDBJ,kmeans_hamming,21,0.9,162,0.3744490078347704,0.038367653392250005
BDBJ,kmeans_hamming,22,0.9,162,0.38295085399510537,0.0529811528898486
BDBJ,kmeans_hamming,23,0.9,162,0.3814713350748575,0.053793944125048315
BDBJ,kmeans_hamming,24,0.9,162,0.3817693419912532,0.05042634704270184
BDBJ,kmeans_hamming,25,0.9,162,0.37713781948041514,0.056216171704338805
BDBJ,kmeans_hamming,26,0.9,162,0.37439011741529465,0.057168355852767895
BDBJ,kmeans_hamming,27,0.9,162,0.40143999819643794,0.07103479901307898
BDBJ,kmeans_hamming,28,0.9,162,0.4020056114254402,0.061875536775263675
BDBJ,kmeans_hamming,29,0.9,162,0.36943492057875355,0.050394448790963914
BDBJ,kmeans_hamming,30,0.9,162,0.40124183718741535,0.059809342571917966
BDBJ,kmeans_hamming,31,0.9,162,0.38911113234033967,0.04392014752836526
BDBJ,kmeans_hamming,32,0.9,162,0.3799789198699332,0.07182150327102349
BDBJ,kmeans_hamming,33,0.9,162,0.3889454205102849,0.04997965051669254
BDBJ,kmeans_hamming,34,0.9,162,0.3806169848030116,0.04199711158714998
BDBJ,kmeans_hamming,35,0.9,162,0.3828998867092815,0.0487136853321294
BDBJ,kmeans_hamming,36,0.9,162,0.37745885354544456,0.0429838265793206
BDBJ,kmeans_hamming,37,0.9,162,0.3987858941015997,0.04082370514094529
BDBJ,kmeans_hamming,38,0.9,162,0.3799547444610071,0.05193866105475713
BDBJ,kmeans_hamming,39,0.9,162,0.37961459800301284,0.05194822804673363
BDBJ,kmeans_hamming,40,0.9,162,0.3798131000187591,0.047343742871570844
BDBJ,kmeans_hamming,41,0.9,162,0.37464860999449623,0.04967122553746121
BDBJ,kmeans_hamming,42,0.9,162,0.38881540215111315,0.04185675896518882
BDBJ,kmeans_hamming,43,0.9,162,0.37932982234935747,0.048409053029169646
BDBJ,kmeans_hamming,44,0.9,162,0.3812926778089606,0.04318726249193137
BDBJ,kmeans_hamming,45,0.9,162,0.3838999842985879,0.047803409619018675
BDBJ,kmeans_hamming,46,0.9,162,0.38426866230990714,0.05763795873971182
BDBJ,kmeans_hamming,47,0.9,162,0.384310878215991,0.05267551629983326
BDBJ,kmeans_hamming,48,0.9,162,0.3686677622859071,0.04383790629675126
BDBJ,kmeans_hamming,49,0.9,162,0.3877200089184628,0.04181677337832166
BDBJ,kmeans_hamming,50,0.9,162,0.37793555267698425,0.049633155321422553
BDBJ,kmeans_random,5,0.9,162,0.39318225779282273,0.04445623035600944
BDBJ,kmeans_random,6,0.9,162,0.379773273762583,0.03278422502084275
BDBJ,kmeans_random,7,0.9,162,0.4032239099979613,0.06383186489822293
BDBJ,kmeans_random,8,0.9,162,0.36997109138404605,0.036065370399303555
BDBJ,kmeans_random,9,0.9,162,0.3887895460543251,0.03300666465606184
BDBJ,kmeans_random,10,0.9,162,0.38814395054549683,0.045120435436047795
BDBJ,kmeans_random,11,0.9,162,0.39558274703005464,0.05335065571108212
BDBJ,kmeans_random,12,0.9,162,0.3997285792951099,0.06792779519563294
BDBJ,kmeans_random,13,0.9,162,0.4177359847125979,0.08639879511092154
BDBJ,kmeans_random,14,0.9,162,0.40424773684042986,0.0950519963432257
BDBJ,kmeans_random,15,0.9,162,0.3818377289978435,0.05283543312501038
BDBJ,kmeans_random,16,0.9,162,0.3820814163209268,0.029007458067529204
BDBJ,kmeans_random,17,0.9,162,0.3721655999881616,0.031552363808590514
BDBJ,kmeans_random,18,0.9,162,0.37214722883235735,0.042072143393422926
BDBJ,kmeans_random,19,0.9,162,0.36536515691493887,0.039472445889187274
BDBJ,kmeans_random,20,0.9,162,0.38391091009341444,0.04654051665103543
BDBJ,kmeans_random,21,0.9,162,0.3735459067557731,0.04065783170391662
BDBJ,kmeans_random,22,0.9,162,0.3959071753884817,0.053907289296075356
BDBJ,kmeans_random,23,0.9,162,0.3862507760230502,0.054161631340432975
BDBJ,kmeans_random,24,0.9,162,0.383728806930158,0.04836163092760485
BDBJ,kmeans_random,25,0.9,162,0.39318005510629267,0.06507093613377693
BDBJ,kmeans_random,26,0.9,162,0.38844363473260174,0.06879940707175591
BDBJ,kmeans_random,27,0.9,162,0.4059042923298458,0.06365528712763678
BDBJ,kmeans_random,28,0.9,162,0.3967675523257872,0.06154373270887997
BDBJ,kmeans_random,29,0.9,162,0.386097355869001,0.0581558181099474
BDBJ,kmeans_random,30,0.9,162,0.3993570824757107,0.04174300865230567
BDBJ,kmeans_random,31,0.9,162,0.3994363631335219,0.06172903167617337
BDBJ,kmeans_random,32,0.9,162,0.37807180933004486,0.058466952386641666
BDBJ,kmeans_random,33,0.9,162,0.3855728783512676,0.054550816786072626
BDBJ,kmeans_random,34,0.9,162,0.37371992817506144,0.04340917053224379
BDBJ,kmeans_random,35,0.9,162,0.38299025183039787,0.05750931198615259
BDBJ,kmeans_random,36,0.9,162,0.38005033775778774,0.05999350089031588
BDBJ,kmeans_random,37,0.9,162,0.3888056393250027,0.04167338537649908
BDBJ,kmeans_random,38,0.9,162,0.3875717141235698,0.059834419857484424
BDBJ,kmeans_random,39,0.9,162,0.39682978833695903,0.049657244114126205
BDBJ,kmeans_random,40,0.9,162,0.38949366985707523,0.060525676732591835
BDBJ,kmeans_random,41,0.9,162,0.38834107274715757,0.0496210255252636
BDBJ,kmeans_random,42,0.9,162,0.38598968531709577,0.05379825236883393
BDBJ,kmeans_random,43,0.9,162,0.39185229516769976,0.042448781127270234
BDBJ,kmeans_random,44,0.9,162,0.3864768182749316,0.04090879423362103
BDBJ,kmeans_random,45,0.9,162,0.3784918781925516,0.047271542121463866
BDBJ,kmeans_random,46,0.9,162,0.3887451333437628,0.04529116176404269
BDBJ,kmeans_random,47,0.9,162,0.3850121415977689,0.0647517927618033
BDBJ,kmeans_random,48,0.9,162,0.3752755718608956,0.0427306222544022
BDBJ,kmeans_random,49,0.9,162,0.39000691688838,0.051308206595175855
BDBJ,kmeans_random,50,0.9,162,0.3841389129527848,0.04961235968112472
BDBJ,random,,0.9,162,0.3882792832863697,0.03790799852795558
BDBJ,diversity,,1.0,179,0.6129318042180053,0.0
BDBJ,kmeans_default,5,1.0,179,0.5012261475217537,0.11285024830928354
BDBJ,kmeans_default,6,1.0,179,0.44156157190180223,0.11314115860227188
BDBJ,kmeans_default,7,1.0,179,0.4680037734745333,0.11778617893351485
BDBJ,kmeans_default,8,1.0,179,0.43067052964270114,0.1389701034628669
BDBJ,kmeans_default,9,1.0,179,0.45097355256103655,0.13487316252151837
BDBJ,kmeans_default,10,1.0,179,0.4627551131039379,0.15951010775894195
BDBJ,kmeans_default,11,1.0,179,0.4533169779865965,0.1391031596193886
BDBJ,kmeans_default,12,1.0,179,0.43798642320841324,0.151442808701219
BDBJ,kmeans_default,13,1.0,179,0.42119585413532595,0.1481390261445402
BDBJ,kmeans_default,14,1.0,179,0.41769633700370945,0.1403628764959579
BDBJ,kmeans_default,15,1.0,179,0.4395953592101035,0.15497706213457127
BDBJ,kmeans_default,16,1.0,179,0.39618964550727565,0.13432221762226731
BDBJ,kmeans_default,17,1.0,179,0.3379465388715607,0.08179124456460006
BDBJ,kmeans_default,18,1.0,179,0.3451124912652261,0.11739205257983892
BDBJ,kmeans_default,19,1.0,179,0.36898616333597883,0.1091383706385759
BDBJ,kmeans_default,20,1.0,179,0.34357053281196365,0.10470595823745346
BDBJ,kmeans_default,21,1.0,179,0.3731495401952956,0.13020894635606542
BDBJ,kmeans_default,22,1.0,179,0.3742422621524096,0.12156791657670514
BDBJ,kmeans_default,23,1.0,179,0.34011902562128893,0.10596410258360243
BDBJ,kmeans_default,24,1.0,179,0.39316436941182675,0.13099076654972708
BDBJ,kmeans_default,25,1.0,179,0.36708358607700836,0.11056496949834795
BDBJ,kmeans_default,26,1.0,179,0.32006456946961903,0.06238840375594526
BDBJ,kmeans_default,27,1.0,179,0.3681981939439022,0.1347869185778533
BDBJ,kmeans_default,28,1.0,179,0.36338855503980466,0.11280288325172172
BDBJ,kmeans_default,29,1.0,179,0.3268989429344866,0.10279427242189206
BDBJ,kmeans_default,30,1.0,179,0.4063924211111281,0.12168925846201863
BDBJ,kmeans_default,31,1.0,179,0.3728329601174774,0.14507729013554893
BDBJ,kmeans_default,32,1.0,179,0.3773027870269703,0.13273626347125256
BDBJ,kmeans_default,33,1.0,179,0.3836426698582681,0.1326584706835053
BDBJ,kmeans_default,34,1.0,179,0.35994051456381765,0.1239102257722097
BDBJ,kmeans_default,35,1.0,179,0.3838830943752197,0.12975987165089586
BDBJ,kmeans_default,36,1.0,179,0.340022055809929,0.13839695349694361
BDBJ,kmeans_default,37,1.0,179,0.3603625045297079,0.11666708528066938
BDBJ,kmeans_default,38,1.0,179,0.36232461813393024,0.12200922087697663
BDBJ,kmeans_default,39,1.0,179,0.34119631602889805,0.11187330045758781
BDBJ,kmeans_default,40,1.0,179,0.3743646382526971,0.1309886889370829
BDBJ,kmeans_default,41,1.0,179,0.35412521934941765,0.12624651744474003
BDBJ,kmeans_default,42,1.0,179,0.3294221872677178,0.10474383950716454
BDBJ,kmeans_default,43,1.0,179,0.37726996620305864,0.1580354842148023
BDBJ,kmeans_default,44,1.0,179,0.3634255597826475,0.1324890910119702
BDBJ,kmeans_default,45,1.0,179,0.37207175960211764,0.15898637998890025
BDBJ,kmeans_default,46,1.0,179,0.38465327782172326,0.1273331999233452
BDBJ,kmeans_default,47,1.0,179,0.3770127684629957,0.1253181387141844
BDBJ,kmeans_default,48,1.0,179,0.38304549366919305,0.1425666254499684
BDBJ,kmeans_default,49,1.0,179,0.3497405729291765,0.1321053913423744
BDBJ,kmeans_default,50,1.0,179,0.36161471993737104,0.12935933745344605
BDBJ,kmeans_hamming,5,1.0,179,0.38203188440759633,0.1549078874280618
BDBJ,kmeans_hamming,6,1.0,179,0.374374580099129,0.12862268839640137
BDBJ,kmeans_hamming,7,1.0,179,0.3825269293411291,0.1311951527982984
BDBJ,kmeans_hamming,8,1.0,179,0.36192993713988003,0.13706944573800053
BDBJ,kmeans_hamming,9,1.0,179,0.3814639822545079,0.14934827255321786
BDBJ,kmeans_hamming,10,1.0,179,0.4217665893214216,0.16820091515749455
BDBJ,kmeans_hamming,11,1.0,179,0.38690555614057354,0.13661128091413602
BDBJ,kmeans_hamming,12,1.0,179,0.3848255821691103,0.1550664050232125
BDBJ,kmeans_hamming,13,1.0,179,0.3625877315015087,0.14424458286351102
BDBJ,kmeans_hamming,14,1.0,179,0.38032543208727637,0.1517310412023999
BDBJ,kmeans_hamming,15,1.0,179,0.4531816073950557,0.14796110948374747
BDBJ,kmeans_hamming,16,1.0,179,0.39057173044058474,0.14332492855718923
BDBJ,kmeans_hamming,17,1.0,179,0.3460389169590317,0.1230737509914315
BDBJ,kmeans_hamming,18,1.0,179,0.34254806576318514,0.14120694885668728
BDBJ,kmeans_hamming,19,1.0,179,0.37728795552916355,0.1311364110199007
BDBJ,kmeans_hamming,20,1.0,179,0.33643592763949737,0.12763549563271487
BDBJ,kmeans_hamming,21,1.0,179,0.38539371297303365,0.14829756832774324
BDBJ,kmeans_hamming,22,1.0,179,0.3704822794832711,0.1467774936946917
BDBJ,kmeans_hamming,23,1.0,179,0.3399518600122887,0.13531237528039267
BDBJ,kmeans_hamming,24,1.0,179,0.4092292683061923,0.15121675859690312
BDBJ,kmeans_hamming,25,1.0,179,0.3786087843518971,0.13290949965707566
BDBJ,kmeans_hamming,26,1.0,179,0.3489222108390072,0.13419208675792044
BDBJ,kmeans_hamming,27,1.0,179,0.36852478446196346,0.14390161045794403
BDBJ,kmeans_hamming,28,1.0,179,0.3728943448270349,0.1411647955678946
BDBJ,kmeans_hamming,29,1.0,179,0.3222279155382449,0.12768142036523383
BDBJ,kmeans_hamming,30,1.0,179,0.4178648857293993,0.13758941573992914
BDBJ,kmeans_hamming,31,1.0,179,0.3746714713930487,0.15490634171342985
BDBJ,kmeans_hamming,32,1.0,179,0.37928176115105067,0.15449319931047892
BDBJ,kmeans_hamming,33,1.0,179,0.3810100812086199,0.14702723647577454
BDBJ,kmeans_hamming,34,1.0,179,0.36069482679313236,0.14426649843613107
BDBJ,kmeans_hamming,35,1.0,179,0.377594304194454,0.1509965297046807
BDBJ,kmeans_hamming,36,1.0,179,0.3393814172939701,0.15312806325012587
BDBJ,kmeans_hamming,37,1.0,179,0.37249433819735656,0.1437997767798534
BDBJ,kmeans_hamming,38,1.0,179,0.368393071495021,0.1418941053966082
BDBJ,kmeans_hamming,39,1.0,179,0.34097777392658496,0.12061841810847362
BDBJ,kmeans_hamming,40,1.0,179,0.3666000384321189,0.13954743975474262
BDBJ,kmeans_hamming,41,1.0,179,0.355505606407026,0.13772854192104494
BDBJ,kmeans_hamming,42,1.0,179,0.33427781409719853,0.13124249939593585
BDBJ,kmeans_hamming,43,1.0,179,0.3800502749888487,0.16747228191341376
BDBJ,kmeans_hamming,44,1.0,179,0.3605872792374671,0.13568132870368982
BDBJ,kmeans_hamming,45,1.0,179,0.36597923572235264,0.17323276249384803
BDBJ,kmeans_hamming,46,1.0,179,0.38065577391955113,0.1348817128200715
BDBJ,kmeans_hamming,47,1.0,179,0.39520951190905257,0.14054034105098204
BDBJ,kmeans_hamming,48,1.0,179,0.38665418065679863,0.14696080261508881
BDBJ,kmeans_hamming,49,1.0,179,0.3502926132829928,0.15016137205274588
BDBJ,kmeans_hamming,50,1.0,179,0.35801985881596626,0.1419247362794924
BDBJ,kmeans_random,5,1.0,179,0.39309169082444034,0.13811351712015943
BDBJ,kmeans_random,6,1.0,179,0.35380171893791384,0.11275306103162662
BDBJ,kmeans_random,7,1.0,179,0.36028620209447715,0.13833245246031328
BDBJ,kmeans_random,8,1.0,179,0.387768872681712,0.14495744324731846
BDBJ,kmeans_random,9,1.0,179,0.3697010245262574,0.14289983493284408
BDBJ,kmeans_random,10,1.0,179,0.36920216564131103,0.13347582988696027
BDBJ,kmeans_random,11,1.0,179,0.3664969719836936,0.15732671618623859
BDBJ,kmeans_random,12,1.0,179,0.39406725204386317,0.14751462038069918
BDBJ,kmeans_random,13,1.0,179,0.4052586503146737,0.14557500641530147
BDBJ,kmeans_random,14,1.0,179,0.3545286376352924,0.14748701226344635
BDBJ,kmeans_random,15,1.0,179,0.34688302737873905,0.16623642384969517
BDBJ,kmeans_random,16,1.0,179,0.37437625674995495,0.13852413710073574
BDBJ,kmeans_random,17,1.0,179,0.38755285713939686,0.15330923629201754
BDBJ,kmeans_random,18,1.0,179,0.38047474146574073,0.15396396337961024
BDBJ,kmeans_random,19,1.0,179,0.371037191643394,0.16244264702090114
BDBJ,kmeans_random,20,1.0,179,0.383743695521755,0.14365456458927797
BDBJ,kmeans_random,21,1.0,179,0.34830967525596895,0.13128950470289552
BDBJ,kmeans_random,22,1.0,179,0.3702689189085182,0.15879577862603722
BDBJ,kmeans_random,23,1.0,179,0.35537507763608833,0.12976592396575218
BDBJ,kmeans_random,24,1.0,179,0.37620121479911395,0.14987949362115813
BDBJ,kmeans_random,25,1.0,179,0.4119192861691169,0.14971528770135323
BDBJ,kmeans_random,26,1.0,179,0.3418321116030479,0.14345441305651008
BDBJ,kmeans_random,27,1.0,179,0.4214526207595707,0.16721859768710712
BDBJ,kmeans_random,28,1.0,179,0.380263430090226,0.14361160366383655
BDBJ,kmeans_random,29,1.0,179,0.37296048629135103,0.15063606158790005
BDBJ,kmeans_random,30,1.0,179,0.37542341899097703,0.1445909549443246
BDBJ,kmeans_random,31,1.0,179,0.41508000872505996,0.15994490909512551
BDBJ,kmeans_random,32,1.0,179,0.36420774807990103,0.1443179541015474
BDBJ,kmeans_random,33,1.0,179,0.3959104029459296,0.14849235192456464
BDBJ,kmeans_random,34,1.0,179,0.3474647719970293,0.13985227976660594
BDBJ,kmeans_random,35,1.0,179,0.3932810665044434,0.14525121714499847
BDBJ,kmeans_random,36,1.0,179,0.31573837618423245,0.1292247453432648
BDBJ,kmeans_random,37,1.0,179,0.32797979213538736,0.13088383290283254
BDBJ,kmeans_random,38,1.0,179,0.3877889515539399,0.15510847524840576
BDBJ,kmeans_random,39,1.0,179,0.4042230294407213,0.15030133335023732
BDBJ,kmeans_random,40,1.0,179,0.39979937740746696,0.1512500964232123
BDBJ,kmeans_random,41,1.0,179,0.3690527846088935,0.1657531506080416
BDBJ,kmeans_random,42,1.0,179,0.3709229355068459,0.17324434669041294
BDBJ,kmeans_random,43,1.0,179,0.36661633734782056,0.13851023438748222
BDBJ,kmeans_random,44,1.0,179,0.3999233442251546,0.14046083932110412
BDBJ,kmeans_random,45,1.0,179,0.3733748190184105,0.1639815279804072
BDBJ,kmeans_random,46,1.0,179,0.3970402685160106,0.1660079689248449
BDBJ,kmeans_random,47,1.0,179,0.37035778360717714,0.15512891685760935
BDBJ,kmeans_random,48,1.0,179,0.3561731605841991,0.15940809184756352
BDBJ,kmeans_random,49,1.0,179,0.38284299551854406,0.14331737766309477
BDBJ,kmeans_random,50,1.0,179,0.3890720848136793,0.14701779894911518
BDBJ,random,,1.0,179,0.3470629180413451,0.14946258923175873
LLVM,diversity,,0.1,102,0.023372294243515095,0.0
LLVM,kmeans_default,5,0.1,102,0.03691433636863089,0.006530774885771903
LLVM,kmeans_default,6,0.1,102,0.03746665916765923,0.008093400246500411
LLVM,kmeans_default,7,0.1,102,0.03751599405106011,0.007356293696292023
LLVM,kmeans_default,8,0.1,102,0.03354434708517337,0.00637189105620428
LLVM,kmeans_default,9,0.1,102,0.03563959591326888,0.007008776272091417
LLVM,kmeans_default,10,0.1,102,0.03251950833665082,0.005455448896016713
LLVM,kmeans_default,11,0.1,102,0.033115503691406346,0.008216787028588713
LLVM,kmeans_default,12,0.1,102,0.028498843131033295,0.003726766777319009
LLVM,kmeans_default,13,0.1,102,0.030105284224078956,0.004239482427308237
LLVM,kmeans_default,14,0.1,102,0.02888668602184023,0.0038618243946071966
LLVM,kmeans_default,15,0.1,102,0.028421244145523376,0.004097270494312026
LLVM,kmeans_default,16,0.1,102,0.02681166705795384,0.003095170647985036
LLVM,kmeans_default,17,0.1,102,0.027477730350789986,0.0041108309399824055
LLVM,kmeans_default,18,0.1,102,0.027310016784688255,0.0039034708223234537
LLVM,kmeans_default,19,0.1,102,0.027010751209549756,0.0036513972807855483
LLVM,kmeans_default,20,0.1,102,0.025962058464438047,0.0025413538588311396
LLVM,kmeans_default,21,0.1,102,0.02603902871662359,0.005422736240909838
LLVM,kmeans_default,22,0.1,102,0.025984875164463003,0.0033445950137086108
LLVM,kmeans_default,23,0.1,102,0.026747538422766483,0.0034015943199740685
LLVM,kmeans_default,24,0.1,102,0.02634226149814202,0.004095374244596553
LLVM,kmeans_default,25,0.1,102,0.02522795531258859,0.002838318497860126
LLVM,kmeans_default,26,0.1,102,0.025132708594588236,0.0031273252531280444
LLVM,kmeans_default,27,0.1,102,0.02576102255244396,0.00353198246485887
LLVM,kmeans_default,28,0.1,102,0.02557799441752877,0.0030728415889551652
LLVM,kmeans_default,29,0.1,102,0.02502190558879152,0.002579401584468437
LLVM,kmeans_default,30,0.1,102,0.024589211293163195,0.002533415556486259
LLVM,kmeans_default,31,0.1,102,0.025456083608190697,0.004596949943001656
LLVM,kmeans_default,32,0.1,102,0.024136912591253373,0.00238924008007729
LLVM,kmeans_default,33,0.1,102,0.025046511695296318,0.003787374209353903
LLVM,kmeans_default,34,0.1,102,0.02527726249815362,0.002708323816502443
LLVM,kmeans_default,35,0.1,102,0.024456857277097524,0.0025695849043187954
LLVM,kmeans_default,36,0.1,102,0.02436973092077664,0.002117020139600762
LLVM,kmeans_default,37,0.1,102,0.025092265392798328,0.0028926174339233587
LLVM,kmeans_default,38,0.1,102,0.024331205408820996,0.0029717908786357256
LLVM,kmeans_default,39,0.1,102,0.024444824513775932,0.0025725519320041897
LLVM,kmeans_default,40,0.1,102,0.02508828258734974,0.0027860656837209673
LLVM,kmeans_default,41,0.1,102,0.024169695608892275,0.0023466235705128856
LLVM,kmeans_default,42,0.1,102,0.023964600878302333,0.002156729143088196
LLVM,kmeans_default,43,0.1,102,0.02425034161063629,0.002422360366978491
LLVM,kmeans_default,44,0.1,102,0.02375044286669513,0.0020434577228241432
LLVM,kmeans_default,45,0.1,102,0.024052352568004257,0.002658146693315639
LLVM,kmeans_default,46,0.1,102,0.024471916507625927,0.0024918015265056126
LLVM,kmeans_default,47,0.1,102,0.024249342788851228,0.0026428360652470586
LLVM,kmeans_default,48,0.1,102,0.0247000193998782,0.0027329294511898327
LLVM,kmeans_default,49,0.1,102,0.02416762035928369,0.00200286545198671
LLVM,kmeans_default,50,0.1,102,0.024627058928563702,0.002039604286794555
LLVM,kmeans_hamming,5,0.1,102,0.02566059341016181,0.0019148445293338434
LLVM,kmeans_hamming,6,0.1,102,0.025229666278210404,0.001758459599561408
LLVM,kmeans_hamming,7,0.1,102,0.02525368396002292,0.0017751327515095185
LLVM,kmeans_hamming,8,0.1,102,0.025643727868336897,0.0015673698095672525
LLVM,kmeans_hamming,9,0.1,102,0.025814591985965193,0.001646085258339809
LLVM,kmeans_hamming,10,0.1,102,0.024857048476220313,0.002126684303715334
LLVM,kmeans_hamming,11,0.1,102,0.025402139453930033,0.0021341248048210946
LLVM,kmeans_hamming,12,0.1,102,0.025254512351937812,0.0019805995958296157
LLVM,kmeans_hamming,13,0.1,102,0.025136577171392813,0.001449975368785295
LLVM,kmeans_hamming,14,0.1,102,0.024989493173581057,0.0019519964199432003
LLVM,kmeans_hamming,15,0.1,102,0.025249462903129873,0.0015318972725120725
LLVM,kmeans_hamming,16,0.1,102,0.02538313565003478,0.0019869789291761665
LLVM,kmeans_hamming,17,0.1,102,0.02458525630885984,0.0019483004638925507
LLVM,kmeans_hamming,18,0.1,102,0.024505122987935515,0.00168288459000568
LLVM,kmeans_hamming,19,0.1,102,0.025100532456966435,0.0017738620004384466
LLVM,kmeans_hamming,20,0.1,102,0.025620351889830324,0.0023809560737339435
LLVM,kmeans_hamming,21,0.1,102,0.02542703475102175,0.00202744345412839
LLVM,kmeans_hamming,22,0.1,102,0.02454474014689584,0.0015469183094769404
LLVM,kmeans_hamming,23,0.1,102,0.025242897023183847,0.0019334738451852152
LLVM,kmeans_hamming,24,0.1,102,0.024625735632425254,0.0016793262495409373
LLVM,kmeans_hamming,25,0.1,102,0.024988035649998533,0.0019387770551789868
LLVM,kmeans_hamming,26,0.1,102,0.02541549960962011,0.002197879331989539
LLVM,kmeans_hamming,27,0.1,102,0.024192738107710974,0.0017829056639678772
LLVM,kmeans_hamming,28,0.1,102,0.025039964197417656,0.0018673962511187544
LLVM,kmeans_hamming,29,0.1,102,0.025125323884230562,0.0020684824354790577
LLVM,kmeans_hamming,30,0.1,102,0.025130662143737745,0.0017707716675491058
LLVM,kmeans_hamming,31,0.1,102,0.02519728858200254,0.002188305913526056
LLVM,kmeans_hamming,32,0.1,102,0.025321465902972053,0.0018739331127726171
LLVM,kmeans_hamming,33,0.1,102,0.02521391377404267,0.0020476482915412317
LLVM,kmeans_hamming,34,0.1,102,0.025649549916554343,0.0023649321522054107
LLVM,kmeans_hamming,35,0.1,102,0.025609129820684706,0.0018289325237215775
LLVM,kmeans_hamming,36,0.1,102,0.024924932888301728,0.002105530115263182
LLVM,kmeans_hamming,37,0.1,102,0.024731073063410998,0.0018968453621843041
LLVM,kmeans_hamming,38,0.1,102,0.02598043674110782,0.0020221905334130803
LLVM,kmeans_hamming,39,0.1,102,0.024856805599778098,0.0022355975920287765
LLVM,kmeans_hamming,40,0.1,102,0.024782271986482016,0.002060256634958999
LLVM,kmeans_hamming,41,0.1,102,0.025618061200844852,0.0026209035434689486
LLVM,kmeans_hamming,42,0.1,102,0.025648952596736826,0.002127076018805745
LLVM,kmeans_hamming,43,0.1,102,0.02509297285714846,0.0019725588325301565
LLVM,kmeans_hamming,44,0.1,102,0.025840739427963055,0.0020903529492552345
LLVM,kmeans_hamming,45,0.1,102,0.02611790034676367,0.0022204711119314454
LLVM,kmeans_hamming,46,0.1,102,0.025823730429316606,0.0025676522875264784
LLVM,kmeans_hamming,47,0.1,102,0.02535053920188357,0.0018504351883493252
LLVM,kmeans_hamming,48,0.1,102,0.026083346333835866,0.002531665720381038
LLVM,kmeans_hamming,49,0.1,102,0.025917715177700133,0.002050988976986711
LLVM,kmeans_hamming,50,0.1,102,0.025272760905611986,0.0020099134959570848
LLVM,kmeans_random,5,0.1,102,0.02623619360798056,0.00288523687532496
LLVM,kmeans_random,6,0.1,102,0.025462581215140105,0.0022828193467912686
LLVM,kmeans_random,7,0.1,102,0.026031624250431293,0.002259148773039701
LLVM,kmeans_random,8,0.1,102,0.02558328659925181,0.0017782475933968572
LLVM,kmeans_random,9,0.1,102,0.025851719675040682,0.0019287838021738904
LLVM,kmeans_random,10,0.1,102,0.02562324922574307,0.0022151616108419922
LLVM,kmeans_random,11,0.1,102,0.025116273340187765,0.0015565021003838744
LLVM,kmeans_random,12,0.1,102,0.025032660806460307,0.001992268853699798
LLVM,kmeans_random,13,0.1,102,0.025432041315546883,0.002310381453433489
LLVM,kmeans_random,14,0.1,102,0.025371326118775312,0.001900297841051879
LLVM,kmeans_random,15,0.1,102,0.025388810712394558,0.001917617336519611
LLVM,kmeans_random,16,0.1,102,0.025086702654670605,0.0020567068028467697
LLVM,kmeans_random,17,0.1,102,0.02511004599977311,0.0018198305986027476
LLVM,kmeans_random,18,0.1,102,0.025868061135794974,0.0021277608167170666
LLVM,kmeans_random,19,0.1,102,0.025412082153532214,0.0022954621354816245
LLVM,kmeans_random,20,0.1,102,0.02528600652891235,0.0017693187531912281
LLVM,kmeans_random,21,0.1,102,0.025433491852437765,0.0026397431178617325
LLVM,kmeans_random,22,0.1,102,0.025800607461808504,0.0021928485920341086
LLVM,kmeans_random,23,0.1,102,0.025582757567697782,0.002344388217359342
LLVM,kmeans_random,24,0.1,102,0.02542273766254787,0.0021695635700566063
LLVM,kmeans_random,25,0.1,102,0.025485254915115805,0.0017191930109796067
LLVM,kmeans_random,26,0.1,102,0.025733051295496513,0.0022789438683097256
LLVM,kmeans_random,27,0.1,102,0.024969903521443737,0.0017009652336877658
LLVM,kmeans_random,28,0.1,102,0.02573747947051258,0.0018714016724944937
LLVM,kmeans_random,29,0.1,102,0.02536314141331664,0.0023741681554899966
LLVM,kmeans_random,30,0.1,102,0.025997102189355477,0.0019313784473997547
LLVM,kmeans_random,31,0.1,102,0.025919941825301992,0.002052279552019902
LLVM,kmeans_random,32,0.1,102,0.02583780886349402,0.0022428440212035453
LLVM,kmeans_random,33,0.1,102,0.025774574846668754,0.0027318163303020294
LLVM,kmeans_random,34,0.1,102,0.025578505681949876,0.0026360754041241745
LLVM,kmeans_random,35,0.1,102,0.025300107724614312,0.002452053262825887
LLVM,kmeans_random,36,0.1,102,0.02542725938957838,0.0027411442323035454
LLVM,kmeans_random,37,0.1,102,0.025187071519268536,0.0018424108505404012
LLVM,kmeans_random,38,0.1,102,0.02526548609646925,0.0022049294456436158
LLVM,kmeans_random,39,0.1,102,0.02588198899993983,0.0021213773039201584
LLVM,kmeans_random,40,0.1,102,0.025437717647509593,0.0018155321249430075
LLVM,kmeans_random,41,0.1,102,0.02578907554658821,0.001955913588447707
LLVM,kmeans_random,42,0.1,102,0.025306511585725198,0.0018957196286518243
LLVM,kmeans_random,43,0.1,102,0.02522573436149865,0.002208634390984423
LLVM,kmeans_random,44,0.1,102,0.02624608461259164,0.0022312249019816504
LLVM,kmeans_random,45,0.1,102,0.02556147519615017,0.0017211114306990708
LLVM,kmeans_random,46,0.1,102,0.02623322897663389,0.0023695059568660326
LLVM,kmeans_random,47,0.1,102,0.025170872944006786,0.0023350276911391927
LLVM,kmeans_random,48,0.1,102,0.025501063464400984,0.0020957285304954616
LLVM,kmeans_random,49,0.1,102,0.024997449713902428,0.0017911681804127788
LLVM,kmeans_random,50,0.1,102,0.025416745480404825,0.0020077289602371227
LLVM,random,,0.1,102,0.02543247544437085,0.0019611983638798927
LLVM,diversity,,0.2,205,0.024885626081941305,0.0
LLVM,kmeans_default,5,0.2,205,0.028470844221543955,0.00563161449053544
LLVM,kmeans_default,6,0.2,205,0.029824171393675873,0.007623555771292585
LLVM,kmeans_default,7,0.2,205,0.02803734192377139,0.004177820212854149
LLVM,kmeans_default,8,0.2,205,0.02641951867466347,0.005269900628974143
LLVM,kmeans_default,9,0.2,205,0.02853758350681376,0.006308485964090978
LLVM,kmeans_default,10,0.2,205,0.02517453427331461,0.002809653658306022
LLVM,kmeans_default,11,0.2,205,0.025312072031338357,0.0032098825751741577
LLVM,kmeans_default,12,0.2,205,0.024618699717194336,0.001918929687026622
LLVM,kmeans_default,13,0.2,205,0.02520272151579953,0.0027705048804938146
LLVM,kmeans_default,14,0.2,205,0.024284981308419586,0.001831832759617987
LLVM,kmeans_default,15,0.2,205,0.02459618212717492,0.002129266315697185
LLVM,kmeans_default,16,0.2,205,0.024589994661850186,0.002391494556777115
LLVM,kmeans_default,17,0.2,205,0.024235476738054422,0.0022945987694899935
LLVM,kmeans_default,18,0.2,205,0.024456978884035276,0.002606968018327536
LLVM,kmeans_default,19,0.2,205,0.023991424467887427,0.00216450127639288
LLVM,kmeans_default,20,0.2,205,0.02384831511245367,0.001819530453194741
LLVM,kmeans_default,21,0.2,205,0.024397665217440877,0.0023955788562490554
LLVM,kmeans_default,22,0.2,205,0.023580790793105853,0.0016995528108158101
LLVM,kmeans_default,23,0.2,205,0.024127024570742856,0.0017706427219495063
LLVM,kmeans_default,24,0.2,205,0.023707023041969366,0.0012241420206851455
LLVM,kmeans_default,25,0.2,205,0.02419223993421825,0.0017228425295323336
LLVM,kmeans_default,26,0.2,205,0.024193966772686162,0.0020488902705598794
LLVM,kmeans_default,27,0.2,205,0.024042307381618958,0.0012946079225285975
LLVM,kmeans_default,28,0.2,205,0.02385342175825861,0.0013751632623970212
LLVM,kmeans_default,29,0.2,205,0.02413023942024422,0.001648622837897046
LLVM,kmeans_default,30,0.2,205,0.02408204791786169,0.0020729001386095803
LLVM,kmeans_default,31,0.2,205,0.024241181733638657,0.002598725367822811
LLVM,kmeans_default,32,0.2,205,0.02384874524251613,0.0015330923216162885
LLVM,kmeans_default,33,0.2,205,0.024367794013896528,0.0022153412655303633
LLVM,kmeans_default,34,0.2,205,0.023954829750298955,0.0016632759905903815
LLVM,kmeans_default,35,0.2,205,0.02384939551995778,0.0012851979528326549
LLVM,kmeans_default,36,0.2,205,0.023894275813588148,0.0013156507704040609
LLVM,kmeans_default,37,0.2,205,0.024580596221805896,0.0022162040771223765
LLVM,kmeans_default,38,0.2,205,0.023816759527639893,0.0019209154263070403
LLVM,kmeans_default,39,0.2,205,0.024020362579055442,0.0016600772952316833
LLVM,kmeans_default,40,0.2,205,0.023801787769069594,0.0017991958533603563
LLVM,kmeans_default,41,0.2,205,0.023896758830208663,0.0016792225809427136
LLVM,kmeans_default,42,0.2,205,0.0239852631517693,0.0018949686504035497
LLVM,kmeans_default,43,0.2,205,0.024059408423473296,0.0019739303359631974
LLVM,kmeans_default,44,0.2,205,0.02427436137036888,0.0016807668920379717
LLVM,kmeans_default,45,0.2,205,0.023613450940463007,0.0017331569553859767
LLVM,kmeans_default,46,0.2,205,0.02387106363754669,0.0013173413961776487
LLVM,kmeans_default,47,0.2,205,0.02375202912701576,0.0013222584564839004
LLVM,kmeans_default,48,0.2,205,0.023696032387489234,0.001608618026215778
LLVM,kmeans_default,49,0.2,205,0.024164564644666608,0.0019936374128119876
LLVM,kmeans_default,50,0.2,205,0.02415544555606395,0.0017058824699000183
LLVM,kmeans_hamming,5,0.2,205,0.024379687940404477,0.0008093641941174941
LLVM,kmeans_hamming,6,0.2,205,0.02425111973081058,0.000984831126976644
LLVM,kmeans_hamming,7,0.2,205,0.024616204991751222,0.0008773507151597503
LLVM,kmeans_hamming,8,0.2,205,0.024328839507127602,0.0007557297029077809
LLVM,kmeans_hamming,9,0.2,205,0.02441873434610822,0.0010894556718805484
LLVM,kmeans_hamming,10,0.2,205,0.024140254638698413,0.000977434507471125
LLVM,kmeans_hamming,11,0.2,205,0.024258677468230332,0.001051569972384679
LLVM,kmeans_hamming,12,0.2,205,0.02448152637074993,0.0011875933830747987
LLVM,kmeans_hamming,13,0.2,205,0.02420815362247798,0.0009081931489943888
LLVM,kmeans_hamming,14,0.2,205,0.02428096819630286,0.001317512148922351
LLVM,kmeans_hamming,15,0.2,205,0.02430308267487737,0.0010271337767849076
LLVM,kmeans_hamming,16,0.2,205,0.024632265380858043,0.0011052847439310877
LLVM,kmeans_hamming,17,0.2,205,0.0240678015596126,0.0012007015202346127
LLVM,kmeans_hamming,18,0.2,205,0.024247673275856703,0.0009098280355989065
LLVM,kmeans_hamming,19,0.2,205,0.024298233521389895,0.0011358189950820409
LLVM,kmeans_hamming,20,0.2,205,0.024725134338598805,0.0012541339196553696
LLVM,kmeans_hamming,21,0.2,205,0.024586458102591306,0.0013540617303605367
LLVM,kmeans_hamming,22,0.2,205,0.024096694744948306,0.0010783089250225304
LLVM,kmeans_hamming,23,0.2,205,0.0242029690636783,0.0011148020705318905
LLVM,kmeans_hamming,24,0.2,205,0.02430712571722545,0.0012079400626338218
LLVM,kmeans_hamming,25,0.2,205,0.023847043850797486,0.001092168780860608
LLVM,kmeans_hamming,26,0.2,205,0.024494969737367065,0.0012882087709109862
LLVM,kmeans_hamming,27,0.2,205,0.023741736497340588,0.001182621920522286
LLVM,kmeans_hamming,28,0.2,205,0.02435133782051892,0.001246189201544035
LLVM,kmeans_hamming,29,0.2,205,0.02428314507933054,0.0012745354473731524
LLVM,kmeans_hamming,30,0.2,205,0.02421934230550932,0.0009898763498583413
LLVM,kmeans_hamming,31,0.2,205,0.02425172212609964,0.0012536209462441028
LLVM,kmeans_hamming,32,0.2,205,0.024223809809307544,0.0012066860493954762
LLVM,kmeans_hamming,33,0.2,205,0.02434172279903558,0.0011998462123344767
LLVM,kmeans_hamming,34,0.2,205,0.024402610605626464,0.0009960712140172899
LLVM,kmeans_hamming,35,0.2,205,0.024415214641800086,0.0009460869325675283
LLVM,kmeans_hamming,36,0.2,205,0.024373066441042646,0.000986730271974831
LLVM,kmeans_hamming,37,0.2,205,0.02402001617162034,0.0009873988481142535
LLVM,kmeans_hamming,38,0.2,205,0.024600431879934815,0.0010028112843832996
LLVM,kmeans_hamming,39,0.2,205,0.02404670191347327,0.00116515937799109
LLVM,kmeans_hamming,40,0.2,205,0.024414481383756938,0.0010132991929733555
LLVM,kmeans_hamming,41,0.2,205,0.024232937681845514,0.0012641199012328017
LLVM,kmeans_hamming,42,0.2,205,0.024398754809559314,0.0014064319461841485
LLVM,kmeans_hamming,43,0.2,205,0.024133600605039614,0.0011048188667456458
LLVM,kmeans_hamming,44,0.2,205,0.02472033416365896,0.0012725632894903841
LLVM,kmeans_hamming,45,0.2,205,0.02460584281698775,0.0014221104991580962
LLVM,kmeans_hamming,46,0.2,205,0.024178181469223046,0.0012909857106524608
LLVM,kmeans_hamming,47,0.2,205,0.02419244647673648,0.0012219618879864577
LLVM,kmeans_hamming,48,0.2,205,0.024452278530902538,0.0014479524381769942
LLVM,kmeans_hamming,49,0.2,205,0.02464432883789842,0.0011798484763641372
LLVM,kmeans_hamming,50,0.2,205,0.024255932113435026,0.0012263138950887236
LLVM,kmeans_random,5,0.2,205,0.02472641831904733,0.0014989074840484448
LLVM,kmeans_random,6,0.2,205,0.02451407338527349,0.0011410124698729642
LLVM,kmeans_random,7,0.2,205,0.024905759507792693,0.00186198378586941
LLVM,kmeans_random,8,0.2,205,0.02466640139741041,0.0012833707364760328
LLVM,kmeans_random,9,0.2,205,0.02473277752560976,0.0011988637876623879
LLVM,kmeans_random,10,0.2,205,0.02480089726687059,0.0013177365195291004
LLVM,kmeans_random,11,0.2,205,0.024354277612470256,0.0012436619375133227
LLVM,kmeans_random,12,0.2,205,0.024240897603520318,0.0013817196916957176
LLVM,kmeans_random,13,0.2,205,0.02461370520657109,0.001546002195561203
LLVM,kmeans_random,14,0.2,205,0.02455090168111408,0.001255068215984456
LLVM,kmeans_random,15,0.2,205,0.024379623419340152,0.0012334596170267098
LLVM,kmeans_random,16,0.2,205,0.024101146192924673,0.0010519918962279247
LLVM,kmeans_random,17,0.2,205,0.024511322869164926,0.001253754058002396
LLVM,kmeans_random,18,0.2,205,0.024798093813683437,0.0015145948996027104
LLVM,kmeans_random,19,0.2,205,0.024819503791594217,0.0014707966666664598
LLVM,kmeans_random,20,0.2,205,0.024488626787530936,0.0013228886151412979
LLVM,kmeans_random,21,0.2,205,0.024454133084753117,0.0017514168480424633
LLVM,kmeans_random,22,0.2,205,0.024902122840158008,0.0014413992310029473
LLVM,kmeans_random,23,0.2,205,0.02463486210498195,0.001345405797871637
LLVM,kmeans_random,24,0.2,205,0.024403400298469196,0.001348354427788193
LLVM,kmeans_random,25,0.2,205,0.02426723476604113,0.0009273798500860481
LLVM,kmeans_random,26,0.2,205,0.02507318581802929,0.0015227140339002922
LLVM,kmeans_random,27,0.2,205,0.0244067920685298,0.0012298559779716591
LLVM,kmeans_random,28,0.2,205,0.024534164289829526,0.0015568545192056087
LLVM,kmeans_random,29,0.2,205,0.024363741513918517,0.001421352287455992
LLVM,kmeans_random,30,0.2,205,0.024873302786906613,0.000998249020462983
LLVM,kmeans_random,31,0.2,205,0.02470314672854234,0.0010792705918355443
LLVM,kmeans_random,32,0.2,205,0.02477144854686566,0.0014978197013732935
LLVM,kmeans_random,33,0.2,205,0.024812553008176377,0.0017663500740839222
LLVM,kmeans_random,34,0.2,205,0.02487807173516516,0.0012778076176886107
LLVM,kmeans_random,35,0.2,205,0.0242733772776458,0.0011778521724172225
LLVM,kmeans_random,36,0.2,205,0.024696896300795017,0.0015274677249141068
LLVM,kmeans_random,37,0.2,205,0.024480045424974475,0.0009351532133391558
LLVM,kmeans_random,38,0.2,205,0.024747116495417852,0.0014565012779125786
LLVM,kmeans_random,39,0.2,205,0.024571433842635763,0.0011967510464098348
LLVM,kmeans_random,40,0.2,205,0.024713963772396257,0.0015271906966501797
LLVM,kmeans_random,41,0.2,205,0.0247041767710528,0.0015624969502217286
LLVM,kmeans_random,42,0.2,205,0.024411813840784384,0.0013639129145037528
LLVM,kmeans_random,43,0.2,205,0.024366067644926118,0.0013470516766623908
LLVM,kmeans_random,44,0.2,205,0.025127853683626893,0.001461922505631633
LLVM,kmeans_random,45,0.2,205,0.024618419128019965,0.0013233391371603653
LLVM,kmeans_random,46,0.2,205,0.02468178971936184,0.0011993369246747884
LLVM,kmeans_random,47,0.2,205,0.024858115786680717,0.0014625110379859313
LLVM,kmeans_random,48,0.2,205,0.024578226445164053,0.0012447758941616848
LLVM,kmeans_random,49,0.2,205,0.024198596049504917,0.0014722657502238353
LLVM,kmeans_random,50,0.2,205,0.024618481636294723,0.0011965525716249351
LLVM,random,,0.2,205,0.025061562313339572,0.001515270856883349
LLVM,diversity,,0.3,307,0.022794588398345656,0.0
LLVM,kmeans_default,5,0.3,307,0.028237595581024778,0.0030858509695051964
LLVM,kmeans_default,6,0.3,307,0.0297510655754079,0.007881232122988035
LLVM,kmeans_default,7,0.3,307,0.027418205807006307,0.0038278101604030364
LLVM,kmeans_default,8,0.3,307,0.027065828264287373,0.005212354488813907
LLVM,kmeans_default,9,0.3,307,0.028070303382811194,0.0052876081022757825
LLVM,kmeans_default,10,0.3,307,0.025274332357884104,0.002585963506595472
LLVM,kmeans_default,11,0.3,307,0.025449472035359803,0.002443065621002983
LLVM,kmeans_default,12,0.3,307,0.024868429188664807,0.002215291496658752
LLVM,kmeans_default,13,0.3,307,0.02552010669555398,0.0025182970193195495
LLVM,kmeans_default,14,0.3,307,0.025260870745750626,0.0035287925950044634
LLVM,kmeans_default,15,0.3,307,0.025010798814254623,0.001964197345438093
LLVM,kmeans_default,16,0.3,307,0.025363520098225494,0.0025230851861427084
LLVM,kmeans_default,17,0.3,307,0.024790491967992805,0.002204372307161128
LLVM,kmeans_default,18,0.3,307,0.02488203395515672,0.0019057874659779896
LLVM,kmeans_default,19,0.3,307,0.025045419854500484,0.0025653053204716747
LLVM,kmeans_default,20,0.3,307,0.02483128505873895,0.0025726313592697217
LLVM,kmeans_default,21,0.3,307,0.024894482468655787,0.0021052233063626295
LLVM,kmeans_default,22,0.3,307,0.023878360636243757,0.001424531695333163
LLVM,kmeans_default,23,0.3,307,0.024671637787961824,0.0021420033199581186
LLVM,kmeans_default,24,0.3,307,0.02420928742206463,0.0014213717763455805
LLVM,kmeans_default,25,0.3,307,0.02471186770743579,0.0019186925815637753
LLVM,kmeans_default,26,0.3,307,0.024523093334001662,0.0015890518187207602
LLVM,kmeans_default,27,0.3,307,0.024624789002100987,0.0020554069099958717
LLVM,kmeans_default,28,0.3,307,0.024206787920595503,0.0013658527979485654
LLVM,kmeans_default,29,0.3,307,0.02475472168916009,0.0017059546392121253
LLVM,kmeans_default,30,0.3,307,0.024645963562448414,0.0015947692570034784
LLVM,kmeans_default,31,0.3,307,0.024407448296360372,0.0020084812722499764
LLVM,kmeans_default,32,0.3,307,0.023997439372661532,0.001214745669780756
LLVM,kmeans_default,33,0.3,307,0.024358327502178312,0.0018154514498854243
LLVM,kmeans_default,34,0.3,307,0.024447982854780836,0.0013582201015593846
LLVM,kmeans_default,35,0.3,307,0.02438955824504768,0.0015215830134989764
LLVM,kmeans_default,36,0.3,307,0.024108659164451617,0.0013235911763198314
LLVM,kmeans_default,37,0.3,307,0.024434074652806875,0.0011121636333598674
LLVM,kmeans_default,38,0.3,307,0.024068930006261993,0.001513253731629984
LLVM,kmeans_default,39,0.3,307,0.024259319338796256,0.001417420543426902
LLVM,kmeans_default,40,0.3,307,0.024019122970938642,0.001425524053112978
LLVM,kmeans_default,41,0.3,307,0.024107793904884933,0.0013069198492435337
LLVM,kmeans_default,42,0.3,307,0.024332822882544007,0.0015016650573090602
LLVM,kmeans_default,43,0.3,307,0.024323888573052996,0.001320165693570618
LLVM,kmeans_default,44,0.3,307,0.02434758078186261,0.0011737815634627641
LLVM,kmeans_default,45,0.3,307,0.023702189485907934,0.0013963048484496715
LLVM,kmeans_default,46,0.3,307,0.024027847820942992,0.001102693614357044
LLVM,kmeans_default,47,0.3,307,0.02402338193712613,0.0015198450197887383
LLVM,kmeans_default,48,0.3,307,0.023867235752147973,0.0012360732667773882
LLVM,kmeans_default,49,0.3,307,0.02417488270199554,0.001412022808740486
LLVM,kmeans_default,50,0.3,307,0.024002590073533205,0.0013037499054522057
LLVM,kmeans_hamming,5,0.3,307,0.024312529857841426,0.0007052893568245002
LLVM,kmeans_hamming,6,0.3,307,0.023977674007868162,0.0006840935472934725
LLVM,kmeans_hamming,7,0.3,307,0.02421989196920168,0.0008784140616161432
LLVM,kmeans_hamming,8,0.3,307,0.023997505638211118,0.000716114078810278
LLVM,kmeans_hamming,9,0.3,307,0.024061577979040977,0.0006231373997940315
LLVM,kmeans_hamming,10,0.3,307,0.023946322034530745,0.0006916962819387378
LLVM,kmeans_hamming,11,0.3,307,0.02407587793298859,0.0007689159859035742
LLVM,kmeans_hamming,12,0.3,307,0.02424889443052102,0.0008797686420749613
LLVM,kmeans_hamming,13,0.3,307,0.024236764046481545,0.0008132716960380194
LLVM,kmeans_hamming,14,0.3,307,0.02399432292570417,0.0008265104237404963
LLVM,kmeans_hamming,15,0.3,307,0.024193943531350775,0.0008220087327580079
LLVM,kmeans_hamming,16,0.3,307,0.02403173987879592,0.000855080289607922
LLVM,kmeans_hamming,17,0.3,307,0.02418699206164673,0.0008071148412759565
LLVM,kmeans_hamming,18,0.3,307,0.0240902765623382,0.0007080591184034537
LLVM,kmeans_hamming,19,0.3,307,0.024090352325317865,0.0007969578651976692
LLVM,kmeans_hamming,20,0.3,307,0.024526495885455676,0.0009108924779934733
LLVM,kmeans_hamming,21,0.3,307,0.0241471520272695,0.0008802269675147131
LLVM,kmeans_hamming,22,0.3,307,0.02386250249591476,0.0007551546499830254
LLVM,kmeans_hamming,23,0.3,307,0.02420420550691617,0.0009262632527056923
LLVM,kmeans_hamming,24,0.3,307,0.024083191042083632,0.0008451579937444794
LLVM,kmeans_hamming,25,0.3,307,0.023750107666455078,0.0007007624008183426
LLVM,kmeans_hamming,26,0.3,307,0.024399057857437616,0.0009711401614763189
LLVM,kmeans_hamming,27,0.3,307,0.0236415510159342,0.0007479236997685322
LLVM,kmeans_hamming,28,0.3,307,0.024120426813206457,0.0009706610236493658
LLVM,kmeans_hamming,29,0.3,307,0.02404099947927362,0.000773352329688728
LLVM,kmeans_hamming,30,0.3,307,0.024059607035849796,0.0006776218579031812
LLVM,kmeans_hamming,31,0.3,307,0.024106279376410005,0.0009855291922135484
LLVM,kmeans_hamming,32,0.3,307,0.0239996086182645,0.0009699016746159475
LLVM,kmeans_hamming,33,0.3,307,0.024048317279356225,0.001020043912296486
LLVM,kmeans_hamming,34,0.3,307,0.023930666273906647,0.0006857753558399222
LLVM,kmeans_hamming,35,0.3,307,0.02421803761655335,0.0009107195920930412
LLVM,kmeans_hamming,36,0.3,307,0.023890766879910114,0.0008356822885698884
LLVM,kmeans_hamming,37,0.3,307,0.023775475669182963,0.0007963343648076918
LLVM,kmeans_hamming,38,0.3,307,0.02439095136777318,0.0008738937960530828
LLVM,kmeans_hamming,39,0.3,307,0.02415097064679653,0.0006556366339974498
LLVM,kmeans_hamming,40,0.3,307,0.023993975997887124,0.0005542598323231875
LLVM,kmeans_hamming,41,0.3,307,0.023927536229290162,0.0009029913917839704
LLVM,kmeans_hamming,42,0.3,307,0.024136364843428387,0.0009505662102161331
LLVM,kmeans_hamming,43,0.3,307,0.02403124188876118,0.0010417901539188342
LLVM,kmeans_hamming,44,0.3,307,0.024329420690248064,0.000946494291619506
LLVM,kmeans_hamming,45,0.3,307,0.024242314032770353,0.0009933953039180973
LLVM,kmeans_hamming,46,0.3,307,0.023816202109389464,0.0007637417577757961
LLVM,kmeans_hamming,47,0.3,307,0.023932616138778715,0.0009316955605578743
LLVM,kmeans_hamming,48,0.3,307,0.02391042217882414,0.001001804959475291
LLVM,kmeans_hamming,49,0.3,307,0.0242560678521232,0.0009650450115908832
LLVM,kmeans_hamming,50,0.3,307,0.0238360545257713,0.0008431917966267773
LLVM,kmeans_random,5,0.3,307,0.024575813078396336,0.0010291938821746238
LLVM,kmeans_random,6,0.3,307,0.02416016568664708,0.0010449003195895645
LLVM,kmeans_random,7,0.3,307,0.024479377156661708,0.0009071576773473834
LLVM,kmeans_random,8,0.3,307,0.02427690810719179,0.0007788910882097968
LLVM,kmeans_random,9,0.3,307,0.02431158366712382,0.0009658295248852107
LLVM,kmeans_random,10,0.3,307,0.024545580198559343,0.0009249700253096983
LLVM,kmeans_random,11,0.3,307,0.024093974622594782,0.0010563143077167371
LLVM,kmeans_random,12,0.3,307,0.024293555613466532,0.0010059988120537967
LLVM,kmeans_random,13,0.3,307,0.024170843435075934,0.0008208520401697591
LLVM,kmeans_random,14,0.3,307,0.02420727561984326,0.0009366350336045667
LLVM,kmeans_random,15,0.3,307,0.024115483977280805,0.0008141435912413628
LLVM,kmeans_random,16,0.3,307,0.02412253378552235,0.0008823524118041826
LLVM,kmeans_random,17,0.3,307,0.024279119291851045,0.0008942213937201663
LLVM,kmeans_random,18,0.3,307,0.024311795926277736,0.0009940493375137215
LLVM,kmeans_random,19,0.3,307,0.024421760392542558,0.0009704899708524278
LLVM,kmeans_random,20,0.3,307,0.02440305069671812,0.0009991414082749527
LLVM,kmeans_random,21,0.3,307,0.024190941076198066,0.00108536287081688
LLVM,kmeans_random,22,0.3,307,0.024465644996703152,0.0009591066849515045
LLVM,kmeans_random,23,0.3,307,0.024385826462739513,0.0007703296013563008
LLVM,kmeans_random,24,0.3,307,0.02424647643701176,0.0010494043505999042
LLVM,kmeans_random,25,0.3,307,0.02419702691318657,0.0009138249508995008
LLVM,kmeans_random,26,0.3,307,0.024449698540457636,0.0008359205394546968
LLVM,kmeans_random,27,0.3,307,0.02411340809275286,0.0008581586751740608
LLVM,kmeans_random,28,0.3,307,0.02424328252689049,0.0010319165403828044
LLVM,kmeans_random,29,0.3,307,0.02434463880071106,0.0010395133138980004
LLVM,kmeans_random,30,0.3,307,0.024349869460607805,0.0008203306304717996
LLVM,kmeans_random,31,0.3,307,0.024438531639844392,0.0008710311308864781
LLVM,kmeans_random,32,0.3,307,0.02448539925809164,0.0011671446545028668
LLVM,kmeans_random,33,0.3,307,0.024444780720295895,0.0013651682119520327
LLVM,kmeans_random,34,0.3,307,0.02425698836320635,0.001062771262182991
LLVM,kmeans_random,35,0.3,307,0.024166364087180762,0.0008705365035079119
LLVM,kmeans_random,36,0.3,307,0.024388728567050755,0.0011147543953494389
LLVM,kmeans_random,37,0.3,307,0.024289409373300888,0.0007351883260058828
LLVM,kmeans_random,38,0.3,307,0.024254899928927907,0.0010067314312099914
LLVM,kmeans_random,39,0.3,307,0.02420629067544315,0.0009563990681243285
LLVM,kmeans_random,40,0.3,307,0.024343491073889372,0.0009757729540108197
LLVM,kmeans_random,41,0.3,307,0.024242879996973936,0.0011649607974666225
LLVM,kmeans_random,42,0.3,307,0.02415121437130928,0.0006379640504414546
LLVM,kmeans_random,43,0.3,307,0.02413941024900663,0.0009832386246611357
LLVM,kmeans_random,44,0.3,307,0.02472559739466385,0.0009800919563376278
LLVM,kmeans_random,45,0.3,307,0.02426592208853886,0.0008520103134843875
LLVM,kmeans_random,46,0.3,307,0.024523907657874596,0.0010368958925245342
LLVM,kmeans_random,47,0.3,307,0.024464246118071038,0.0008727226404529625
LLVM,kmeans_random,48,0.3,307,0.024373406513024325,0.0009324834571259613
LLVM,kmeans_random,49,0.3,307,0.024003048301651345,0.0009883952482996566
LLVM,kmeans_random,50,0.3,307,0.02430437259669665,0.0006693745546855142
LLVM,random,,0.3,307,0.02439270999988701,0.0008522630181775087
LLVM,diversity,,0.4,410,0.024624323986298706,0.0
LLVM,kmeans_default,5,0.4,410,0.02946308922669956,0.005212903488034158
LLVM,kmeans_default,6,0.4,410,0.0297348222519215,0.005650268965134911
LLVM,kmeans_default,7,0.4,410,0.027940203183969302,0.005112706461556247
LLVM,kmeans_default,8,0.4,410,0.027868813333251037,0.0037670900414826488
LLVM,kmeans_default,9,0.4,410,0.028753511597172415,0.003836892209888199
LLVM,kmeans_default,10,0.4,410,0.026812700252339762,0.0037974793971164724
LLVM,kmeans_default,11,0.4,410,0.026676905471318752,0.0032643237752635235
LLVM,kmeans_default,12,0.4,410,0.025878028355950523,0.0022524152657645274
LLVM,kmeans_default,13,0.4,410,0.025987197035918987,0.0018928186003270703
LLVM,kmeans_default,14,0.4,410,0.026063013253920256,0.0023558066329988237
LLVM,kmeans_default,15,0.4,410,0.025867330309525594,0.0034489795696665626
LLVM,kmeans_default,16,0.4,410,0.025704023440827985,0.0023192545532724172
LLVM,kmeans_default,17,0.4,410,0.025295410747446224,0.002064095842497584
LLVM,kmeans_default,18,0.4,410,0.025164269283062188,0.0018395210478301571
LLVM,kmeans_default,19,0.4,410,0.02561252384518632,0.002053218214092819
LLVM,kmeans_default,20,0.4,410,0.025355749008262003,0.0015887892542496974
LLVM,kmeans_default,21,0.4,410,0.025275837282678338,0.002152856776793195
LLVM,kmeans_default,22,0.4,410,0.0247798929614206,0.0017831523118741828
LLVM,kmeans_default,23,0.4,410,0.024811367058008016,0.0018622475554538915
LLVM,kmeans_default,24,0.4,410,0.024502299326978717,0.0013675715512086024
LLVM,kmeans_default,25,0.4,410,0.02512047694614017,0.0017183226071279616
LLVM,kmeans_default,26,0.4,410,0.024704034414505454,0.0012983320078673425
LLVM,kmeans_default,27,0.4,410,0.024704448272262185,0.0014470715980499176
LLVM,kmeans_default,28,0.4,410,0.02462703097004224,0.0013154068305396053
LLVM,kmeans_default,29,0.4,410,0.024757990214341677,0.0015268671639087198
LLVM,kmeans_default,30,0.4,410,0.024654487173738863,0.0013673895054215747
LLVM,kmeans_default,31,0.4,410,0.024367727603592102,0.0011408438986241873
LLVM,kmeans_default,32,0.4,410,0.02433775494921627,0.001006922864381639
LLVM,kmeans_default,33,0.4,410,0.024339307675597676,0.001245825521596397
LLVM,kmeans_default,34,0.4,410,0.024582776376203076,0.001135873555762132
LLVM,kmeans_default,35,0.4,410,0.024344370814187,0.001146345404607642
LLVM,kmeans_default,36,0.4,410,0.024148259356917286,0.001151001985478984
LLVM,kmeans_default,37,0.4,410,0.024476722038397392,0.0011288931406788088
LLVM,kmeans_default,38,0.4,410,0.024031515425041693,0.001107446669022979
LLVM,kmeans_default,39,0.4,410,0.02428816868095248,0.0010859759858033082
LLVM,kmeans_default,40,0.4,410,0.024022364551306255,0.0008916488123539625
LLVM,kmeans_default,41,0.4,410,0.024075123445580514,0.0010171245789250116
LLVM,kmeans_default,42,0.4,410,0.02421114990272943,0.0012181070306932396
LLVM,kmeans_default,43,0.4,410,0.024011113465975564,0.0008820643647774512
LLVM,kmeans_default,44,0.4,410,0.024020021125335658,0.000830916283054308
LLVM,kmeans_default,45,0.4,410,0.023811377201355503,0.0009481140032360264
LLVM,kmeans_default,46,0.4,410,0.02402848264292841,0.001012808173016681
LLVM,kmeans_default,47,0.4,410,0.02394655423705595,0.0012413465154969337
LLVM,kmeans_default,48,0.4,410,0.023968273717111008,0.0009942939420466265
LLVM,kmeans_default,49,0.4,410,0.024187548063342126,0.0010260282888628013
LLVM,kmeans_default,50,0.4,410,0.023908312280750615,0.0008346890182619822
LLVM,kmeans_hamming,5,0.4,410,0.024249282817025136,0.0006213153522138493
LLVM,kmeans_hamming,6,0.4,410,0.024118228135039374,0.0006829486997659303
LLVM,kmeans_hamming,7,0.4,410,0.02416353680214185,0.0007110776117280393
LLVM,kmeans_hamming,8,0.4,410,0.023905814421605324,0.000768541258323326
LLVM,kmeans_hamming,9,0.4,410,0.02403027578030831,0.0005912176109606889
LLVM,kmeans_hamming,10,0.4,410,0.02394215777751847,0.0005417757476885458
LLVM,kmeans_hamming,11,0.4,410,0.023971534254189037,0.000597026197730207
LLVM,kmeans_hamming,12,0.4,410,0.02406420638110426,0.0006646743585013285
LLVM,kmeans_hamming,13,0.4,410,0.024171615346883262,0.0006822716277593367
LLVM,kmeans_hamming,14,0.4,410,0.02390292103694306,0.0007604489643319849
LLVM,kmeans_hamming,15,0.4,410,0.02416716218733173,0.0007109837123374421
LLVM,kmeans_hamming,16,0.4,410,0.023904856144166306,0.0005630047589489994
LLVM,kmeans_hamming,17,0.4,410,0.0241966578951094,0.000557949268706006
LLVM,kmeans_hamming,18,0.4,410,0.023908084524367577,0.0005904516904776133
LLVM,kmeans_hamming,19,0.4,410,0.024031340757143308,0.0005947419829244527
LLVM,kmeans_hamming,20,0.4,410,0.024298591415592558,0.0006500432683033777
LLVM,kmeans_hamming,21,0.4,410,0.02399824638879171,0.0005481247643176746
LLVM,kmeans_hamming,22,0.4,410,0.023969845995717314,0.0006658066057744492
LLVM,kmeans_hamming,23,0.4,410,0.02403562098246328,0.0006017029525685869
LLVM,kmeans_hamming,24,0.4,410,0.023977950896608473,0.0004984895672394021
LLVM,kmeans_hamming,25,0.4,410,0.02371977988872217,0.0006724863404236056
LLVM,kmeans_hamming,26,0.4,410,0.024225154118918648,0.0007687772696610803
LLVM,kmeans_hamming,27,0.4,410,0.02384506111981333,0.0007530940821630655
LLVM,kmeans_hamming,28,0.4,410,0.02409181216448785,0.0007166049713018025
LLVM,kmeans_hamming,29,0.4,410,0.024054727901536378,0.0005761584064343247
LLVM,kmeans_hamming,30,0.4,410,0.023963232466047115,0.000539762132476661
LLVM,kmeans_hamming,31,0.4,410,0.024086502499221465,0.0007631032498294822
LLVM,kmeans_hamming,32,0.4,410,0.02394127577873762,0.0006473892751378787
LLVM,kmeans_hamming,33,0.4,410,0.023909009820920223,0.0007367756646962712
LLVM,kmeans_hamming,34,0.4,410,0.02386419493913672,0.0005933411859032825
LLVM,kmeans_hamming,35,0.4,410,0.024049011433324656,0.000624632402715508
LLVM,kmeans_hamming,36,0.4,410,0.02392245033445316,0.0006761369240200153
LLVM,kmeans_hamming,37,0.4,410,0.02379502650260953,0.0007823497668554352
LLVM,kmeans_hamming,38,0.4,410,0.023946672484167264,0.0006888336873907319
LLVM,kmeans_hamming,39,0.4,410,0.023985481870305875,0.0006328529737287296
LLVM,kmeans_hamming,40,0.4,410,0.023900828937146172,0.0004790908953179777
LLVM,kmeans_hamming,41,0.4,410,0.023807128191435885,0.0006415844224175544
LLVM,kmeans_hamming,42,0.4,410,0.023959509586376212,0.0006520270851350681
LLVM,kmeans_hamming,43,0.4,410,0.024062965155378833,0.0007725883507930239
LLVM,kmeans_hamming,44,0.4,410,0.02403849317272603,0.0005677078286985345
LLVM,kmeans_hamming,45,0.4,410,0.0241709192816812,0.0008517401164200025
LLVM,kmeans_hamming,46,0.4,410,0.023773753147619446,0.0006787158561976238
LLVM,kmeans_hamming,47,0.4,410,0.02384527910363231,0.0007704462649759713
LLVM,kmeans_hamming,48,0.4,410,0.023923110226612955,0.0008475515002736514
LLVM,kmeans_hamming,49,0.4,410,0.02397831595411289,0.0005675947995355283
LLVM,kmeans_hamming,50,0.4,410,0.02385587818984929,0.0006813670657483396
LLVM,kmeans_random,5,0.4,410,0.024419745297483666,0.0007438673941565996
LLVM,kmeans_random,6,0.4,410,0.024104157238239016,0.0007966274728295435
LLVM,kmeans_random,7,0.4,410,0.024401028016963748,0.0006770858170532636
LLVM,kmeans_random,8,0.4,410,0.024225236326696622,0.0006907806680851835
LLVM,kmeans_random,9,0.4,410,0.024187650382660957,0.0006465258915402987
LLVM,kmeans_random,10,0.4,410,0.024408836040143992,0.0007524733254570866
LLVM,kmeans_random,11,0.4,410,0.023964633413756726,0.0007266045669010785
LLVM,kmeans_random,12,0.4,410,0.023983617439930403,0.0006649602700543423
LLVM,kmeans_random,13,0.4,410,0.024012203161850824,0.0007726051221196008
LLVM,kmeans_random,14,0.4,410,0.024075295862662945,0.0008505220808073927
LLVM,kmeans_random,15,0.4,410,0.024110237963728177,0.000645614357775164
LLVM,kmeans_random,16,0.4,410,0.02405440981763742,0.0006788349507619815
LLVM,kmeans_random,17,0.4,410,0.024161248488211284,0.0007082713175410576
LLVM,kmeans_random,18,0.4,410,0.024161893124624453,0.0007020562298203716
LLVM,kmeans_random,19,0.4,410,0.02427418420023568,0.0008029859953897458
LLVM,kmeans_random,20,0.4,410,0.024254778009126496,0.0007943923741736745
LLVM,kmeans_random,21,0.4,410,0.024102162608974586,0.0009286070060764081
LLVM,kmeans_random,22,0.4,410,0.024326767924477223,0.0007674865654510498
LLVM,kmeans_random,23,0.4,410,0.02418132540200488,0.0005947611828831638
LLVM,kmeans_random,24,0.4,410,0.024172329342382157,0.0009607820090412624
LLVM,kmeans_random,25,0.4,410,0.0241412705596745,0.0005946054463631162
LLVM,kmeans_random,26,0.4,410,0.024235111915013808,0.0007151802248516829
LLVM,kmeans_random,27,0.4,410,0.024020284869650285,0.0006078934815062517
LLVM,kmeans_random,28,0.4,410,0.024137552892709316,0.0008155645174886894
LLVM,kmeans_random,29,0.4,410,0.024124200293820612,0.0007906035380256008
LLVM,kmeans_random,30,0.4,410,0.02413801221818185,0.0008117075405530737
LLVM,kmeans_random,31,0.4,410,0.024214750736781972,0.0007694373634709564
LLVM,kmeans_random,32,0.4,410,0.02434449253233952,0.0006905512395213216
LLVM,kmeans_random,33,0.4,410,0.024154256430883928,0.0010012878692026216
LLVM,kmeans_random,34,0.4,410,0.024072243312887622,0.0007861709889869126
LLVM,kmeans_random,35,0.4,410,0.024154360128985593,0.0007504856767737713
LLVM,kmeans_random,36,0.4,410,0.024261242400118888,0.0007879114664457579
LLVM,kmeans_random,37,0.4,410,0.023979119081682883,0.0006402882891406969
LLVM,kmeans_random,38,0.4,410,0.024186162245716288,0.0009604290836831991
LLVM,kmeans_random,39,0.4,410,0.024178216732828592,0.0007697080947556457
LLVM,kmeans_random,40,0.4,410,0.02434442795448614,0.0005615425014814454
LLVM,kmeans_random,41,0.4,410,0.024187126248043277,0.0009646824497112363
LLVM,kmeans_random,42,0.4,410,0.024117608053588778,0.0006799302266314649
LLVM,kmeans_random,43,0.4,410,0.024053054122426983,0.0008189625993275337
LLVM,kmeans_random,44,0.4,410,0.024386978345840995,0.0007909585639665898
LLVM,kmeans_random,45,0.4,410,0.02415704520816447,0.0007979386154122077
LLVM,kmeans_random,46,0.4,410,0.024434952520011575,0.0008347375201791105
LLVM,kmeans_random,47,0.4,410,0.024261249687950272,0.0008278854147964758
LLVM,kmeans_random,48,0.4,410,0.024202826767107156,0.0007225160483516259
LLVM,kmeans_random,49,0.4,410,0.02398779466014573,0.0007577358184630389
LLVM,kmeans_random,50,0.4,410,0.024167903725286894,0.0006270475416165143
LLVM,random,,0.4,410,0.02406754583001825,0.0007876582983889159
LLVM,diversity,,0.5,512,0.026941634653607695,0.0
LLVM,kmeans_default,5,0.5,512,0.030305309050729954,0.006545062280838948
LLVM,kmeans_default,6,0.5,512,0.02980344407062509,0.007091019656733607
LLVM,kmeans_default,7,0.5,512,0.029724650202305723,0.00686600585107765
LLVM,kmeans_default,8,0.5,512,0.028519213598576145,0.004821064492688855
LLVM,kmeans_default,9,0.5,512,0.02914638339294741,0.0035948861415648838
LLVM,kmeans_default,10,0.5,512,0.026971372341972034,0.003623614337943653
LLVM,kmeans_default,11,0.5,512,0.026092217625430077,0.003123881871053505
LLVM,kmeans_default,12,0.5,512,0.02594335627753159,0.002245169787559875
LLVM,kmeans_default,13,0.5,512,0.025768952998788952,0.0014321479532735091
LLVM,kmeans_default,14,0.5,512,0.02641452702892423,0.002476113511284125
LLVM,kmeans_default,15,0.5,512,0.025781851314299487,0.0023945017410736346
LLVM,kmeans_default,16,0.5,512,0.02535980460144672,0.0019224965980560666
LLVM,kmeans_default,17,0.5,512,0.025146892593486635,0.00166615451642402
LLVM,kmeans_default,18,0.5,512,0.024958936275025052,0.0016851488880084591
LLVM,kmeans_default,19,0.5,512,0.025019860820305457,0.0011934502781582592
LLVM,kmeans_default,20,0.5,512,0.0251373626427688,0.001389456604946247
LLVM,kmeans_default,21,0.5,512,0.02477928494503178,0.001724986244724405
LLVM,kmeans_default,22,0.5,512,0.02469219572411617,0.0014542563368323067
LLVM,kmeans_default,23,0.5,512,0.02466059846668428,0.0014251181746841415
LLVM,kmeans_default,24,0.5,512,0.024448033272700048,0.001082808895415769
LLVM,kmeans_default,25,0.5,512,0.024911795018110642,0.0014125568063775536
LLVM,kmeans_default,26,0.5,512,0.024434592015602066,0.0010383831671889512
LLVM,kmeans_default,27,0.5,512,0.024444089828926475,0.0008623490730788444
LLVM,kmeans_default,28,0.5,512,0.024252009665444194,0.0009994193183603536
LLVM,kmeans_default,29,0.5,512,0.02431030809429271,0.0012667350702975071
LLVM,kmeans_default,30,0.5,512,0.024327997631871243,0.0010029558097453758
LLVM,kmeans_default,31,0.5,512,0.024004187976068903,0.0009663015630542709
LLVM,kmeans_default,32,0.5,512,0.024046803663940994,0.0010344677134763046
LLVM,kmeans_default,33,0.5,512,0.024026289512290855,0.0008688428230987117
LLVM,kmeans_default,34,0.5,512,0.02428497621815359,0.0009143413233067944
LLVM,kmeans_default,35,0.5,512,0.024267128582500443,0.001036233144203097
LLVM,kmeans_default,36,0.5,512,0.023864005782282427,0.0007990818486528598
LLVM,kmeans_default,37,0.5,512,0.024201883110830585,0.0009134619191230849
LLVM,kmeans_default,38,0.5,512,0.02385018000792478,0.0009865613840922198
LLVM,kmeans_default,39,0.5,512,0.024109150039534216,0.000873904107575035
LLVM,kmeans_default,40,0.5,512,0.024035620273829016,0.0006611868239537974
LLVM,kmeans_default,41,0.5,512,0.023677934095757438,0.0008879921663036142
LLVM,kmeans_default,42,0.5,512,0.023985787645510587,0.0010250810287635401
LLVM,kmeans_default,43,0.5,512,0.023819375575550097,0.000728152579971157
LLVM,kmeans_default,44,0.5,512,0.02397423490338412,0.0008963461136664373
LLVM,kmeans_default,45,0.5,512,0.023979812073643823,0.0009181196859065839
LLVM,kmeans_default,46,0.5,512,0.02396042492510564,0.0008187875376790391
LLVM,kmeans_default,47,0.5,512,0.023857707172206193,0.0009228697733438483
LLVM,kmeans_default,48,0.5,512,0.02388449440499916,0.0006661647928419803
LLVM,kmeans_default,49,0.5,512,0.023953152599605062,0.0007333973309893504
LLVM,kmeans_default,50,0.5,512,0.023850477791663716,0.0009178958467392947
LLVM,kmeans_hamming,5,0.5,512,0.024143634072427915,0.0006869517324778597
LLVM,kmeans_hamming,6,0.5,512,0.024156668780671624,0.0006961484680679132
LLVM,kmeans_hamming,7,0.5,512,0.024138454666491085,0.0009072056916118135
LLVM,kmeans_hamming,8,0.5,512,0.023933174657452542,0.0007505842499747396
LLVM,kmeans_hamming,9,0.5,512,0.02398915198858053,0.0005619172228882338
LLVM,kmeans_hamming,10,0.5,512,0.023978606529752585,0.0005705559888637005
LLVM,kmeans_hamming,11,0.5,512,0.023824121959547747,0.0005495057837428736
LLVM,kmeans_hamming,12,0.5,512,0.02401468629959967,0.0005538865874472231
LLVM,kmeans_hamming,13,0.5,512,0.023876025921313278,0.0005693125191629603
LLVM,kmeans_hamming,14,0.5,512,0.023978202540056816,0.0006189521603853126
LLVM,kmeans_hamming,15,0.5,512,0.02415235529140011,0.0006612715183012494
LLVM,kmeans_hamming,16,0.5,512,0.02392871158691833,0.0006362565418893905
LLVM,kmeans_hamming,17,0.5,512,0.024117123174979566,0.0004912383656523973
LLVM,kmeans_hamming,18,0.5,512,0.023824706416576195,0.000614632476031524
LLVM,kmeans_hamming,19,0.5,512,0.024103219789157037,0.0006744092173579776
LLVM,kmeans_hamming,20,0.5,512,0.02420495636249682,0.000602242649245111
LLVM,kmeans_hamming,21,0.5,512,0.02394261821913862,0.0004908232811333445
LLVM,kmeans_hamming,22,0.5,512,0.024060207951094696,0.00057631307419591
LLVM,kmeans_hamming,23,0.5,512,0.023876641187920034,0.0004967686490182935
LLVM,kmeans_hamming,24,0.5,512,0.024067525039617805,0.000519267612368784
LLVM,kmeans_hamming,25,0.5,512,0.023758180959194578,0.0005239082660696894
LLVM,kmeans_hamming,26,0.5,512,0.024226637419825267,0.0007255265422499884
LLVM,kmeans_hamming,27,0.5,512,0.023923039315895105,0.000640929953717255
LLVM,kmeans_hamming,28,0.5,512,0.023941032573698885,0.0005487219245276043
LLVM,kmeans_hamming,29,0.5,512,0.023917550108548846,0.0005597921314947999
LLVM,kmeans_hamming,30,0.5,512,0.02390926423736549,0.0004630011271751966
LLVM,kmeans_hamming,31,0.5,512,0.02397788221890281,0.0007764590012781273
LLVM,kmeans_hamming,32,0.5,512,0.023853657692736174,0.0005000284453123289
LLVM,kmeans_hamming,33,0.5,512,0.023926535461699417,0.00040769873190833284
LLVM,kmeans_hamming,34,0.5,512,0.023857319302612406,0.0005611153731742952
LLVM,kmeans_hamming,35,0.5,512,0.024172435390607365,0.0006301851562282786
LLVM,kmeans_hamming,36,0.5,512,0.02393743788028761,0.0006606689728302025
LLVM,kmeans_hamming,37,0.5,512,0.023655016182883497,0.0007709348730870715
LLVM,kmeans_hamming,38,0.5,512,0.023975152695968404,0.000650798042192058
LLVM,kmeans_hamming,39,0.5,512,0.023960313406315596,0.0005598351347762702
LLVM,kmeans_hamming,40,0.5,512,0.02358401595704631,0.0006116963320137487
LLVM,kmeans_hamming,41,0.5,512,0.02377071321087571,0.0005063643993818141
LLVM,kmeans_hamming,42,0.5,512,0.023972172805782874,0.0007242384881518472
LLVM,kmeans_hamming,43,0.5,512,0.023930922446501465,0.0006630505328185563
LLVM,kmeans_hamming,44,0.5,512,0.02392865579997959,0.0006618180870584234
LLVM,kmeans_hamming,45,0.5,512,0.024008188614706223,0.0007026723183799768
LLVM,kmeans_hamming,46,0.5,512,0.02379880525570508,0.0007185409285947737
LLVM,kmeans_hamming,47,0.5,512,0.023902578610166182,0.0007136526338783098
LLVM,kmeans_hamming,48,0.5,512,0.023852505110140053,0.0007270921307809375
LLVM,kmeans_hamming,49,0.5,512,0.023898578242247507,0.0005349484635526893
LLVM,kmeans_hamming,50,0.5,512,0.023766277486285247,0.000637334337616154
LLVM,kmeans_random,5,0.5,512,0.024398159701052732,0.0006552325533628741
LLVM,kmeans_random,6,0.5,512,0.024008958551815326,0.000754416339892311
LLVM,kmeans_random,7,0.5,512,0.024200166803333763,0.00047502788659933577
LLVM,kmeans_random,8,0.5,512,0.024177579742685928,0.0007006613021269078
LLVM,kmeans_random,9,0.5,512,0.024123937100607545,0.0007635882868715321
LLVM,kmeans_random,10,0.5,512,0.02422125434104011,0.0007468121823451974
LLVM,kmeans_random,11,0.5,512,0.02400759294382537,0.0006613400635103426
LLVM,kmeans_random,12,0.5,512,0.024008802899203676,0.0004507610214063234
LLVM,kmeans_random,13,0.5,512,0.02399700585936453,0.0006836701719963896
LLVM,kmeans_random,14,0.5,512,0.024165697685612258,0.0007179468061414929
LLVM,kmeans_random,15,0.5,512,0.024053144280433546,0.000796449172994047
LLVM,kmeans_random,16,0.5,512,0.023989004771403533,0.0006921741286386744
LLVM,kmeans_random,17,0.5,512,0.02407078872282387,0.0006088206215216756
LLVM,kmeans_random,18,0.5,512,0.024000597837120705,0.0006600144901141784
LLVM,kmeans_random,19,0.5,512,0.024181314969846813,0.0007176288700297786
LLVM,kmeans_random,20,0.5,512,0.02410262664677259,0.0006561435656357453
LLVM,kmeans_random,21,0.5,512,0.02389334105734559,0.0007740582828634107
LLVM,kmeans_random,22,0.5,512,0.024312974520290496,0.0006622002882392839
LLVM,kmeans_random,23,0.5,512,0.024106899010974202,0.0006804852392219301
LLVM,kmeans_random,24,0.5,512,0.024159183158932496,0.0007597509719053401
LLVM,kmeans_random,25,0.5,512,0.024054377333411054,0.0006629777603213273
LLVM,kmeans_random,26,0.5,512,0.02422156214254188,0.0005466874711727218
LLVM,kmeans_random,27,0.5,512,0.023993002790853014,0.0006167987440572889
LLVM,kmeans_random,28,0.5,512,0.023982211921511842,0.000779878612980904
LLVM,kmeans_random,29,0.5,512,0.024059290721816128,0.0007714273552862773
LLVM,kmeans_random,30,0.5,512,0.023929112823600877,0.0006855945567479527
LLVM,kmeans_random,31,0.5,512,0.024194199046714115,0.0008197645091516969
LLVM,kmeans_random,32,0.5,512,0.02418761576106687,0.0006130230948415857
LLVM,kmeans_random,33,0.5,512,0.024052331773595392,0.0007119693757750052
LLVM,kmeans_random,34,0.5,512,0.023965327235704343,0.0006172096039923649
LLVM,kmeans_random,35,0.5,512,0.02405501805913473,0.000739475884654828
LLVM,kmeans_random,36,0.5,512,0.024059740345503476,0.0006951146640843248
LLVM,kmeans_random,37,0.5,512,0.02384832423061154,0.0006626147301503084
LLVM,kmeans_random,38,0.5,512,0.024106217226517856,0.0007815418354640378
LLVM,kmeans_random,39,0.5,512,0.023966137461129376,0.0008084480290531028
LLVM,kmeans_random,40,0.5,512,0.024208957730280905,0.0004870322557007659
LLVM,kmeans_random,41,0.5,512,0.024221982306407215,0.0007289025577512558
LLVM,kmeans_random,42,0.5,512,0.023912862694023946,0.000590679089898476
LLVM,kmeans_random,43,0.5,512,0.02392477362172956,0.0007541791610362282
LLVM,kmeans_random,44,0.5,512,0.024230721658844857,0.000713705838770524
LLVM,kmeans_random,45,0.5,512,0.02395880307784835,0.0005689951352929891
LLVM,kmeans_random,46,0.5,512,0.024264354663944002,0.0007618716742226976
LLVM,kmeans_random,47,0.5,512,0.024132203525010127,0.0008056435123947855
LLVM,kmeans_random,48,0.5,512,0.02394863797585655,0.0005916068274755056
LLVM,kmeans_random,49,0.5,512,0.024049904190453296,0.000653673404805484
LLVM,kmeans_random,50,0.5,512,0.024096422219541377,0.0005898115250476031
LLVM,random,,0.5,512,0.024271187899067088,0.0007095612303712665
LLVM,diversity,,0.6,614,0.029928397967557117,0.0
LLVM,kmeans_default,5,0.6,614,0.026862005927469387,0.004499706990139443
LLVM,kmeans_default,6,0.6,614,0.02765277768751775,0.005232393057578784
LLVM,kmeans_default,7,0.6,614,0.027591192251326033,0.005673080558703572
LLVM,kmeans_default,8,0.6,614,0.02711951433388406,0.003948830805889708
LLVM,kmeans_default,9,0.6,614,0.027226365394504907,0.0032983133163990456
LLVM,kmeans_default,10,0.6,614,0.026382696351812916,0.0037210695081033827
LLVM,kmeans_default,11,0.6,614,0.024622953481712603,0.0022286628457872
LLVM,kmeans_default,12,0.6,614,0.024873133238563664,0.0021893203480619775
LLVM,kmeans_default,13,0.6,614,0.024669092213718748,0.0018418916620936772
LLVM,kmeans_default,14,0.6,614,0.025134360573455958,0.0019025022700757948
LLVM,kmeans_default,15,0.6,614,0.02468344582659776,0.0019638616838750776
LLVM,kmeans_default,16,0.6,614,0.02433136425319471,0.0013793061298537055
LLVM,kmeans_default,17,0.6,614,0.024510722438109252,0.0018090618773558673
LLVM,kmeans_default,18,0.6,614,0.02448790334482737,0.0013046226625253372
LLVM,kmeans_default,19,0.6,614,0.024185971201550197,0.0011633312385937573
LLVM,kmeans_default,20,0.6,614,0.02444522992749803,0.0011909131208425875
LLVM,kmeans_default,21,0.6,614,0.02409261053841145,0.001353496294723182
LLVM,kmeans_default,22,0.6,614,0.024001525463446687,0.0012579909572433589
LLVM,kmeans_default,23,0.6,614,0.024296980925743332,0.0013814606253294535
LLVM,kmeans_default,24,0.6,614,0.02434068779162215,0.0009863382619479978
LLVM,kmeans_default,25,0.6,614,0.024104336362970925,0.0012164927050242983
LLVM,kmeans_default,26,0.6,614,0.023737840041725,0.001089886015677575
LLVM,kmeans_default,27,0.6,614,0.023862247778293388,0.0008564723265857674
LLVM,kmeans_default,28,0.6,614,0.02360335032024229,0.0009492154187777357
LLVM,kmeans_default,29,0.6,614,0.02385286276059113,0.001045286946148057
LLVM,kmeans_default,30,0.6,614,0.023728889033082765,0.0010329697945924937
LLVM,kmeans_default,31,0.6,614,0.02364103723532598,0.0010210397634730453
LLVM,kmeans_default,32,0.6,614,0.02347380216198518,0.0011278085053394837
LLVM,kmeans_default,33,0.6,614,0.023541081233498195,0.000763023189411884
LLVM,kmeans_default,34,0.6,614,0.023683200135210362,0.000991635629222269
LLVM,kmeans_default,35,0.6,614,0.02387946002620915,0.001118230944265098
LLVM,kmeans_default,36,0.6,614,0.02341313248172431,0.0007272892794291627
LLVM,kmeans_default,37,0.6,614,0.0237372520203688,0.0008306409728165393
LLVM,kmeans_default,38,0.6,614,0.023523307649695013,0.0010396198856546745
LLVM,kmeans_default,39,0.6,614,0.023666699636522716,0.0008148621874150983
LLVM,kmeans_default,40,0.6,614,0.023543302791040596,0.000643584137274032
LLVM,kmeans_default,41,0.6,614,0.023431114930780584,0.0011929197266232789
LLVM,kmeans_default,42,0.6,614,0.023745484902854785,0.0011011108356756925
LLVM,kmeans_default,43,0.6,614,0.02343038921009488,0.0008640749640286172
LLVM,kmeans_default,44,0.6,614,0.023636541513831082,0.000978524078069586
LLVM,kmeans_default,45,0.6,614,0.023805706919214128,0.0009165666723389366
LLVM,kmeans_default,46,0.6,614,0.02365001672036703,0.0008112764165241895
LLVM,kmeans_default,47,0.6,614,0.023624796445068808,0.0009084559646549816
LLVM,kmeans_default,48,0.6,614,0.02364138244957167,0.0007920696519674442
LLVM,kmeans_default,49,0.6,614,0.023634010535401564,0.0009499833127376866
LLVM,kmeans_default,50,0.6,614,0.02344919555235139,0.0009467346161698917
LLVM,kmeans_hamming,5,0.6,614,0.02418420320067568,0.0008690683617908674
LLVM,kmeans_hamming,6,0.6,614,0.024129648025718688,0.0010542143759409543
LLVM,kmeans_hamming,7,0.6,614,0.024125877182667652,0.0009735693280020865
LLVM,kmeans_hamming,8,0.6,614,0.024006449176239186,0.0009431554417547647
LLVM,kmeans_hamming,9,0.6,614,0.02393050604795916,0.00073468748960357
LLVM,kmeans_hamming,10,0.6,614,0.023849524266332307,0.0006542474170594055
LLVM,kmeans_hamming,11,0.6,614,0.02387162979180902,0.0005408611333622514
LLVM,kmeans_hamming,12,0.6,614,0.023981863919596058,0.0005341156141595962
LLVM,kmeans_hamming,13,0.6,614,0.023750647525752882,0.0007331302123040125
LLVM,kmeans_hamming,14,0.6,614,0.024020241846630912,0.0005961138216680264
LLVM,kmeans_hamming,15,0.6,614,0.02419907720434503,0.0004892321633377233
LLVM,kmeans_hamming,16,0.6,614,0.023775776289115678,0.0007699540476364316
LLVM,kmeans_hamming,17,0.6,614,0.024075667177534607,0.000515269594041522
LLVM,kmeans_hamming,18,0.6,614,0.023879451508743453,0.0007819749224429312
LLVM,kmeans_hamming,19,0.6,614,0.02405438811603421,0.0006439498591700183
LLVM,kmeans_hamming,20,0.6,614,0.02413796704106737,0.0007230908384608513
LLVM,kmeans_hamming,21,0.6,614,0.023871964878254995,0.000582544820300825
LLVM,kmeans_hamming,22,0.6,614,0.024138532989295382,0.0007091903017837203
LLVM,kmeans_hamming,23,0.6,614,0.023897304889117274,0.0005302890019330481
LLVM,kmeans_hamming,24,0.6,614,0.02412589521912278,0.000688686856250789
LLVM,kmeans_hamming,25,0.6,614,0.023902007917455732,0.0005000436365748377
LLVM,kmeans_hamming,26,0.6,614,0.024126501914277988,0.0007242406065103375
LLVM,kmeans_hamming,27,0.6,614,0.024015642206127355,0.0007358574404459672
LLVM,kmeans_hamming,28,0.6,614,0.023838492808805952,0.0007251951151478773
LLVM,kmeans_hamming,29,0.6,614,0.024026831915629328,0.000668156242882661
LLVM,kmeans_hamming,30,0.6,614,0.02374908415210076,0.000624249085387545
LLVM,kmeans_hamming,31,0.6,614,0.0239083307947481,0.0006925791861566289
LLVM,kmeans_hamming,32,0.6,614,0.023806480839521648,0.0006073652961797833
LLVM,kmeans_hamming,33,0.6,614,0.023918299103847646,0.0005165773952923934
LLVM,kmeans_hamming,34,0.6,614,0.02375579805100631,0.0008627463722801685
LLVM,kmeans_hamming,35,0.6,614,0.024183750467911286,0.0007609948699146016
LLVM,kmeans_hamming,36,0.6,614,0.02398203323304288,0.0007228331528601261
LLVM,kmeans_hamming,37,0.6,614,0.02376839255768589,0.0008750496951920972
LLVM,kmeans_hamming,38,0.6,614,0.02407228959104417,0.0005796842986414188
LLVM,kmeans_hamming,39,0.6,614,0.0239465817949545,0.000603714481637452
LLVM,kmeans_hamming,40,0.6,614,0.023546804307713203,0.0007817553383929988
LLVM,kmeans_hamming,41,0.6,614,0.02401478223598358,0.0007606234068842879
LLVM,kmeans_hamming,42,0.6,614,0.0238554212824383,0.000666787385758913
LLVM,kmeans_hamming,43,0.6,614,0.023816171170057684,0.0007814632806322679
LLVM,kmeans_hamming,44,0.6,614,0.023975982688122132,0.0006982104903338201
LLVM,kmeans_hamming,45,0.6,614,0.024010343704589477,0.0006669059536851217
LLVM,kmeans_hamming,46,0.6,614,0.02387506470428032,0.0007396544631157981
LLVM,kmeans_hamming,47,0.6,614,0.0238826700835124,0.0007272460512199194
LLVM,kmeans_hamming,48,0.6,614,0.023852528634391454,0.0008506520478786335
LLVM,kmeans_hamming,49,0.6,614,0.023780840291853733,0.0005777704730060723
LLVM,kmeans_hamming,50,0.6,614,0.02373754309557352,0.000648890618754057
LLVM,kmeans_random,5,0.6,614,0.024413558693441546,0.0009789643051776606
LLVM,kmeans_random,6,0.6,614,0.02396894915337143,0.0009520616551925936
LLVM,kmeans_random,7,0.6,614,0.024219678121241133,0.0006112108848508928
LLVM,kmeans_random,8,0.6,614,0.024209829773269336,0.0007403468406620168
LLVM,kmeans_random,9,0.6,614,0.024296771541348388,0.0009637189883639028
LLVM,kmeans_random,10,0.6,614,0.024115985072698572,0.0008490621371455412
LLVM,kmeans_random,11,0.6,614,0.02398700617067901,0.0008342300459970951
LLVM,kmeans_random,12,0.6,614,0.023948734387404955,0.0005552620360922993
LLVM,kmeans_random,13,0.6,614,0.023905575470528004,0.0007645454889575502
LLVM,kmeans_random,14,0.6,614,0.02410997740744836,0.0009055189051690388
LLVM,kmeans_random,15,0.6,614,0.023969767928323046,0.0008065910786615893
LLVM,kmeans_random,16,0.6,614,0.02409003697440031,0.0007822112292600168
LLVM,kmeans_random,17,0.6,614,0.024061127888271826,0.0006786494391966106
LLVM,kmeans_random,18,0.6,614,0.023935355482720733,0.0005804789837888772
LLVM,kmeans_random,19,0.6,614,0.024095352294274792,0.0006389771916872537
LLVM,kmeans_random,20,0.6,614,0.02392781293350415,0.0006595675027812176
LLVM,kmeans_random,21,0.6,614,0.023805711092457656,0.0007495124820295583
LLVM,kmeans_random,22,0.6,614,0.0241708648042143,0.0007165108971851326
LLVM,kmeans_random,23,0.6,614,0.023962515519330988,0.0008843239598695557
LLVM,kmeans_random,24,0.6,614,0.02412065283134073,0.000834187355714162
LLVM,kmeans_random,25,0.6,614,0.0240648679131695,0.000634189271555
LLVM,kmeans_random,26,0.6,614,0.024049189991322155,0.0006891782976581653
LLVM,kmeans_random,27,0.6,614,0.023926973093301607,0.0007244185730700333
LLVM,kmeans_random,28,0.6,614,0.023889334463027722,0.0008652289327342593
LLVM,kmeans_random,29,0.6,614,0.024028954284314633,0.0008406738917899261
LLVM,kmeans_random,30,0.6,614,0.023792059009545386,0.000751018452284568
LLVM,kmeans_random,31,0.6,614,0.024064562461611257,0.0006788089065544012
LLVM,kmeans_random,32,0.6,614,0.024229199744024855,0.0006171254458184623
LLVM,kmeans_random,33,0.6,614,0.024193437038856184,0.0008072271386365252
LLVM,kmeans_random,34,0.6,614,0.023845936375007624,0.0007709685433781446
LLVM,kmeans_random,35,0.6,614,0.02404416016582176,0.0008043770661599216
LLVM,kmeans_random,36,0.6,614,0.023991119096498103,0.0007632995690990295
LLVM,kmeans_random,37,0.6,614,0.02388896080621649,0.000922270362694997
LLVM,kmeans_random,38,0.6,614,0.023959729743461826,0.0008663011234024492
LLVM,kmeans_random,39,0.6,614,0.023968462942918947,0.0007987945018837945
LLVM,kmeans_random,40,0.6,614,0.024239246998669042,0.0005048062688961351
LLVM,kmeans_random,41,0.6,614,0.024279336226742443,0.0007359692444495092
LLVM,kmeans_random,42,0.6,614,0.02373300663575141,0.0007086565544236776
LLVM,kmeans_random,43,0.6,614,0.023759990052341588,0.0008275515948529513
LLVM,kmeans_random,44,0.6,614,0.024114670033487877,0.0008756639123567824
LLVM,kmeans_random,45,0.6,614,0.02396306549538899,0.0005404624670389028
LLVM,kmeans_random,46,0.6,614,0.024180429842963636,0.0008761809307412817
LLVM,kmeans_random,47,0.6,614,0.0240380757378476,0.0009531408687813314
LLVM,kmeans_random,48,0.6,614,0.023925639573064032,0.0006886129291759875
LLVM,kmeans_random,49,0.6,614,0.024101449892335206,0.00079488221141017
LLVM,kmeans_random,50,0.6,614,0.024114436291951553,0.0007495513723306884
LLVM,random,,0.6,614,0.023982075339471016,0.0005981648526662324
LLVM,diversity,,0.7,717,0.0270074524068296,0.0
LLVM,kmeans_default,5,0.7,717,0.0237846679083663,0.0037366379084963265
LLVM,kmeans_default,6,0.7,717,0.025458067136490636,0.004213972061087252
LLVM,kmeans_default,7,0.7,717,0.02454388080164349,0.004392674997028059
LLVM,kmeans_default,8,0.7,717,0.023593112680619602,0.003128752284321219
LLVM,kmeans_default,9,0.7,717,0.02404173904881007,0.0026873422539745984
LLVM,kmeans_default,10,0.7,717,0.024512808950534568,0.0037133316043093194
LLVM,kmeans_default,11,0.7,717,0.022751590446791214,0.0022805825002556544
LLVM,kmeans_default,12,0.7,717,0.02270902462934129,0.0014937160245448336
LLVM,kmeans_default,13,0.7,717,0.023196742664918415,0.0016300618187558788
LLVM,kmeans_default,14,0.7,717,0.0225980717317986,0.001255563276962755
LLVM,kmeans_default,15,0.7,717,0.022805646841225338,0.001375047638574379
LLVM,kmeans_default,16,0.7,717,0.02320031275888078,0.0013830869070329394
LLVM,kmeans_default,17,0.7,717,0.02278607348919635,0.0015570967023913415
LLVM,kmeans_default,18,0.7,717,0.022939588523554145,0.001108517183153269
LLVM,kmeans_default,19,0.7,717,0.022831032308346745,0.0014694238771398181
LLVM,kmeans_default,20,0.7,717,0.02296740757674694,0.0013201536986722912
LLVM,kmeans_default,21,0.7,717,0.02320783591445768,0.0014282809380413988
LLVM,kmeans_default,22,0.7,717,0.022654638548590192,0.001370131133780556
LLVM,kmeans_default,23,0.7,717,0.02316580316160749,0.0014656245063797058
LLVM,kmeans_default,24,0.7,717,0.02336422241530228,0.0015908836384419364
LLVM,kmeans_default,25,0.7,717,0.022824054325232223,0.001449092360000027
LLVM,kmeans_default,26,0.7,717,0.02259610188880696,0.0012868826331394123
LLVM,kmeans_default,27,0.7,717,0.022773056949117774,0.0010609950586410201
LLVM,kmeans_default,28,0.7,717,0.02239452255861337,0.001101318149260613
LLVM,kmeans_default,29,0.7,717,0.022906700821949004,0.0012206245842889827
LLVM,kmeans_default,30,0.7,717,0.0225335947934486,0.0012656826742263572
LLVM,kmeans_default,31,0.7,717,0.02267879319892831,0.0012221723537646134
LLVM,kmeans_default,32,0.7,717,0.022402478376696476,0.0013231960530297546
LLVM,kmeans_default,33,0.7,717,0.02259302215745951,0.0009253258414687608
LLVM,kmeans_default,34,0.7,717,0.022640765109019887,0.0013301402901032008
LLVM,kmeans_default,35,0.7,717,0.022913747002557914,0.0013537663728705543
LLVM,kmeans_default,36,0.7,717,0.022485715058705034,0.0009524302947422124
LLVM,kmeans_default,37,0.7,717,0.022655840677647695,0.0008852131669744831
LLVM,kmeans_default,38,0.7,717,0.022573586008147593,0.0011877775877958746
LLVM,kmeans_default,39,0.7,717,0.022650727711783402,0.0009383503682070423
LLVM,kmeans_default,40,0.7,717,0.022666178738111782,0.0009757887972949787
LLVM,kmeans_default,41,0.7,717,0.022699988584710735,0.0013947353659565878
LLVM,kmeans_default,42,0.7,717,0.023101327132642163,0.0013808842738015736
LLVM,kmeans_default,43,0.7,717,0.022690532337047754,0.0012459687815689273
LLVM,kmeans_default,44,0.7,717,0.022804835644073016,0.001078765008634107
LLVM,kmeans_default,45,0.7,717,0.023237608933234122,0.0010554134276368069
LLVM,kmeans_default,46,0.7,717,0.022876308292487827,0.0010032601549708334
LLVM,kmeans_default,47,0.7,717,0.022915311043766193,0.0010597305365472873
LLVM,kmeans_default,48,0.7,717,0.022743023793670648,0.0009579249323918245
LLVM,kmeans_default,49,0.7,717,0.023054619542075015,0.0013000173745998146
LLVM,kmeans_default,50,0.7,717,0.022845812759067167,0.0011600332906776046
LLVM,kmeans_hamming,5,0.7,717,0.024130771169016053,0.001170715052626887
LLVM,kmeans_hamming,6,0.7,717,0.024231501321132644,0.00164611980458205
LLVM,kmeans_hamming,7,0.7,717,0.024124755061731108,0.0011999749478352156
LLVM,kmeans_hamming,8,0.7,717,0.024115250130689513,0.0008719603038761473
LLVM,kmeans_hamming,9,0.7,717,0.023862620954466788,0.0011099816074069358
LLVM,kmeans_hamming,10,0.7,717,0.02408938300739213,0.0010022401117180855
LLVM,kmeans_hamming,11,0.7,717,0.02386842217850434,0.0006101581616229071
LLVM,kmeans_hamming,12,0.7,717,0.02408892360829973,0.0008126624164711909
LLVM,kmeans_hamming,13,0.7,717,0.023646943334634837,0.001101907648371914
LLVM,kmeans_hamming,14,0.7,717,0.024147336753918034,0.000981415480034953
LLVM,kmeans_hamming,15,0.7,717,0.024223748902056915,0.0006479043317622897
LLVM,kmeans_hamming,16,0.7,717,0.023819923772603276,0.001164956911097013
LLVM,kmeans_hamming,17,0.7,717,0.02385820825077785,0.0007278966950495058
LLVM,kmeans_hamming,18,0.7,717,0.02385552900748768,0.0010216730495571107
LLVM,kmeans_hamming,19,0.7,717,0.0242051612543489,0.0006512549427238167
LLVM,kmeans_hamming,20,0.7,717,0.024069710970149837,0.000804534752417555
LLVM,kmeans_hamming,21,0.7,717,0.02390220768636462,0.0008640928136029956
LLVM,kmeans_hamming,22,0.7,717,0.024119301177441894,0.001189417578840109
LLVM,kmeans_hamming,23,0.7,717,0.02392799878908317,0.0008187441893589399
LLVM,kmeans_hamming,24,0.7,717,0.024253020967937952,0.0008906081189361404
LLVM,kmeans_hamming,25,0.7,717,0.023976335694017244,0.0007626936131843226
LLVM,kmeans_hamming,26,0.7,717,0.024145622157987174,0.0008332788012128794
LLVM,kmeans_hamming,27,0.7,717,0.024069662436646464,0.0010450752954082698
LLVM,kmeans_hamming,28,0.7,717,0.023843866649430133,0.0009644339454662284
LLVM,kmeans_hamming,29,0.7,717,0.024107375757910908,0.0009129266560426697
LLVM,kmeans_hamming,30,0.7,717,0.023584550117182124,0.0007674803964682393
LLVM,kmeans_hamming,31,0.7,717,0.02374444726153766,0.001027692819534991
LLVM,kmeans_hamming,32,0.7,717,0.02364803141371317,0.000806964774640346
LLVM,kmeans_hamming,33,0.7,717,0.024137523702950716,0.0008677158626513372
LLVM,kmeans_hamming,34,0.7,717,0.02372540665211125,0.001316240899354664
LLVM,kmeans_hamming,35,0.7,717,0.02431948433652938,0.0010167103589938287
LLVM,kmeans_hamming,36,0.7,717,0.023974766193127692,0.0009839587925326062
LLVM,kmeans_hamming,37,0.7,717,0.023824429045796236,0.000954391353559057
LLVM,kmeans_hamming,38,0.7,717,0.024182929774012325,0.000802871393855086
LLVM,kmeans_hamming,39,0.7,717,0.024032192876650562,0.0008384206981099469
LLVM,kmeans_hamming,40,0.7,717,0.023645938691335758,0.0010576645412486451
LLVM,kmeans_hamming,41,0.7,717,0.024025959586335723,0.0011168674763987225
LLVM,kmeans_hamming,42,0.7,717,0.02401859324304926,0.000833447734410959
LLVM,kmeans_hamming,43,0.7,717,0.023787945515707277,0.0011043841863905466
LLVM,kmeans_hamming,44,0.7,717,0.023802797659006177,0.0009699810734725872
LLVM,kmeans_hamming,45,0.7,717,0.023901513201432086,0.0010169683239509137
LLVM,kmeans_hamming,46,0.7,717,0.023687946387028702,0.000889342762554404
LLVM,kmeans_hamming,47,0.7,717,0.02404385687645246,0.000792288137490829
LLVM,kmeans_hamming,48,0.7,717,0.023929003698733832,0.0010559315446642067
LLVM,kmeans_hamming,49,0.7,717,0.023756966016681185,0.0008265352197013562
LLVM,kmeans_hamming,50,0.7,717,0.023689628463836283,0.0007248528108859775
LLVM,kmeans_random,5,0.7,717,0.024363890401492748,0.0013283382095645242
LLVM,kmeans_random,6,0.7,717,0.023833163271757263,0.0014755786086340943
LLVM,kmeans_random,7,0.7,717,0.02405171382912474,0.0009703598486815164
LLVM,kmeans_random,8,0.7,717,0.02422626128126138,0.0010229187572250208
LLVM,kmeans_random,9,0.7,717,0.02443994136085762,0.0014912136617687372
LLVM,kmeans_random,10,0.7,717,0.024008129119739506,0.0012301981540278615
LLVM,kmeans_random,11,0.7,717,0.02395426168320951,0.0010139984919334192
LLVM,kmeans_random,12,0.7,717,0.023958247947347005,0.0009970695773675981
LLVM,kmeans_random,13,0.7,717,0.023916392610161784,0.0009101909778732812
LLVM,kmeans_random,14,0.7,717,0.02403387918416359,0.000962257228509141
LLVM,kmeans_random,15,0.7,717,0.023985611432944122,0.0010163829836115018
LLVM,kmeans_random,16,0.7,717,0.024061706076190525,0.0010476402890889727
LLVM,kmeans_random,17,0.7,717,0.024001111695010523,0.0010143136403921971
LLVM,kmeans_random,18,0.7,717,0.02377128286932167,0.0008984932202088028
LLVM,kmeans_random,19,0.7,717,0.024144865816059884,0.0008579394083663886
LLVM,kmeans_random,20,0.7,717,0.02378488073816041,0.0007741526477863065
LLVM,kmeans_random,21,0.7,717,0.023771859006955,0.0009291052285681042
LLVM,kmeans_random,22,0.7,717,0.024059602752558695,0.0011556112470197622
LLVM,kmeans_random,23,0.7,717,0.02402957573529261,0.0010860952016793623
LLVM,kmeans_random,24,0.7,717,0.02415435885087957,0.0008828642189423321
LLVM,kmeans_random,25,0.7,717,0.023929306263606016,0.0010148117423769913
LLVM,kmeans_random,26,0.7,717,0.023892279763135887,0.0009674570309764452
LLVM,kmeans_random,27,0.7,717,0.02397799389121119,0.0010422881400105964
LLVM,kmeans_random,28,0.7,717,0.02380961820785595,0.0010395417758307384
LLVM,kmeans_random,29,0.7,717,0.02409297668632331,0.0008656494200860824
LLVM,kmeans_random,30,0.7,717,0.023559879018840338,0.0008598346095400378
LLVM,kmeans_random,31,0.7,717,0.023930637800680023,0.0009190883730714807
LLVM,kmeans_random,32,0.7,717,0.024230864259786485,0.0008893717146442351
LLVM,kmeans_random,33,0.7,717,0.02406120806331031,0.0009998235242106254
LLVM,kmeans_random,34,0.7,717,0.023710720422515534,0.0009768763802741418
LLVM,kmeans_random,35,0.7,717,0.024092231627430225,0.0010131191820422845
LLVM,kmeans_random,36,0.7,717,0.02373900779306765,0.001044780208583165
LLVM,kmeans_random,37,0.7,717,0.0239383396245284,0.000993818744128479
LLVM,kmeans_random,38,0.7,717,0.024052864181896137,0.0011048827872713587
LLVM,kmeans_random,39,0.7,717,0.023885092625990683,0.0008595958047741883
LLVM,kmeans_random,40,0.7,717,0.02421852920046178,0.0006922458553811207
LLVM,kmeans_random,41,0.7,717,0.024234548870973115,0.0010333152346313926
LLVM,kmeans_random,42,0.7,717,0.0238243473256312,0.0011527778885900934
LLVM,kmeans_random,43,0.7,717,0.023961607448901485,0.0011350269531459575
LLVM,kmeans_random,44,0.7,717,0.02395387736136563,0.0010602367119503546
LLVM,kmeans_random,45,0.7,717,0.023987334479068936,0.0008607630858913454
LLVM,kmeans_random,46,0.7,717,0.02402949939046671,0.0010546074270832424
LLVM,kmeans_random,47,0.7,717,0.024074726520181645,0.001164488686385759
LLVM,kmeans_random,48,0.7,717,0.023949293039643757,0.0010113168591546118
LLVM,kmeans_random,49,0.7,717,0.024116003252503293,0.0009190881483451902
LLVM,kmeans_random,50,0.7,717,0.02408373195022345,0.0008509748660395689
LLVM,random,,0.7,717,0.02413242536487648,0.0007656927780123723
LLVM,diversity,,0.8,819,0.0163100675584694,0.0
LLVM,kmeans_default,5,0.8,819,0.020654842368331965,0.003620472153625309
LLVM,kmeans_default,6,0.8,819,0.022791531467624974,0.003844205416769491
LLVM,kmeans_default,7,0.8,819,0.021584115355775466,0.004366808482317829
LLVM,kmeans_default,8,0.8,819,0.02108651185365169,0.0040992774500908475
LLVM,kmeans_default,9,0.8,819,0.020140979532920603,0.0027124285661554925
LLVM,kmeans_default,10,0.8,819,0.021530452141836572,0.004194626099370221
LLVM,kmeans_default,11,0.8,819,0.020635662690309527,0.0024869379056287654
LLVM,kmeans_default,12,0.8,819,0.020360830274941212,0.00158868356125663
LLVM,kmeans_default,13,0.8,819,0.02117866030876705,0.002143218941152879
LLVM,kmeans_default,14,0.8,819,0.020553634816699688,0.001352019931715921
LLVM,kmeans_default,15,0.8,819,0.020749383613425456,0.0018558790482701428
LLVM,kmeans_default,16,0.8,819,0.021419410185590324,0.0015709127311631767
LLVM,kmeans_default,17,0.8,819,0.020666684529558943,0.0015539609550064117
LLVM,kmeans_default,18,0.8,819,0.020939245552163577,0.0013454493547330555
LLVM,kmeans_default,19,0.8,819,0.020965517768446774,0.0018053868842576005
LLVM,kmeans_default,20,0.8,819,0.02102615607432014,0.0016085918800698568
LLVM,kmeans_default,21,0.8,819,0.021217587576555057,0.0017447455393788925
LLVM,kmeans_default,22,0.8,819,0.020564171479084088,0.0020059373185607613
LLVM,kmeans_default,23,0.8,819,0.021220586678412902,0.001970036301055461
LLVM,kmeans_default,24,0.8,819,0.02175517675841811,0.0022451940520452273
LLVM,kmeans_default,25,0.8,819,0.02134538036770554,0.0020937657354364136
LLVM,kmeans_default,26,0.8,819,0.02093350446143733,0.0015712725505198793
LLVM,kmeans_default,27,0.8,819,0.020968280939695265,0.0012857337628755536
LLVM,kmeans_default,28,0.8,819,0.020598980981181878,0.001707762083947654
LLVM,kmeans_default,29,0.8,819,0.021450851289098422,0.001773941851614678
LLVM,kmeans_default,30,0.8,819,0.020902485175340862,0.0014693829791025401
LLVM,kmeans_default,31,0.8,819,0.021294852178770193,0.001634409565420486
LLVM,kmeans_default,32,0.8,819,0.020976672934979214,0.0015945676916450705
LLVM,kmeans_default,33,0.8,819,0.02117804545559084,0.0016844243335529102
LLVM,kmeans_default,34,0.8,819,0.021444881138090614,0.0019365728999231084
LLVM,kmeans_default,35,0.8,819,0.021564543507298254,0.001623578538356348
LLVM,kmeans_default,36,0.8,819,0.02120521314626714,0.001423937794024242
LLVM,kmeans_default,37,0.8,819,0.021496131634630624,0.0013705229971126495
LLVM,kmeans_default,38,0.8,819,0.021277494668602816,0.0017810359020711054
LLVM,kmeans_default,39,0.8,819,0.0214733310293134,0.0014146857152656693
LLVM,kmeans_default,40,0.8,819,0.02120874515172719,0.001492903884741374
LLVM,kmeans_default,41,0.8,819,0.02170725537181239,0.0019574212522806065
LLVM,kmeans_default,42,0.8,819,0.021941769435674757,0.0018784455282147632
LLVM,kmeans_default,43,0.8,819,0.021566189613542733,0.0014834553778599042
LLVM,kmeans_default,44,0.8,819,0.02175739764490336,0.0015264010820872434
LLVM,kmeans_default,45,0.8,819,0.021812583058481074,0.001235163601784976
LLVM,kmeans_default,46,0.8,819,0.02168047438566971,0.001774213709192906
LLVM,kmeans_default,47,0.8,819,0.021746024207336647,0.001402602989671472
LLVM,kmeans_default,48,0.8,819,0.021833910570685334,0.0012287464962876602
LLVM,kmeans_default,49,0.8,819,0.022098451087006882,0.001867743261726228
LLVM,kmeans_default,50,0.8,819,0.021743409061422567,0.0015206773027165198
LLVM,kmeans_hamming,5,0.8,819,0.024082083914574948,0.001789840474820402
LLVM,kmeans_hamming,6,0.8,819,0.024193291508680433,0.00228704700160784
LLVM,kmeans_hamming,7,0.8,819,0.023921594649536047,0.0018193697648671392
LLVM,kmeans_hamming,8,0.8,819,0.02430232707844917,0.0013174354129657682
LLVM,kmeans_hamming,9,0.8,819,0.023952909076843117,0.0019295813501138109
LLVM,kmeans_hamming,10,0.8,819,0.024145712158374407,0.0015569685993305075
LLVM,kmeans_hamming,11,0.8,819,0.023788871768420778,0.0012730926716526475
LLVM,kmeans_hamming,12,0.8,819,0.024161061527897973,0.00138872592698633
LLVM,kmeans_hamming,13,0.8,819,0.02358290497189567,0.0016103905857751078
LLVM,kmeans_hamming,14,0.8,819,0.023952197080873164,0.0014855042405021934
LLVM,kmeans_hamming,15,0.8,819,0.024382928066825092,0.001063118100645121
LLVM,kmeans_hamming,16,0.8,819,0.023976851949055532,0.001455272467567371
LLVM,kmeans_hamming,17,0.8,819,0.023788156299085626,0.0013755327346658944
LLVM,kmeans_hamming,18,0.8,819,0.023837660969201334,0.0013512965605417659
LLVM,kmeans_hamming,19,0.8,819,0.024215072243515726,0.0011831579768808982
LLVM,kmeans_hamming,20,0.8,819,0.02402823210066981,0.001154286124675072
LLVM,kmeans_hamming,21,0.8,819,0.023661694018035938,0.0013122155890294511
LLVM,kmeans_hamming,22,0.8,819,0.02413025684014447,0.0019650168100760357
LLVM,kmeans_hamming,23,0.8,819,0.02419918291698991,0.0014788598648649168
LLVM,kmeans_hamming,24,0.8,819,0.024440721191624094,0.0015372622421533217
LLVM,kmeans_hamming,25,0.8,819,0.023890345152984528,0.001285150603740289
LLVM,kmeans_hamming,26,0.8,819,0.02382884279645949,0.0012180380809207834
LLVM,kmeans_hamming,27,0.8,819,0.024027757691337852,0.0013664729984960938
LLVM,kmeans_hamming,28,0.8,819,0.024123629363781724,0.0011348695108899223
LLVM,kmeans_hamming,29,0.8,819,0.02433361371705711,0.0013909007230596875
LLVM,kmeans_hamming,30,0.8,819,0.023398308903877445,0.001223771329255553
LLVM,kmeans_hamming,31,0.8,819,0.024071541226935785,0.0014839679708813552
LLVM,kmeans_hamming,32,0.8,819,0.023470569540350348,0.0012800417746330524
LLVM,kmeans_hamming,33,0.8,819,0.024034929714669688,0.0012820447402387145
LLVM,kmeans_hamming,34,0.8,819,0.02365666177515008,0.0017572363131496428
LLVM,kmeans_hamming,35,0.8,819,0.0244285434440197,0.0017834757715966285
LLVM,kmeans_hamming,36,0.8,819,0.024410771396460713,0.0013802253606947023
LLVM,kmeans_hamming,37,0.8,819,0.023707278921349714,0.0016068643529053607
LLVM,kmeans_hamming,38,0.8,819,0.024091119443239987,0.0016340675028044087
LLVM,kmeans_hamming,39,0.8,819,0.024118707835801407,0.0014501207316478003
LLVM,kmeans_hamming,40,0.8,819,0.02355439424198499,0.0015843589639757954
LLVM,kmeans_hamming,41,0.8,819,0.024084754383760638,0.0015419460917444837
LLVM,kmeans_hamming,42,0.8,819,0.02377038604137988,0.0014431802418571824
LLVM,kmeans_hamming,43,0.8,819,0.02379121524889568,0.001810556674459014
LLVM,kmeans_hamming,44,0.8,819,0.023729722804912246,0.0012549332276930725
LLVM,kmeans_hamming,45,0.8,819,0.024051969538764872,0.001424688138420024
LLVM,kmeans_hamming,46,0.8,819,0.023725689838523516,0.0011889273313237087
LLVM,kmeans_hamming,47,0.8,819,0.024239110684997726,0.0011224825338316652
LLVM,kmeans_hamming,48,0.8,819,0.024039453206742514,0.0015600841851612192
LLVM,kmeans_hamming,49,0.8,819,0.02364729150744592,0.0013314009781685784
LLVM,kmeans_hamming,50,0.8,819,0.02373944393950605,0.0012957839901901812
LLVM,kmeans_random,5,0.8,819,0.02427965153196879,0.0019549158837564745
LLVM,kmeans_random,6,0.8,819,0.023620721303372037,0.0018759340893739298
LLVM,kmeans_random,7,0.8,819,0.023740586082812057,0.001708913496545411
LLVM,kmeans_random,8,0.8,819,0.024398688370631465,0.0012575933069935773
LLVM,kmeans_random,9,0.8,819,0.024174259204514395,0.00201931429372029
LLVM,kmeans_random,10,0.8,819,0.023906095405838268,0.00174373165599112
LLVM,kmeans_random,11,0.8,819,0.024145804436086344,0.0014054133629214395
LLVM,kmeans_random,12,0.8,819,0.023874851875835677,0.0014854469996307892
LLVM,kmeans_random,13,0.8,819,0.023844441322774544,0.0015122236591973619
LLVM,kmeans_random,14,0.8,819,0.024167509378739613,0.0012815636966822532
LLVM,kmeans_random,15,0.8,819,0.024314756259449576,0.001312658265802116
LLVM,kmeans_random,16,0.8,819,0.023882733258913703,0.001373853472836417
LLVM,kmeans_random,17,0.8,819,0.024100375886889427,0.0018630745208049377
LLVM,kmeans_random,18,0.8,819,0.023650767660272128,0.0013442914865526923
LLVM,kmeans_random,19,0.8,819,0.024306689809856695,0.001126910597315446
LLVM,kmeans_random,20,0.8,819,0.02395039410879902,0.0012304022153375783
LLVM,kmeans_random,21,0.8,819,0.023676860287876897,0.0014497176737160904
LLVM,kmeans_random,22,0.8,819,0.023632930523645672,0.0015303853580036673
LLVM,kmeans_random,23,0.8,819,0.024055459676632092,0.0016344338795772873
LLVM,kmeans_random,24,0.8,819,0.024031412232448594,0.0010654078931596098
LLVM,kmeans_random,25,0.8,819,0.023976080579234706,0.0016894289332812762
LLVM,kmeans_random,26,0.8,819,0.023814725395452166,0.0017250589807483064
LLVM,kmeans_random,27,0.8,819,0.02394144475197321,0.0014102477262891138
LLVM,kmeans_random,28,0.8,819,0.024087574643448347,0.0015503585323820626
LLVM,kmeans_random,29,0.8,819,0.024149561064579352,0.0014186367769856213
LLVM,kmeans_random,30,0.8,819,0.02366352440381047,0.0013395711920488967
LLVM,kmeans_random,31,0.8,819,0.024037064819698153,0.0015511553446927947
LLVM,kmeans_random,32,0.8,819,0.023966647117164022,0.0014550354259863611
LLVM,kmeans_random,33,0.8,819,0.02410640344464305,0.0014836609374730863
LLVM,kmeans_random,34,0.8,819,0.023512116534970515,0.0014442874653939233
LLVM,kmeans_random,35,0.8,819,0.024414249004573698,0.001532719364069416
LLVM,kmeans_random,36,0.8,819,0.023845641523008505,0.001641689580834542
LLVM,kmeans_random,37,0.8,819,0.024090766978011227,0.0014740617523870654
LLVM,kmeans_random,38,0.8,819,0.02411554192410276,0.0015062874165498773
LLVM,kmeans_random,39,0.8,819,0.02383174631814246,0.0013020836452265463
LLVM,kmeans_random,40,0.8,819,0.023756201564328994,0.0014571435833793283
LLVM,kmeans_random,41,0.8,819,0.02409980418579085,0.0016147536042383915
LLVM,kmeans_random,42,0.8,819,0.023570691027635125,0.0013898387751560112
LLVM,kmeans_random,43,0.8,819,0.024096855196185332,0.0018254320840807928
LLVM,kmeans_random,44,0.8,819,0.023478179152384735,0.0013730281320424168
LLVM,kmeans_random,45,0.8,819,0.023994389352395305,0.0014173069755597334
LLVM,kmeans_random,46,0.8,819,0.02388929330418955,0.0014021849419737374
LLVM,kmeans_random,47,0.8,819,0.02391224763345953,0.0014692556045235383
LLVM,kmeans_random,48,0.8,819,0.02378122531577824,0.0016093544816398206
LLVM,kmeans_random,49,0.8,819,0.02419510129921693,0.001347027947666093
LLVM,kmeans_random,50,0.8,819,0.024255328566077646,0.0012752250014756719
LLVM,random,,0.8,819,0.023763709837351307,0.0013116555112720862
LLVM,diversity,,0.9,922,0.014666090677649875,0.0
LLVM,kmeans_default,5,0.9,922,0.01868361625356175,0.005277042186462046
LLVM,kmeans_default,6,0.9,922,0.01790903268706673,0.004635157104612195
LLVM,kmeans_default,7,0.9,922,0.017611475141498325,0.0056034417502427315
LLVM,kmeans_default,8,0.9,922,0.02026290489837271,0.004854848600462624
LLVM,kmeans_default,9,0.9,922,0.01787872994131556,0.00405562575993602
LLVM,kmeans_default,10,0.9,922,0.018725019201852145,0.005254065480682555
LLVM,kmeans_default,11,0.9,922,0.017737351255214678,0.003055073431102675
LLVM,kmeans_default,12,0.9,922,0.017570177919189894,0.0031052087771632018
LLVM,kmeans_default,13,0.9,922,0.01887064057471311,0.0031082991966350864
LLVM,kmeans_default,14,0.9,922,0.018853041911894814,0.0023681840179948614
LLVM,kmeans_default,15,0.9,922,0.019145443510206275,0.002989325291984541
LLVM,kmeans_default,16,0.9,922,0.01896599950272087,0.002222139801916859
LLVM,kmeans_default,17,0.9,922,0.018704043159032957,0.001994028135792852
LLVM,kmeans_default,18,0.9,922,0.017890428467100466,0.0020980980120830725
LLVM,kmeans_default,19,0.9,922,0.019168774495664228,0.002453746639397077
LLVM,kmeans_default,20,0.9,922,0.018949966479479163,0.002493148949357088
LLVM,kmeans_default,21,0.9,922,0.01854754163566066,0.0026434628248580535
LLVM,kmeans_default,22,0.9,922,0.01856811480056155,0.0026275931158944053
LLVM,kmeans_default,23,0.9,922,0.019316014218642943,0.0030542763675990474
LLVM,kmeans_default,24,0.9,922,0.0195942518708499,0.0027421283693182695
LLVM,kmeans_default,25,0.9,922,0.01983925545228147,0.002917599989255984
LLVM,kmeans_default,26,0.9,922,0.01956515477957766,0.0021081217327045573
LLVM,kmeans_default,27,0.9,922,0.019447242156713847,0.0025388836038240663
LLVM,kmeans_default,28,0.9,922,0.01814842490643557,0.0018079233947514701
LLVM,kmeans_default,29,0.9,922,0.0191486797184697,0.002725788035230635
LLVM,kmeans_default,30,0.9,922,0.018889553095524262,0.002293280367145335
LLVM,kmeans_default,31,0.9,922,0.018969716883803434,0.002545926451384059
LLVM,kmeans_default,32,0.9,922,0.01890037383108878,0.0026837741358743837
LLVM,kmeans_default,33,0.9,922,0.019414673387646984,0.002853657222182737
LLVM,kmeans_default,34,0.9,922,0.01944029550294724,0.0025956318121139778
LLVM,kmeans_default,35,0.9,922,0.02012430004729323,0.0018572349228221144
LLVM,kmeans_default,36,0.9,922,0.019666865411290042,0.002608358981450964
LLVM,kmeans_default,37,0.9,922,0.019819288218578257,0.002352286930068977
LLVM,kmeans_default,38,0.9,922,0.01950450575849845,0.0025412854463748246
LLVM,kmeans_default,39,0.9,922,0.02052627408246171,0.0027803250355095876
LLVM,kmeans_default,40,0.9,922,0.019217870817574957,0.002363285626474901
LLVM,kmeans_default,41,0.9,922,0.020646079547319972,0.0016439926718091198
LLVM,kmeans_default,42,0.9,922,0.020578407443846747,0.0027630541596606784
LLVM,kmeans_default,43,0.9,922,0.020082373379431005,0.002114965303031309
LLVM,kmeans_default,44,0.9,922,0.020098537996441353,0.002088123511500382
LLVM,kmeans_default,45,0.9,922,0.020089191120894297,0.002479533420839879
LLVM,kmeans_default,46,0.9,922,0.019951374854680362,0.0022888117933167022
LLVM,kmeans_default,47,0.9,922,0.020504624597239448,0.002421655093107671
LLVM,kmeans_default,48,0.9,922,0.020185855261903626,0.0024610061673569533
LLVM,kmeans_default,49,0.9,922,0.021100575041654766,0.0029848430441771017
LLVM,kmeans_default,50,0.9,922,0.02015748893876145,0.0028448198357711374
LLVM,kmeans_hamming,5,0.9,922,0.024375638599067002,0.002527345230815085
LLVM,kmeans_hamming,6,0.9,922,0.02385640449438932,0.003450401075993848
LLVM,kmeans_hamming,7,0.9,922,0.023529890821744105,0.003326419862565014
LLVM,kmeans_hamming,8,0.9,922,0.024255368117038986,0.002504756399317661
LLVM,kmeans_hamming,9,0.9,922,0.023599878177833707,0.00275793643373105
LLVM,kmeans_hamming,10,0.9,922,0.024781016019235474,0.0023293506760494217
LLVM,kmeans_hamming,11,0.9,922,0.023998314902743074,0.002857149854248761
LLVM,kmeans_hamming,12,0.9,922,0.024211522738861884,0.002405896247331842
LLVM,kmeans_hamming,13,0.9,922,0.023307674777044384,0.003158537767880822
LLVM,kmeans_hamming,14,0.9,922,0.023650036971913594,0.0023561734548005727
LLVM,kmeans_hamming,15,0.9,922,0.02463626627608552,0.0019783736253501582
LLVM,kmeans_hamming,16,0.9,922,0.024253537644611366,0.002920985874956751
LLVM,kmeans_hamming,17,0.9,922,0.023730819331414795,0.0024801257082138813
LLVM,kmeans_hamming,18,0.9,922,0.024135335231425734,0.0021492068547552643
LLVM,kmeans_hamming,19,0.9,922,0.024004237073233996,0.0017181644384374833
LLVM,kmeans_hamming,20,0.9,922,0.024494635817699218,0.0020459619199935273
LLVM,kmeans_hamming,21,0.9,922,0.023647736304698342,0.0023047746214174642
LLVM,kmeans_hamming,22,0.9,922,0.024126751528639922,0.002939309617349684
LLVM,kmeans_hamming,23,0.9,922,0.02440591772895578,0.0027631884249054847
LLVM,kmeans_hamming,24,0.9,922,0.024631088877770557,0.0021748084876359822
LLVM,kmeans_hamming,25,0.9,922,0.02397950375215098,0.0023217819591500656
LLVM,kmeans_hamming,26,0.9,922,0.023556371850564695,0.002711112533723124
LLVM,kmeans_hamming,27,0.9,922,0.023528176550523718,0.0025329228913549195
LLVM,kmeans_hamming,28,0.9,922,0.024218615121841723,0.002357182696297624
LLVM,kmeans_hamming,29,0.9,922,0.024820787761587214,0.0022104177699952482
LLVM,kmeans_hamming,30,0.9,922,0.023324191982804297,0.002101026088377965
LLVM,kmeans_hamming,31,0.9,922,0.024339303782376656,0.002104493165252285
LLVM,kmeans_hamming,32,0.9,922,0.023048014032218025,0.0023462717209903764
LLVM,kmeans_hamming,33,0.9,922,0.02418978879151814,0.0023334034956018577
LLVM,kmeans_hamming,34,0.9,922,0.023880860671199395,0.002912012356054776
LLVM,kmeans_hamming,35,0.9,922,0.02436304317016834,0.0025216069788240127
LLVM,kmeans_hamming,36,0.9,922,0.024455283867274944,0.0019789718871023074
LLVM,kmeans_hamming,37,0.9,922,0.023805498203952412,0.0029316136072973504
LLVM,kmeans_hamming,38,0.9,922,0.024212596574174714,0.002836166594343813
LLVM,kmeans_hamming,39,0.9,922,0.023929015988692327,0.002929164971737599
LLVM,kmeans_hamming,40,0.9,922,0.02314270754453139,0.0025920515895629503
LLVM,kmeans_hamming,41,0.9,922,0.023536819854486114,0.0024176979203401707
LLVM,kmeans_hamming,42,0.9,922,0.023589190502273028,0.0023233841891167695
LLVM,kmeans_hamming,43,0.9,922,0.02409313069058859,0.0031361206996739182
LLVM,kmeans_hamming,44,0.9,922,0.02345003402691786,0.0017885795897559073
LLVM,kmeans_hamming,45,0.9,922,0.024174399741876084,0.0025127407186761055
LLVM,kmeans_hamming,46,0.9,922,0.023049896195745972,0.002538255715247616
LLVM,kmeans_hamming,47,0.9,922,0.024683276492745678,0.002510090905944297
LLVM,kmeans_hamming,48,0.9,922,0.024238277549999177,0.002528045117829902
LLVM,kmeans_hamming,49,0.9,922,0.023531272873475777,0.00222759348041305
LLVM,kmeans_hamming,50,0.9,922,0.023781660725630496,0.002522705928596335
LLVM,kmeans_random,5,0.9,922,0.0244935424627428,0.003177109751487859
LLVM,kmeans_random,6,0.9,922,0.023470156092362755,0.0027459256736143147
LLVM,kmeans_random,7,0.9,922,0.023092221644058927,0.002720077754689411
LLVM,kmeans_random,8,0.9,922,0.024331359342442283,0.0021149877369620045
LLVM,kmeans_random,9,0.9,922,0.0232805422472319,0.0026840123930269204
LLVM,kmeans_random,10,0.9,922,0.023924949164068735,0.003030159668760391
LLVM,kmeans_random,11,0.9,922,0.02420389190942115,0.002364852673966722
LLVM,kmeans_random,12,0.9,922,0.024055093805441855,0.0028682909001292497
LLVM,kmeans_random,13,0.9,922,0.023492969281775317,0.0027373686154110104
LLVM,kmeans_random,14,0.9,922,0.02414718505826621,0.0021151617382432777
LLVM,kmeans_random,15,0.9,922,0.024768730189549,0.0023482584799921955
LLVM,kmeans_random,16,0.9,922,0.02360801107986352,0.003017482627030579
LLVM,kmeans_random,17,0.9,922,0.02422648552995191,0.002559808049615247
LLVM,kmeans_random,18,0.9,922,0.023210153433445513,0.002309433810969666
LLVM,kmeans_random,19,0.9,922,0.02442207426471217,0.002216783127598214
LLVM,kmeans_random,20,0.9,922,0.0242928340520656,0.0021530161423495243
LLVM,kmeans_random,21,0.9,922,0.023518649341092754,0.0023169684154357314
LLVM,kmeans_random,22,0.9,922,0.02379627013172192,0.002579855805018112
LLVM,kmeans_random,23,0.9,922,0.023695812610334103,0.0027862578084800545
LLVM,kmeans_random,24,0.9,922,0.024404942781560836,0.0021386233552104796
LLVM,kmeans_random,25,0.9,922,0.02361066190407962,0.002525378968311144
LLVM,kmeans_random,26,0.9,922,0.023731051613009854,0.0032447735233244093
LLVM,kmeans_random,27,0.9,922,0.024316203057172373,0.001850340235436971
LLVM,kmeans_random,28,0.9,922,0.024331197034070415,0.002635122116463197
LLVM,kmeans_random,29,0.9,922,0.024243947100447014,0.002420250552008407
LLVM,kmeans_random,30,0.9,922,0.02349733554178124,0.002223338113201794
LLVM,kmeans_random,31,0.9,922,0.02441059920027671,0.002501068405915515
LLVM,kmeans_random,32,0.9,922,0.02394202681662737,0.0025696250900521527
LLVM,kmeans_random,33,0.9,922,0.024121071938277505,0.002648659229404155
LLVM,kmeans_random,34,0.9,922,0.023566101266231414,0.002434630272258496
LLVM,kmeans_random,35,0.9,922,0.025043194754533277,0.0025699451267798806
LLVM,kmeans_random,36,0.9,922,0.023491225366616308,0.0022914278023211288
LLVM,kmeans_random,37,0.9,922,0.02401568229028151,0.0023278048739729614
LLVM,kmeans_random,38,0.9,922,0.024142239996901994,0.002708213442031529
LLVM,kmeans_random,39,0.9,922,0.023963821103943635,0.0018549804987753103
LLVM,kmeans_random,40,0.9,922,0.02370109528689577,0.0022221879808717077
LLVM,kmeans_random,41,0.9,922,0.024154730785866132,0.002727785113849461
LLVM,kmeans_random,42,0.9,922,0.02334831810348688,0.0020702238735147488
LLVM,kmeans_random,43,0.9,922,0.024862268915587616,0.0030020573769268108
LLVM,kmeans_random,44,0.9,922,0.023432697980846115,0.0024784725817986967
LLVM,kmeans_random,45,0.9,922,0.02425995738833938,0.0023752043856332737
LLVM,kmeans_random,46,0.9,922,0.023702359558601126,0.002319090720247767
LLVM,kmeans_random,47,0.9,922,0.023782123914439804,0.0024485967934400727
LLVM,kmeans_random,48,0.9,922,0.024121608148046526,0.002706152153215944
LLVM,kmeans_random,49,0.9,922,0.02395634582927408,0.0021746962305583574
LLVM,kmeans_random,50,0.9,922,0.023945063561937836,0.0018087036732805258
LLVM,random,,0.9,922,0.023441525987230302,0.00256825235148383
LLVM,diversity,,1.0,1023,0.0006958433040546449,0.0
LLVM,kmeans_default,5,1.0,1023,0.017872945171480817,0.018924805029150032
LLVM,kmeans_default,6,1.0,1023,0.014428509958528004,0.01636878410578887
LLVM,kmeans_default,7,1.0,1023,0.021388865036367336,0.018804399227552736
LLVM,kmeans_default,8,1.0,1023,0.018500087935438402,0.021650649808029658
LLVM,kmeans_default,9,1.0,1023,0.022375302709427114,0.020249780126271204
LLVM,kmeans_default,10,1.0,1023,0.018650946606667093,0.017397323890916732
LLVM,kmeans_default,11,1.0,1023,0.015596199460099932,0.017576130220979334
LLVM,kmeans_default,12,1.0,1023,0.01596096573451903,0.015602718624105777
LLVM,kmeans_default,13,1.0,1023,0.01254093602182816,0.01481649868492876
LLVM,kmeans_default,14,1.0,1023,0.015859196541601346,0.017696763779087073
LLVM,kmeans_default,15,1.0,1023,0.017033138982921667,0.016285654783636295
LLVM,kmeans_default,16,1.0,1023,0.018806830993538467,0.018545633692859043
LLVM,kmeans_default,17,1.0,1023,0.01967551710775235,0.019726231164060158
LLVM,kmeans_default,18,1.0,1023,0.012962898734004302,0.014988066807738103
LLVM,kmeans_default,19,1.0,1023,0.01882467798415646,0.018790520456536022
LLVM,kmeans_default,20,1.0,1023,0.00921075237406644,0.00944012944955313
LLVM,kmeans_default,21,1.0,1023,0.019340297585578505,0.017892742166692045
LLVM,kmeans_default,22,1.0,1023,0.015985881134331355,0.017208322940226492
LLVM,kmeans_default,23,1.0,1023,0.01615005690682075,0.015718012601632903
LLVM,kmeans_default,24,1.0,1023,0.015528136476137567,0.015466387097183327
LLVM,kmeans_default,25,1.0,1023,0.013250375233353472,0.013881068341350283
LLVM,kmeans_default,26,1.0,1023,0.016013038833549792,0.01809220241663974
LLVM,kmeans_default,27,1.0,1023,0.013003802933931798,0.012183717798972699
LLVM,kmeans_default,28,1.0,1023,0.01948624816078685,0.018709342559078575
LLVM,kmeans_default,29,1.0,1023,0.013489098042853998,0.014955793848218258
LLVM,kmeans_default,30,1.0,1023,0.012161202473683092,0.010973941705554557
LLVM,kmeans_default,31,1.0,1023,0.016583758595142446,0.017440579002696837
LLVM,kmeans_default,32,1.0,1023,0.01482762310813052,0.016580978269931965
LLVM,kmeans_default,33,1.0,1023,0.016275864637883077,0.01949511364649637
LLVM,kmeans_default,34,1.0,1023,0.016451863523127795,0.01510921283179091
LLVM,kmeans_default,35,1.0,1023,0.01955631035480504,0.016349268224833104
LLVM,kmeans_default,36,1.0,1023,0.010732992573069455,0.014885043541100857
LLVM,kmeans_default,37,1.0,1023,0.015392266346213298,0.013588909911078657
LLVM,kmeans_default,38,1.0,1023,0.014943674878266528,0.015337269567883265
LLVM,kmeans_default,39,1.0,1023,0.015209153694390437,0.0179475292377826
LLVM,kmeans_default,40,1.0,1023,0.01703403982160376,0.016566971200028983
LLVM,kmeans_default,41,1.0,1023,0.018251410019569248,0.015377184194501846
LLVM,kmeans_default,42,1.0,1023,0.012269260450286916,0.014792835691547105
LLVM,kmeans_default,43,1.0,1023,0.01654027996092578,0.01581143466038967
LLVM,kmeans_default,44,1.0,1023,0.016852402151258345,0.020052230226433116
LLVM,kmeans_default,45,1.0,1023,0.012342550699406218,0.01064914939701945
LLVM,kmeans_default,46,1.0,1023,0.01225735605853704,0.012785876097915835
LLVM,kmeans_default,47,1.0,1023,0.01258312392860352,0.016304065350345544
LLVM,kmeans_default,48,1.0,1023,0.015989589725125698,0.017920687054974536
LLVM,kmeans_default,49,1.0,1023,0.012449680912693242,0.011388296293952882
LLVM,kmeans_default,50,1.0,1023,0.012601997586325865,0.014975613441371001
LLVM,kmeans_hamming,5,1.0,1023,0.026929242843209477,0.027709580050024236
LLVM,kmeans_hamming,6,1.0,1023,0.02133278500435028,0.021602219366663435
LLVM,kmeans_hamming,7,1.0,1023,0.026513835114022628,0.02617760321676442
LLVM,kmeans_hamming,8,1.0,1023,0.027770030980097005,0.020611130747070685
LLVM,kmeans_hamming,9,1.0,1023,0.022369018573961404,0.02446458463073806
LLVM,kmeans_hamming,10,1.0,1023,0.02683416692725548,0.02708605701513514
LLVM,kmeans_hamming,11,1.0,1023,0.020462391115474585,0.015512117103501583
LLVM,kmeans_hamming,12,1.0,1023,0.01918560879690683,0.018641434900973464
LLVM,kmeans_hamming,13,1.0,1023,0.024499991428538516,0.024184387851163513
LLVM,kmeans_hamming,14,1.0,1023,0.022702470533526996,0.021025497588148964
LLVM,kmeans_hamming,15,1.0,1023,0.02845699432270012,0.028431136799367207
LLVM,kmeans_hamming,16,1.0,1023,0.030031076477645732,0.024899014075956207
LLVM,kmeans_hamming,17,1.0,1023,0.023134737390466086,0.018008115617848347
LLVM,kmeans_hamming,18,1.0,1023,0.02317422109626932,0.023498804182829743
LLVM,kmeans_hamming,19,1.0,1023,0.020123985397541046,0.018174316779248093
LLVM,kmeans_hamming,20,1.0,1023,0.02338486811050844,0.022185819412323095
LLVM,kmeans_hamming,21,1.0,1023,0.027044716920403177,0.02045227287478534
LLVM,kmeans_hamming,22,1.0,1023,0.018411982371607707,0.013440316711690893
LLVM,kmeans_hamming,23,1.0,1023,0.0299787038157462,0.029420640732371595
LLVM,kmeans_hamming,24,1.0,1023,0.02157942444344167,0.021116007364984413
LLVM,kmeans_hamming,25,1.0,1023,0.02538475736256736,0.02304325740775946
LLVM,kmeans_hamming,26,1.0,1023,0.023660426232850328,0.023688411141303038
LLVM,kmeans_hamming,27,1.0,1023,0.025446473943345174,0.028188310546448977
LLVM,kmeans_hamming,28,1.0,1023,0.026171515796144355,0.022544586099213188
LLVM,kmeans_hamming,29,1.0,1023,0.029476782065307374,0.02361413714337733
LLVM,kmeans_hamming,30,1.0,1023,0.02996689974259515,0.029633414173761898
LLVM,kmeans_hamming,31,1.0,1023,0.016943817830982453,0.01779605734186892
LLVM,kmeans_hamming,32,1.0,1023,0.024984439029483337,0.026200066696122994
LLVM,kmeans_hamming,33,1.0,1023,0.028328374171355027,0.028487093502962267
LLVM,kmeans_hamming,34,1.0,1023,0.020233723261674316,0.017564722594939002
LLVM,kmeans_hamming,35,1.0,1023,0.028407574404685398,0.0279182434078922
LLVM,kmeans_hamming,36,1.0,1023,0.027933229811709592,0.023433798769310708
LLVM,kmeans_hamming,37,1.0,1023,0.01906527754960833,0.018833182499529727
LLVM,kmeans_hamming,38,1.0,1023,0.020439842296210504,0.019647172282024932
LLVM,kmeans_hamming,39,1.0,1023,0.02006215869689443,0.0174855692199042
LLVM,kmeans_hamming,40,1.0,1023,0.024318059574951287,0.021253325069680487
LLVM,kmeans_hamming,41,1.0,1023,0.025732749715818477,0.027552144389403038
LLVM,kmeans_hamming,42,1.0,1023,0.024014632490724434,0.020441732825295874
LLVM,kmeans_hamming,43,1.0,1023,0.02767538596770871,0.02135791076349109
LLVM,kmeans_hamming,44,1.0,1023,0.02003694377258513,0.02058368950486842
LLVM,kmeans_hamming,45,1.0,1023,0.020961696209805133,0.02491790315448764
LLVM,kmeans_hamming,46,1.0,1023,0.020723221211090784,0.018936887334008577
LLVM,kmeans_hamming,47,1.0,1023,0.03201855054310073,0.03103785260531588
LLVM,kmeans_hamming,48,1.0,1023,0.023954305390810712,0.02137195185140776
LLVM,kmeans_hamming,49,1.0,1023,0.025016721596851386,0.024429118677279704
LLVM,kmeans_hamming,50,1.0,1023,0.020799070294577095,0.021620344721121305
LLVM,kmeans_random,5,1.0,1023,0.020760526917064172,0.019441588266431577
LLVM,kmeans_random,6,1.0,1023,0.02125092482541297,0.019650286329589674
LLVM,kmeans_random,7,1.0,1023,0.020707523935647527,0.01592763009121334
LLVM,kmeans_random,8,1.0,1023,0.031988962791835794,0.024667224572914984
LLVM,kmeans_random,9,1.0,1023,0.02694024118967971,0.02818231314861456
LLVM,kmeans_random,10,1.0,1023,0.027319411414248724,0.025266230185626813
LLVM,kmeans_random,11,1.0,1023,0.029699856572733038,0.02583874913156318
LLVM,kmeans_random,12,1.0,1023,0.02507924478570222,0.024166029179855462
LLVM,kmeans_random,13,1.0,1023,0.023487776460641437,0.017008640658682565
LLVM,kmeans_random,14,1.0,1023,0.03319042734561932,0.030107497919556376
LLVM,kmeans_random,15,1.0,1023,0.030053025896814887,0.02764129286431477
LLVM,kmeans_random,16,1.0,1023,0.023063034758620895,0.017951962072177648
LLVM,kmeans_random,17,1.0,1023,0.021236613320805967,0.024663812314295968
LLVM,kmeans_random,18,1.0,1023,0.02704258186575503,0.024595647036900425
LLVM,kmeans_random,19,1.0,1023,0.021309445425488276,0.019966361883071545
LLVM,kmeans_random,20,1.0,1023,0.02334843045652845,0.019721478570323664
LLVM,kmeans_random,21,1.0,1023,0.02311315764265054,0.025733234735069974
LLVM,kmeans_random,22,1.0,1023,0.0173086208796312,0.013855552130488481
LLVM,kmeans_random,23,1.0,1023,0.02529583907165683,0.028561899719624386
LLVM,kmeans_random,24,1.0,1023,0.020219470607383407,0.018918755345439155
LLVM,kmeans_random,25,1.0,1023,0.025340366842591035,0.02468649394055692
LLVM,kmeans_random,26,1.0,1023,0.02527655742212859,0.017553707861060124
LLVM,kmeans_random,27,1.0,1023,0.026284937808545183,0.022452133677492585
LLVM,kmeans_random,28,1.0,1023,0.02186650328162659,0.022365012492179547
LLVM,kmeans_random,29,1.0,1023,0.027454516894553704,0.019667977722036028
LLVM,kmeans_random,30,1.0,1023,0.029637467164151863,0.02929809556913562
LLVM,kmeans_random,31,1.0,1023,0.025247555077578508,0.023258225021325678
LLVM,kmeans_random,32,1.0,1023,0.024468474321108154,0.022676243354156123
LLVM,kmeans_random,33,1.0,1023,0.023891165818422665,0.025141010513388105
LLVM,kmeans_random,34,1.0,1023,0.024854871718285588,0.023754648434263108
LLVM,kmeans_random,35,1.0,1023,0.02191135425719566,0.029490818098622845
LLVM,kmeans_random,36,1.0,1023,0.017536128596617566,0.012177224835690337
LLVM,kmeans_random,37,1.0,1023,0.021717137520037625,0.0224835546101395
LLVM,kmeans_random,38,1.0,1023,0.01842900296777591,0.015928989106276825
LLVM,kmeans_random,39,1.0,1023,0.022140118783050118,0.02349953872979516
LLVM,kmeans_random,40,1.0,1023,0.02575476125554661,0.025523646142087967
LLVM,kmeans_random,41,1.0,1023,0.025085010031663402,0.02901010240082987
LLVM,kmeans_random,42,1.0,1023,0.024845173060790017,0.016965093531008467
LLVM,kmeans_random,43,1.0,1023,0.024764884932666723,0.02824257962991741
LLVM,kmeans_random,44,1.0,1023,0.020462600887616273,0.016736250018173016
LLVM,kmeans_random,45,1.0,1023,0.022838317504539966,0.02092899090730796
LLVM,kmeans_random,46,1.0,1023,0.020009211781626807,0.015143744557972709
LLVM,kmeans_random,47,1.0,1023,0.025135442823088012,0.023985763125003823
LLVM,kmeans_random,48,1.0,1023,0.021315337656948704,0.018255801698037304
LLVM,kmeans_random,49,1.0,1023,0.023050567471674346,0.016336124673161354
LLVM,kmeans_random,50,1.0,1023,0.022256885255596433,0.024438459875739553
LLVM,random,,1.0,1023,0.021254988406326378,0.018728140679970057
